{
"type": "FeatureCollection",
"name": "india_states",
"crs": { "type": "name", "properties": { "name": "urn:ogc:def:crs:OGC:1.3:CRS84" } },
"features": [
{ "type": "Feature", "properties": { "state": "Andaman And Nicobar Islands" }, "geometry": { "type": "MultiPolygon", "coordinates": [ [ [ [ 92.80163, 9.11969 ], [ 92.73255, 9.12389 ], [ 92.71863, 9.15305 ], [ 92.72444, 9.2177 ], [ 92.76424, 9.21433 ], [ 92.77966, 9.25231 ], [ 92.81832, 9.21364 ], [ 92.82877, 9.13977 ], [ 92.80163, 9.11969 ] ] ], [ [ [ 92.59818, 10.67742 ], [ 92.55383, 10.63915 ], [ 92.5443, 10.59314 ], [ 92.56818, 10.57594 ], [ 92.53107, 10.51615 ], [ 92.49976, 10.50842 ], [ 92.43266, 10.5482 ], [ 92.38052, 10.53799 ], [ 92.41969, 10.61427 ], [ 92.38268, 10.67518 ], [ 92.38088, 10.76229 ], [ 92.46238, 10.86345 ], [ 92.51939, 10.89962 ], [ 92.56036, 10.86159 ], [ 92.56162, 10.81279 ], [ 92.58341, 10.75959 ], [ 92.59818, 10.67742 ] ] ], [ [ [ 92.59889, 11.34717 ], [ 92.58707, 11.40018 ], [ 92.62431, 11.40761 ], [ 92.61148, 11.45879 ], [ 92.63669, 11.51523 ], [ 92.67704, 11.4711 ], [ 92.68483, 11.43312 ], [ 92.66452, 11.35727 ], [ 92.59889, 11.34717 ] ] ], [ [ [ 92.2158, 11.59437 ], [ 92.2701, 11.58458 ], [ 92.27459, 11.53602 ], [ 92.2147, 11.52961 ], [ 92.2158, 11.59437 ] ] ], [ [ [ 92.75779, 12.06517 ], [ 92.7338, 12.02431 ], [ 92.75562, 11.98772 ], [ 92.71536, 11.95138 ], [ 92.78751, 11.91875 ], [ 92.7861, 11.86525 ], [ 92.75446, 11.71775 ], [ 92.70374, 11.6834 ], [ 92.67405, 11.62446 ], [ 92.69774, 11.61547 ], [ 92.71548, 11.67727 ], [ 92.75641, 11.66493 ], [ 92.72717, 11.51701 ], [ 92.67099, 11.50374 ], [ 92.60564, 11.60843 ], [ 92.58831, 11.7169 ], [ 92.55404, 11.71954 ], [ 92.5596, 11.77022 ], [ 92.54196, 11.83528 ], [ 92.51379, 11.84716 ], [ 92.54319, 11.92345 ], [ 92.57953, 11.92535 ], [ 92.61125, 11.87249 ], [ 92.61356, 12.00861 ], [ 92.62434, 12.10235 ], [ 92.64564, 12.17672 ], [ 92.6972, 12.23937 ], [ 92.723083, 12.200438 ], [ 92.731, 12.24194 ], [ 92.746605, 12.235608 ], [ 92.74207, 12.24541 ], [ 92.7916, 12.30393 ], [ 92.8255, 12.30396 ], [ 92.826359, 12.30386 ], [ 92.7715, 12.31705 ], [ 92.71986, 12.30371 ], [ 92.70086, 12.33311 ], [ 92.69875, 12.42576 ], [ 92.7087, 12.49262 ], [ 92.69417, 12.51539 ], [ 92.70179, 12.6002 ], [ 92.74389, 12.66781 ], [ 92.73882, 12.73835 ], [ 92.72091, 12.7888 ], [ 92.73403, 12.82369 ], [ 92.77768, 12.86405 ], [ 92.82127, 13.00578 ], [ 92.78823, 13.01929 ], [ 92.82351, 13.13361 ], [ 92.81348, 13.16809 ], [ 92.82527, 13.23822 ], [ 92.82067, 13.30953 ], [ 92.83433, 13.3752 ], [ 92.87038, 13.40494 ], [ 92.87911, 13.47571 ], [ 92.93054, 13.50204 ], [ 92.91371, 13.52934 ], [ 93.02911, 13.57474 ], [ 93.0449, 13.52857 ], [ 93.03551, 13.46994 ], [ 93.03709, 13.37433 ], [ 93.00209, 13.31522 ], [ 93.05699, 13.25615 ], [ 93.03201, 13.17857 ], [ 93.03468, 13.08231 ], [ 93.02038, 13.04982 ], [ 92.96375, 13.01709 ], [ 92.91556, 13.05498 ], [ 92.90739, 12.98559 ], [ 92.87439, 12.96453 ], [ 92.88621, 12.89347 ], [ 92.92678, 12.8857 ], [ 92.96853, 12.73989 ], [ 92.95602, 12.6015 ], [ 92.97537, 12.54374 ], [ 92.93052, 12.47549 ], [ 92.91502, 12.41262 ], [ 92.86511, 12.42633 ], [ 92.83799, 12.3971 ], [ 92.88529, 12.35464 ], [ 92.8811, 12.3185 ], [ 92.834022, 12.302972 ], [ 92.87051, 12.29874 ], [ 92.8588, 12.2452 ], [ 92.87122, 12.19711 ], [ 92.84808, 12.16163 ], [ 92.80134, 12.13099 ], [ 92.78636, 12.08002 ], [ 92.73923, 12.09757 ], [ 92.76828, 12.18876 ], [ 92.763165, 12.199817 ], [ 92.76373, 12.18161 ], [ 92.728654, 12.192059 ], [ 92.75508, 12.15231 ], [ 92.73497, 12.1034 ], [ 92.75779, 12.06517 ] ] ], [ [ [ 92.93088, 12.00513 ], [ 92.96963, 12.03015 ], [ 93.00706, 12.00045 ], [ 93.05394, 11.90359 ], [ 92.97506, 11.94813 ], [ 92.93088, 12.00513 ] ] ], [ [ [ 92.64811, 12.86187 ], [ 92.66475, 12.88148 ], [ 92.69526, 12.99237 ], [ 92.72018, 12.97849 ], [ 92.7198, 12.87438 ], [ 92.66635, 12.80658 ], [ 92.64811, 12.86187 ] ] ], [ [ [ 93.93586, 6.96253 ], [ 93.89619, 6.90288 ], [ 93.89539, 6.84079 ], [ 93.82089, 6.81472 ], [ 93.76312, 6.92085 ], [ 93.75432, 6.95581 ], [ 93.67468, 7.01971 ], [ 93.65966, 7.11325 ], [ 93.68561, 7.18928 ], [ 93.73894, 7.19041 ], [ 93.84419, 7.22173 ], [ 93.88338, 7.18826 ], [ 93.88762, 7.08365 ], [ 93.90193, 7.07613 ], [ 93.93586, 6.96253 ] ] ], [ [ [ 93.62907, 7.26907 ], [ 93.63313, 7.37032 ], [ 93.70746, 7.3936 ], [ 93.71212, 7.44297 ], [ 93.72097, 7.4022 ], [ 93.75438, 7.37606 ], [ 93.72474, 7.30988 ], [ 93.62907, 7.26907 ] ] ], [ [ [ 93.34726, 7.89629 ], [ 93.31081, 7.95352 ], [ 93.33091, 8.00963 ], [ 93.37453, 8.02682 ], [ 93.40157, 8.00889 ], [ 93.40455, 7.97304 ], [ 93.46175, 7.93513 ], [ 93.37786, 7.88297 ], [ 93.34726, 7.89629 ] ] ], [ [ [ 93.54715, 8.02636 ], [ 93.57955, 7.99571 ], [ 93.57305, 7.93047 ], [ 93.50775, 7.98426 ], [ 93.54715, 8.02636 ] ] ], [ [ [ 93.49092, 8.06295 ], [ 93.45934, 8.12453 ], [ 93.45645, 8.1735 ], [ 93.52127, 8.23294 ], [ 93.53661, 8.18351 ], [ 93.50102, 8.14682 ], [ 93.52408, 8.08407 ], [ 93.49092, 8.06295 ] ] ], [ [ [ 93.08694, 8.27111 ], [ 93.09424, 8.33576 ], [ 93.12768, 8.35441 ], [ 93.12503, 8.28088 ], [ 93.1537, 8.24258 ], [ 93.12083, 8.22385 ], [ 93.08694, 8.27111 ] ] ], [ [ [ 93.08254, 12.19667 ], [ 93.09173, 12.10409 ], [ 93.07166, 12.08571 ], [ 93.03745, 12.13655 ], [ 93.08254, 12.19667 ] ] ] ] } },
{ "type": "Feature", "properties": { "state": "Andhra Pradesh" }, "geometry": { "type": "Polygon", "coordinates": [ [ [ 80.10835, 14.75154 ], [ 80.1412, 14.71146 ], [ 80.16377, 14.62815 ], [ 80.19506, 14.57665 ], [ 80.17943, 14.50129 ], [ 80.16848, 14.35141 ], [ 80.14528, 14.29245 ], [ 80.12733, 14.17341 ], [ 80.14672, 14.043 ], [ 80.24353, 13.81858 ], [ 80.25322, 13.78086 ], [ 80.23398, 13.65604 ], [ 80.26847, 13.56335 ], [ 80.24211, 13.46904 ], [ 80.1136, 13.50916 ], [ 80.08559, 13.54802 ], [ 80.04233, 13.53762 ], [ 80.04698, 13.57649 ], [ 79.97361, 13.64736 ], [ 79.97492, 13.689 ], [ 79.94956, 13.70871 ], [ 79.87188, 13.70858 ], [ 79.8533, 13.76815 ], [ 79.813, 13.79698 ], [ 79.76267, 13.80895 ], [ 79.73063, 13.86796 ], [ 79.73189, 13.90237 ], [ 79.68226, 13.92388 ], [ 79.67086, 13.83552 ], [ 79.63519, 13.84406 ], [ 79.62294, 13.88571 ], [ 79.58947, 13.91963 ], [ 79.4816, 13.91082 ], [ 79.45685, 13.92159 ], [ 79.4556, 13.98459 ], [ 79.43656, 14.03485 ], [ 79.38583, 14.04997 ], [ 79.38458, 13.95482 ], [ 79.42902, 13.95011 ], [ 79.40949, 13.89782 ], [ 79.42791, 13.84598 ], [ 79.38938, 13.75996 ], [ 79.31173, 13.72445 ], [ 79.29549, 13.75837 ], [ 79.22751, 13.75765 ], [ 79.21866, 13.8108 ], [ 79.15101, 13.86096 ], [ 79.10147, 13.84922 ], [ 79.08134, 13.87858 ], [ 79.03115, 13.88796 ], [ 78.8831, 13.89805 ], [ 78.80012, 13.87982 ], [ 78.76722, 13.83026 ], [ 78.72463, 13.8872 ], [ 78.5889, 13.91168 ], [ 78.5991, 13.95909 ], [ 78.54647, 13.99122 ], [ 78.49218, 13.94035 ], [ 78.47166, 13.99383 ], [ 78.44364, 14.02388 ], [ 78.44767, 14.08242 ], [ 78.46563, 14.11402 ], [ 78.41057, 14.20872 ], [ 78.42627, 14.28035 ], [ 78.30213, 14.30799 ], [ 78.15187, 14.37476 ], [ 77.99708, 14.50209 ], [ 77.98806, 14.54153 ], [ 78.04772, 14.5396 ], [ 78.0981, 14.62638 ], [ 78.12826, 14.62584 ], [ 78.14469, 14.6853 ], [ 78.11776, 14.69536 ], [ 78.05683, 14.77778 ], [ 78.11744, 14.85691 ], [ 78.10027, 14.87379 ], [ 78.11942, 14.92821 ], [ 78.14482, 14.94627 ], [ 78.12608, 14.96716 ], [ 78.04613, 15.00105 ], [ 78.01439, 15.05864 ], [ 78.02585, 15.11522 ], [ 77.94739, 15.16044 ], [ 77.88892, 15.1761 ], [ 77.87676, 15.13492 ], [ 77.81932, 15.14125 ], [ 77.79419, 15.10475 ], [ 77.75165, 15.12881 ], [ 77.73251, 15.16991 ], [ 77.66295, 15.23267 ], [ 77.58276, 15.18886 ], [ 77.52732, 15.22382 ], [ 77.48482, 15.20899 ], [ 77.45334, 15.22091 ], [ 77.3665, 15.22224 ], [ 77.35261, 15.17675 ], [ 77.32147, 15.17635 ], [ 77.29448, 15.13133 ], [ 77.19815, 15.15943 ], [ 77.15824, 15.13801 ], [ 77.16996, 15.17483 ], [ 77.14674, 15.22439 ], [ 77.15322, 15.29185 ], [ 77.11485, 15.33336 ], [ 77.074, 15.32555 ], [ 77.04297, 15.36472 ], [ 77.03223, 15.44101 ], [ 76.97974, 15.48803 ], [ 77.03137, 15.50574 ], [ 77.03175, 15.63495 ], [ 77.08621, 15.65848 ], [ 77.08067, 15.69644 ], [ 77.05183, 15.73052 ], [ 77.06846, 15.82855 ], [ 77.02877, 15.83474 ], [ 77.08131, 15.91504 ], [ 77.1481, 15.94595 ], [ 77.25377, 15.96212 ], [ 77.43314, 15.94758 ], [ 77.51504, 15.92674 ], [ 77.59422, 15.913 ], [ 77.68955, 15.88008 ], [ 77.72221, 15.8928 ], [ 77.80548, 15.8717 ], [ 77.89414, 15.90239 ], [ 78.00861, 15.86592 ], [ 78.04629, 15.90515 ], [ 78.07055, 15.85138 ], [ 78.10811, 15.83481 ], [ 78.17174, 15.85595 ], [ 78.20373, 15.91916 ], [ 78.25001, 15.944 ], [ 78.26578, 16.01195 ], [ 78.27524, 16.0416 ], [ 78.3234, 16.03607 ], [ 78.41296, 16.08794 ], [ 78.45839, 16.08809 ], [ 78.55446, 16.06344 ], [ 78.61111, 16.10371 ], [ 78.64417, 16.09878 ], [ 78.69438, 16.04787 ], [ 78.74691, 16.02874 ], [ 78.816, 16.05387 ], [ 78.88071, 16.11785 ], [ 78.92144, 16.11658 ], [ 78.91609, 16.19864 ], [ 79.02826, 16.25197 ], [ 79.14146, 16.24427 ], [ 79.20039, 16.23072 ], [ 79.23346, 16.25809 ], [ 79.23616, 16.34468 ], [ 79.21974, 16.37062 ], [ 79.22727, 16.44586 ], [ 79.24441, 16.46623 ], [ 79.2386, 16.52685 ], [ 79.27426, 16.56903 ], [ 79.34155, 16.58615 ], [ 79.43492, 16.59029 ], [ 79.50556, 16.63831 ], [ 79.54513, 16.63942 ], [ 79.60837, 16.67117 ], [ 79.65655, 16.66999 ], [ 79.68701, 16.69635 ], [ 79.665068, 16.878809 ], [ 79.643653, 16.971608 ], [ 79.600822, 17.09296 ], [ 79.5223, 17.221451 ], [ 79.450916, 17.307112 ], [ 79.435652, 17.360537 ], [ 79.40802, 17.50434 ], [ 79.46873, 17.51647 ], [ 79.51905, 17.49595 ], [ 79.53079, 17.51998 ], [ 79.518315, 17.617155 ], [ 79.547584, 17.627799 ], [ 79.637288, 17.626673 ], [ 79.689636, 17.688539 ], [ 79.80385, 17.707575 ], [ 79.922823, 17.750405 ], [ 79.932341, 17.826548 ], [ 79.984689, 17.897932 ], [ 79.994207, 17.988351 ], [ 80.019563, 18.112187 ], [ 79.973163, 18.108618 ], [ 79.958887, 18.076496 ], [ 79.825042, 18.090772 ], [ 79.841433, 18.1434 ], [ 79.83148, 18.182448 ], [ 79.844985, 18.237975 ], [ 79.874318, 18.294933 ], [ 79.930206, 18.30103 ], [ 79.932217, 18.32564 ], [ 79.877763, 18.363855 ], [ 79.908365, 18.397697 ], [ 79.960391, 18.382821 ], [ 80.059792, 18.400871 ], [ 80.092489, 18.369428 ], [ 80.147247, 18.373295 ], [ 80.174652, 18.348743 ], [ 80.218895, 18.390228 ], [ 80.226784, 18.427996 ], [ 80.229393, 18.552616 ], [ 80.269356, 18.588312 ], [ 80.34439, 18.59602 ], [ 80.365037, 18.603303 ], [ 80.3896, 18.59936 ], [ 80.45798, 18.63193 ], [ 80.51852, 18.62135 ], [ 80.53985, 18.59183 ], [ 80.60888, 18.55097 ], [ 80.65876, 18.47842 ], [ 80.72106, 18.41208 ], [ 80.73083, 18.36776 ], [ 80.79247, 18.25003 ], [ 80.74145, 18.22552 ], [ 80.74276, 18.17854 ], [ 80.80618, 18.17321 ], [ 80.85741, 18.20716 ], [ 80.87031, 18.13975 ], [ 80.98234, 18.15612 ], [ 80.95234, 18.08832 ], [ 80.97437, 18.05087 ], [ 81.01289, 17.8462 ], [ 81.04104, 17.79772 ], [ 81.08221, 17.79435 ], [ 81.1063, 17.82512 ], [ 81.16816, 17.86068 ], [ 81.26271, 17.82039 ], [ 81.39368, 17.81505 ], [ 81.47881, 17.83173 ], [ 81.4899, 17.81145 ], [ 81.61987, 17.82412 ], [ 81.66564, 17.88154 ], [ 81.71188, 17.86994 ], [ 81.76698, 17.90217 ], [ 81.80971, 17.94487 ], [ 81.94383, 17.99247 ], [ 81.9817, 18.01455 ], [ 82.03148, 17.93762 ], [ 81.97774, 17.84291 ], [ 81.86803, 17.75479 ], [ 81.95436, 17.74197 ], [ 81.98546, 17.76831 ], [ 82.03881, 17.71691 ], [ 82.02772, 17.63208 ], [ 82.12825, 17.65509 ], [ 82.16292, 17.61585 ], [ 82.21737, 17.63883 ], [ 82.26822, 17.62351 ], [ 82.34716, 17.57991 ], [ 82.33206, 17.5289 ], [ 82.41165, 17.47351 ], [ 82.45675, 17.5135 ], [ 82.5609, 17.50921 ], [ 82.60422, 17.46351 ], [ 82.55387, 17.39242 ], [ 82.54108, 17.3351 ], [ 82.54839, 17.2524 ], [ 82.44753, 17.17837 ], [ 82.30278, 17.03853 ], [ 82.27091, 16.94196 ], [ 82.24522, 16.90908 ], [ 82.27047, 16.87425 ], [ 82.31597, 16.8485 ], [ 82.35773, 16.85146 ], [ 82.34132, 16.7373 ], [ 82.30903, 16.74259 ], [ 82.30945, 16.70127 ], [ 82.33262, 16.7271 ], [ 82.36774, 16.71685 ], [ 82.3271, 16.66271 ], [ 82.31755, 16.60479 ], [ 82.31896, 16.58735 ], [ 82.28048, 16.5543 ], [ 82.20752, 16.52881 ], [ 81.94575, 16.39563 ], [ 81.83515, 16.36593 ], [ 81.72045, 16.30877 ], [ 81.70687, 16.31572 ], [ 81.67894, 16.33155 ], [ 81.54114, 16.34927 ], [ 81.48453, 16.35351 ], [ 81.39497, 16.34218 ], [ 81.32767, 16.31701 ], [ 81.26517, 16.27721 ], [ 81.22134, 16.21331 ], [ 81.18914, 16.10318 ], [ 81.14635, 16.02854 ], [ 81.14347, 15.9752 ], [ 81.07656, 15.91802 ], [ 80.99959, 15.83357 ], [ 81.00304, 15.75279 ], [ 80.92365, 15.7222 ], [ 80.82703, 15.7123 ], [ 80.76873, 15.86334 ], [ 80.70718, 15.88058 ], [ 80.64766, 15.87752 ], [ 80.55417, 15.85578 ], [ 80.43924, 15.80861 ], [ 80.32678, 15.73444 ], [ 80.2519, 15.63413 ], [ 80.20466, 15.47196 ], [ 80.10965, 15.3447 ], [ 80.08288, 15.25819 ], [ 80.08344, 15.18512 ], [ 80.05249, 15.11179 ], [ 80.05238, 15.01997 ], [ 80.08778, 14.83072 ], [ 80.10835, 14.75154 ] ] ] } },
{ "type": "Feature", "properties": { "state": "Arunachal Pradesh" }, "geometry": { "type": "Polygon", "coordinates": [ [ [ 92.94302, 26.61729 ], [ 92.83723, 26.57272 ], [ 92.75437, 26.51191 ], [ 92.70418, 26.52586 ], [ 92.57973, 26.5002 ], [ 92.52773, 26.50938 ], [ 92.46588, 26.49771 ], [ 92.44711, 26.52064 ], [ 92.37729, 26.54361 ], [ 92.36441, 26.5829 ], [ 92.41694, 26.65002 ], [ 92.33401, 26.66963 ], [ 92.3399, 26.71329 ], [ 92.33149, 26.80571 ], [ 92.34358, 26.88537 ], [ 92.36639, 26.93141 ], [ 92.30488, 26.92297 ], [ 92.19694, 26.88984 ], [ 92.10413, 26.88634 ], [ 92.11087, 26.9706 ], [ 92.07626, 27.03461 ], [ 92.04022, 27.04096 ], [ 92.01224, 27.09413 ], [ 92.01611, 27.151 ], [ 92.04682, 27.17245 ], [ 92.05706, 27.21817 ], [ 92.1149, 27.26971 ], [ 92.05696, 27.31689 ], [ 92.04571, 27.37956 ], [ 91.99893, 27.4718 ], [ 92.04024, 27.4993 ], [ 92.06685, 27.49319 ], [ 92.1118, 27.55894 ], [ 92.17572, 27.55961 ], [ 92.20841, 27.63756 ], [ 92.24888, 27.63738 ], [ 92.3798, 27.66514 ], [ 92.38909, 27.74552 ], [ 92.43874, 27.76138 ], [ 92.4475, 27.81863 ], [ 92.49683, 27.85276 ], [ 92.56721, 27.83625 ], [ 92.60944, 27.89009 ], [ 92.66353, 27.91063 ], [ 92.73101, 27.97364 ], [ 92.74096, 28.03627 ], [ 92.67653, 28.07848 ], [ 92.70103, 28.13547 ], [ 92.80896, 28.2011 ], [ 92.83278, 28.1744 ], [ 92.89688, 28.207 ], [ 92.95673, 28.25361 ], [ 92.99517, 28.23092 ], [ 93.03233, 28.26997 ], [ 93.02379, 28.29651 ], [ 93.09665, 28.30363 ], [ 93.13277, 28.32911 ], [ 93.22331, 28.32457 ], [ 93.23052, 28.35012 ], [ 93.22927, 28.41132 ], [ 93.18727, 28.439 ], [ 93.28151, 28.50667 ], [ 93.32905, 28.63887 ], [ 93.41313, 28.65845 ], [ 93.46785, 28.68497 ], [ 93.50341, 28.66027 ], [ 93.64714, 28.65231 ], [ 93.73623, 28.68009 ], [ 93.79303, 28.66458 ], [ 93.84229, 28.69871 ], [ 93.86975, 28.69793 ], [ 93.93125, 28.66381 ], [ 93.96608, 28.70356 ], [ 93.98288, 28.83198 ], [ 94.13815, 28.91312 ], [ 94.18208, 29.01085 ], [ 94.20408, 29.06456 ], [ 94.30277, 29.15107 ], [ 94.36401, 29.1493 ], [ 94.38584, 29.18946 ], [ 94.44643, 29.22449 ], [ 94.546, 29.21683 ], [ 94.58031, 29.23604 ], [ 94.59161, 29.27493 ], [ 94.65681, 29.3353 ], [ 94.74618, 29.27656 ], [ 94.80688, 29.21312 ], [ 94.80993, 29.16675 ], [ 94.84939, 29.17835 ], [ 94.9705, 29.15283 ], [ 95.02527, 29.12282 ], [ 95.04921, 29.14167 ], [ 95.10148, 29.13261 ], [ 95.12221, 29.1082 ], [ 95.21459, 29.0959 ], [ 95.25947, 29.09924 ], [ 95.26986, 29.05143 ], [ 95.30223, 29.06005 ], [ 95.4058, 29.02881 ], [ 95.4539, 29.03532 ], [ 95.47875, 29.0726 ], [ 95.47966, 29.12153 ], [ 95.53685, 29.11843 ], [ 95.52773, 29.18944 ], [ 95.57374, 29.21024 ], [ 95.71468, 29.29265 ], [ 95.76803, 29.34328 ], [ 95.83033, 29.3415 ], [ 95.86273, 29.38078 ], [ 95.94665, 29.37013 ], [ 96.02289, 29.43169 ], [ 96.06577, 29.45135 ], [ 96.14347, 29.38459 ], [ 96.17906, 29.32192 ], [ 96.18183, 29.29021 ], [ 96.23896, 29.22872 ], [ 96.29277, 29.23161 ], [ 96.37765, 29.27354 ], [ 96.39177, 29.24032 ], [ 96.35379, 29.1664 ], [ 96.26085, 29.14961 ], [ 96.2217, 29.12799 ], [ 96.15376, 29.04107 ], [ 96.18835, 28.97632 ], [ 96.15326, 28.91592 ], [ 96.17848, 28.8875 ], [ 96.23882, 28.92376 ], [ 96.25635, 28.95521 ], [ 96.3447, 29.02242 ], [ 96.42887, 29.02533 ], [ 96.51474, 29.06704 ], [ 96.4677, 28.97989 ], [ 96.51019, 28.94558 ], [ 96.52976, 28.87513 ], [ 96.61116, 28.75829 ], [ 96.6008, 28.72472 ], [ 96.56352, 28.6927 ], [ 96.4659, 28.66442 ], [ 96.4794, 28.60727 ], [ 96.39141, 28.53653 ], [ 96.32895, 28.50652 ], [ 96.37644, 28.45928 ], [ 96.27335, 28.39233 ], [ 96.32413, 28.36764 ], [ 96.35939, 28.37043 ], [ 96.38842, 28.32071 ], [ 96.44433, 28.39844 ], [ 96.49992, 28.39784 ], [ 96.55473, 28.43683 ], [ 96.64148, 28.44318 ], [ 96.72457, 28.41141 ], [ 96.76495, 28.36047 ], [ 96.85489, 28.35894 ], [ 96.89391, 28.37587 ], [ 96.91789, 28.33823 ], [ 96.99398, 28.30475 ], [ 97.0787, 28.34003 ], [ 97.13335, 28.31831 ], [ 97.16301, 28.27847 ], [ 97.21507, 28.27509 ], [ 97.28547, 28.25364 ], [ 97.37977, 28.20655 ], [ 97.3152, 28.14079 ], [ 97.33565, 28.1088 ], [ 97.30455, 28.08709 ], [ 97.30728, 28.0542 ], [ 97.3559, 28.0592 ], [ 97.39316, 28.02062 ], [ 97.37313, 27.95733 ], [ 97.37987, 27.89165 ], [ 97.36448, 27.85952 ], [ 97.31057, 27.90052 ], [ 97.25235, 27.88485 ], [ 97.12508, 27.78086 ], [ 97.09049, 27.73546 ], [ 97.04922, 27.74692 ], [ 96.99621, 27.68915 ], [ 96.95241, 27.66644 ], [ 96.90677, 27.62298 ], [ 96.91719, 27.54903 ], [ 96.93443, 27.5191 ], [ 96.90619, 27.47167 ], [ 96.9296, 27.41908 ], [ 97.00249, 27.31857 ], [ 97.08284, 27.25069 ], [ 97.08567, 27.22718 ], [ 97.16125, 27.15472 ], [ 97.13749, 27.10871 ], [ 97.06066, 27.11348 ], [ 96.96456, 27.17062 ], [ 96.899, 27.17636 ], [ 96.86121, 27.19551 ], [ 96.88743, 27.2306 ], [ 96.88193, 27.26202 ], [ 96.80185, 27.33925 ], [ 96.74962, 27.35417 ], [ 96.61845, 27.37329 ], [ 96.58368, 27.32919 ], [ 96.53206, 27.29452 ], [ 96.50379, 27.31204 ], [ 96.43417, 27.31181 ], [ 96.3594, 27.29716 ], [ 96.31962, 27.30676 ], [ 96.28533, 27.28671 ], [ 96.24353, 27.29339 ], [ 96.19883, 27.26337 ], [ 96.12838, 27.24709 ], [ 96.04247, 27.19689 ], [ 95.9935, 27.14171 ], [ 95.96341, 27.08411 ], [ 95.87129, 27.02416 ], [ 95.79321, 27.03101 ], [ 95.75491, 26.97226 ], [ 95.75367, 26.93037 ], [ 95.72097, 26.90296 ], [ 95.689306, 26.99053 ], [ 95.64426, 27.00486 ], [ 95.665306, 27.063626 ], [ 95.68443, 27.16867 ], [ 95.63564, 27.23064 ], [ 95.68304, 27.25107 ], [ 95.85897, 27.28748 ], [ 95.8708, 27.26014 ], [ 95.96162, 27.31017 ], [ 96.01342, 27.36856 ], [ 95.97642, 27.42881 ], [ 95.88135, 27.43764 ], [ 95.88033, 27.54701 ], [ 95.95865, 27.56093 ], [ 96.01557, 27.55665 ], [ 96.07166, 27.60978 ], [ 96.1246, 27.62414 ], [ 96.23623, 27.56892 ], [ 96.31516, 27.5622 ], [ 96.286723, 27.628688 ], [ 96.277592, 27.723647 ], [ 96.291471, 27.770031 ], [ 96.236593, 27.864673 ], [ 96.080006, 27.843987 ], [ 95.880276, 27.755608 ], [ 95.859856, 27.734231 ], [ 95.78427, 27.734205 ], [ 95.8227, 27.80369 ], [ 95.87332, 27.83419 ], [ 95.9282, 27.88491 ], [ 95.97719, 27.96294 ], [ 95.82581, 27.97216 ], [ 95.60688, 27.95297 ], [ 95.52634, 27.89313 ], [ 95.46773, 27.86248 ], [ 95.38449, 27.83742 ], [ 95.31684, 27.86671 ], [ 95.05224, 27.78616 ], [ 95.03917, 27.77366 ], [ 94.93051, 27.75283 ], [ 94.86123, 27.72955 ], [ 94.85138, 27.74334 ], [ 94.8952, 27.826212 ], [ 94.894371, 27.848583 ], [ 94.895667, 27.84906 ], [ 94.909333, 27.855237 ], [ 94.87459, 27.94161 ], [ 94.88432, 27.99791 ], [ 94.934291, 28.051799 ], [ 94.919292, 28.061132 ], [ 94.826865, 28.024253 ], [ 94.763583, 28.052594 ], [ 94.717772, 28.057253 ], [ 94.648279, 28.099958 ], [ 94.548217, 28.075101 ], [ 94.48751, 28.00879 ], [ 94.54939, 27.91501 ], [ 94.588851, 27.892855 ], [ 94.54701, 27.86657 ], [ 94.44439, 27.83885 ], [ 94.31077, 27.77789 ], [ 94.32742, 27.72977 ], [ 94.23334, 27.64593 ], [ 94.21844, 27.60603 ], [ 94.25736, 27.55434 ], [ 94.26588, 27.50836 ], [ 94.30554, 27.43708 ], [ 94.28565, 27.38262 ], [ 94.3194, 27.33056 ], [ 94.39181, 27.35944 ], [ 94.43474, 27.32114 ], [ 94.50599, 27.33668 ], [ 94.51532, 27.24183 ], [ 94.54274, 27.22254 ], [ 94.54291, 27.22264 ], [ 94.57459, 27.19963 ], [ 94.59448, 27.13392 ], [ 94.563713, 27.100805 ], [ 94.553584, 27.09518 ], [ 94.548595, 27.083313 ], [ 94.538132, 27.068837 ], [ 94.47951, 27.02955 ], [ 94.4636, 26.99396 ], [ 94.402421, 26.947745 ], [ 94.49649, 26.87066 ], [ 94.53955, 26.77354 ], [ 94.59414, 26.72513 ], [ 94.54404, 26.70621 ], [ 94.45349, 26.63443 ], [ 94.40886, 26.61191 ], [ 94.40135, 26.53421 ], [ 94.30217, 26.46281 ], [ 94.28133, 26.5592 ], [ 94.18556, 26.45626 ], [ 94.16652, 26.349 ], [ 94.13688, 26.35013 ], [ 94.11715, 26.39994 ], [ 94.12998, 26.44512 ], [ 94.09813, 26.49173 ], [ 94.11643, 26.55439 ], [ 94.07243, 26.59692 ], [ 94.09587, 26.64544 ], [ 94.05041, 26.67309 ], [ 94.04786, 26.72864 ], [ 93.99124, 26.7664 ], [ 93.94648, 26.74089 ], [ 93.87699, 26.72305 ], [ 93.79193, 26.75412 ], [ 93.763444, 26.784036 ], [ 93.70361, 26.77024 ], [ 93.69383, 26.73174 ], [ 93.65012, 26.70511 ], [ 93.56612, 26.72401 ], [ 93.50975, 26.76054 ], [ 93.34796, 26.73173 ], [ 93.30792, 26.6983 ], [ 93.24556, 26.68388 ], [ 93.21685, 26.62566 ], [ 93.160766, 26.59899 ], [ 93.10607, 26.57591 ], [ 93.07307, 26.59474 ], [ 93.00777, 26.59843 ], [ 92.94302, 26.61729 ] ] ] } },
{ "type": "Feature", "properties": { "state": "Assam" }, "geometry": { "type": "MultiPolygon", "coordinates": [ [ [ [ 89.85084, 25.47688 ], [ 89.88382, 25.61722 ], [ 89.8723, 25.66308 ], [ 89.83282, 25.74026 ], [ 89.83925, 25.78407 ], [ 89.82225, 25.82204 ], [ 89.86319, 25.8925 ], [ 89.86633, 25.95067 ], [ 89.82191, 25.98826 ], [ 89.82152, 26.02606 ], [ 89.79714, 26.08617 ], [ 89.74872, 26.15816 ], [ 89.72073, 26.16515 ], [ 89.7065, 26.17733 ], [ 89.708366, 26.187755 ], [ 89.72754, 26.29491 ], [ 89.83113, 26.36678 ], [ 89.83741, 26.4124 ], [ 89.85806, 26.42874 ], [ 89.8663, 26.57794 ], [ 89.88157, 26.6131 ], [ 89.87587, 26.68357 ], [ 89.86141, 26.70382 ], [ 89.89392, 26.72441 ], [ 90.00648, 26.73434 ], [ 90.0719, 26.73209 ], [ 90.19299, 26.77054 ], [ 90.18836, 26.80969 ], [ 90.21916, 26.85364 ], [ 90.31595, 26.85077 ], [ 90.3593, 26.896 ], [ 90.41391, 26.90181 ], [ 90.44523, 26.88276 ], [ 90.56383, 26.80086 ], [ 90.63412, 26.79149 ], [ 90.70356, 26.76781 ], [ 90.95812, 26.78353 ], [ 91.05723, 26.7791 ], [ 91.09235, 26.81806 ], [ 91.13293, 26.80808 ], [ 91.25151, 26.81261 ], [ 91.29803, 26.78466 ], [ 91.33924, 26.77913 ], [ 91.41127, 26.835 ], [ 91.481, 26.79117 ], [ 91.59342, 26.80408 ], [ 91.62644, 26.82061 ], [ 91.70674, 26.81108 ], [ 91.80445, 26.85123 ], [ 91.85598, 26.91143 ], [ 91.89975, 26.91524 ], [ 91.98787, 26.85727 ], [ 92.05737, 26.84701 ], [ 92.10413, 26.88634 ], [ 92.19694, 26.88984 ], [ 92.30488, 26.92297 ], [ 92.36639, 26.93141 ], [ 92.34358, 26.88537 ], [ 92.33149, 26.80571 ], [ 92.3399, 26.71329 ], [ 92.33401, 26.66963 ], [ 92.41694, 26.65002 ], [ 92.36441, 26.5829 ], [ 92.37729, 26.54361 ], [ 92.44711, 26.52064 ], [ 92.46588, 26.49771 ], [ 92.52773, 26.50938 ], [ 92.57973, 26.5002 ], [ 92.70418, 26.52586 ], [ 92.75437, 26.51191 ], [ 92.83723, 26.57272 ], [ 92.94302, 26.61729 ], [ 93.00777, 26.59843 ], [ 93.07307, 26.59474 ], [ 93.10607, 26.57591 ], [ 93.160766, 26.59899 ], [ 93.21685, 26.62566 ], [ 93.24556, 26.68388 ], [ 93.30792, 26.6983 ], [ 93.30317, 26.57844 ], [ 93.25264, 26.5683 ], [ 93.20896, 26.51808 ], [ 93.18794, 26.56766 ], [ 93.10645, 26.53106 ], [ 93.04575, 26.53561 ], [ 93.02135, 26.47768 ], [ 93.13025, 26.46459 ], [ 93.05561, 26.4244 ], [ 92.98007, 26.42148 ], [ 92.91348, 26.39251 ], [ 92.94282, 26.32686 ], [ 92.88019, 26.28585 ], [ 92.84015, 26.28069 ], [ 92.8266, 26.27155 ], [ 92.80202, 26.20232 ], [ 92.88316, 26.20859 ], [ 92.94306, 26.20098 ], [ 92.93529, 26.15059 ], [ 92.934039, 26.146709 ], [ 92.93148, 26.14521 ], [ 92.944716, 26.136387 ], [ 92.99866, 26.12092 ], [ 93.04941, 26.08739 ], [ 93.051707, 26.085348 ], [ 93.106949, 26.070347 ], [ 93.11827, 26.03472 ], [ 93.15888, 25.99068 ], [ 93.18665, 25.90251 ], [ 93.24396, 25.83699 ], [ 93.250652, 25.786712 ], [ 93.221642, 25.725521 ], [ 93.14384, 25.71317 ], [ 93.143858, 25.713266 ], [ 93.144015, 25.714108 ], [ 93.1498, 25.73778 ], [ 93.1077, 25.77446 ], [ 93.07133, 25.77483 ], [ 93.028135, 25.814382 ], [ 92.98589, 25.87538 ], [ 92.87079, 25.86666 ], [ 92.848299, 25.905017 ], [ 92.793138, 25.936603 ], [ 92.799752, 25.96291 ], [ 92.764474, 25.961993 ], [ 92.769835, 25.98693 ], [ 92.763552, 25.988232 ], [ 92.76428, 26.030315 ], [ 92.72904, 26.05877 ], [ 92.71274, 26.01831 ], [ 92.669485, 26.02812 ], [ 92.59251, 25.96471 ], [ 92.555603, 25.975332 ], [ 92.59683, 26.06904 ], [ 92.546026, 26.104997 ], [ 92.534905, 26.095846 ], [ 92.52938, 26.14307 ], [ 92.46996, 26.14649 ], [ 92.43354, 26.11547 ], [ 92.42517, 26.115 ], [ 92.404821, 26.118189 ], [ 92.40713, 26.12589 ], [ 92.4013, 26.13878 ], [ 92.372478, 26.130918 ], [ 92.302324, 26.074937 ], [ 92.25648, 26.02743 ], [ 92.16634, 25.96303 ], [ 92.16063, 25.91379 ], [ 92.224855, 25.908038 ], [ 92.18051, 25.86873 ], [ 92.15368, 25.81135 ], [ 92.16477, 25.68342 ], [ 92.13754, 25.65207 ], [ 92.07202, 25.66073 ], [ 92.03061, 25.64616 ], [ 91.98882, 25.65537 ], [ 91.96911, 25.68239 ], [ 91.87809, 25.63295 ], [ 91.82135, 25.61782 ], [ 91.75268, 25.67339 ], [ 91.80358, 25.68467 ], [ 91.82057, 25.72333 ], [ 91.77497, 25.74565 ], [ 91.7898, 25.79097 ], [ 91.7493, 25.82137 ], [ 91.71335, 25.79282 ], [ 91.67204, 25.8083 ], [ 91.57188, 25.80516 ], [ 91.46572, 25.77962 ], [ 91.34638, 25.81301 ], [ 91.34412, 25.83553 ], [ 91.27723, 25.74644 ], [ 91.2255, 25.72297 ], [ 91.19039, 25.73851 ], [ 91.18167, 25.7759 ], [ 91.20443, 25.84009 ], [ 91.15474, 25.84966 ], [ 91.06848, 25.82542 ], [ 91.05109, 25.84848 ], [ 91.00279, 25.82195 ], [ 90.94994, 25.77294 ], [ 90.98218, 25.73764 ], [ 90.92654, 25.64966 ], [ 90.8771, 25.60504 ], [ 90.79543, 25.57985 ], [ 90.77955, 25.54103 ], [ 90.75008, 25.49994 ], [ 90.69968, 25.4745 ], [ 90.64949, 25.42181 ], [ 90.61725, 25.40792 ], [ 90.59107, 25.43784 ], [ 90.53894, 25.43755 ], [ 90.41018, 25.47046 ], [ 90.33912, 25.47317 ], [ 90.27692, 25.49423 ], [ 90.24466, 25.39843 ], [ 90.2579, 25.36047 ], [ 90.29131, 25.3448 ], [ 90.26939, 25.29458 ], [ 90.29407, 25.26831 ], [ 90.28582, 25.19489 ], [ 90.11778, 25.22502 ], [ 90.05584, 25.26296 ], [ 89.98279, 25.28224 ], [ 89.96567, 25.30446 ], [ 89.89869, 25.30613 ], [ 89.87678, 25.28681 ], [ 89.82437, 25.34907 ], [ 89.82939, 25.42352 ], [ 89.85084, 25.47688 ] ] ], [ [ [ 92.17572, 27.55961 ], [ 92.1118, 27.55894 ], [ 92.06685, 27.49319 ], [ 92.04024, 27.4993 ], [ 91.99893, 27.4718 ], [ 91.9682, 27.45419 ], [ 91.92984, 27.4683 ], [ 91.84795, 27.47459 ], [ 91.7913, 27.44945 ], [ 91.72637, 27.45453 ], [ 91.69991, 27.48919 ], [ 91.63765, 27.47621 ], [ 91.56245, 27.58245 ], [ 91.56533, 27.65931 ], [ 91.61636, 27.69037 ], [ 91.64024, 27.75655 ], [ 91.60301, 27.83571 ], [ 91.66011, 27.82358 ], [ 91.72078, 27.78396 ], [ 91.80205, 27.78746 ], [ 91.83764, 27.76654 ], [ 91.86252, 27.70021 ], [ 91.90981, 27.70569 ], [ 91.9698, 27.75164 ], [ 92.045, 27.76092 ], [ 92.18369, 27.84442 ], [ 92.26884, 27.86112 ], [ 92.30621, 27.78916 ], [ 92.41653, 27.82818 ], [ 92.4475, 27.81863 ], [ 92.43874, 27.76138 ], [ 92.38909, 27.74552 ], [ 92.3798, 27.66514 ], [ 92.24888, 27.63738 ], [ 92.20841, 27.63756 ], [ 92.17572, 27.55961 ] ] ], [ [ [ 92.88708, 24.16455 ], [ 92.83334, 24.00536 ], [ 92.80255, 23.97755 ], [ 92.7929, 23.91623 ], [ 92.80527, 23.8845 ], [ 92.76903, 23.83639 ], [ 92.70378, 23.8412 ], [ 92.63949, 23.82808 ], [ 92.61705, 23.87103 ], [ 92.6396, 23.89942 ], [ 92.60409, 23.9284 ], [ 92.60722, 24.01959 ], [ 92.57645, 24.04455 ], [ 92.52288, 24.03582 ], [ 92.52569, 24.12787 ], [ 92.5119, 24.17177 ], [ 92.46431, 24.13304 ], [ 92.41744, 24.19272 ], [ 92.42089, 24.25144 ], [ 92.29999, 24.25054 ], [ 92.21165, 24.248 ], [ 92.27195, 24.38701 ], [ 92.23498, 24.44882 ], [ 92.22137, 24.51285 ], [ 92.25564, 24.65939 ], [ 92.29792, 24.73639 ], [ 92.2694, 24.75532 ], [ 92.28158, 24.7955 ], [ 92.24441, 24.84278 ], [ 92.24693, 24.90888 ], [ 92.30632, 24.90191 ], [ 92.3747, 24.87332 ], [ 92.38365, 24.85242 ], [ 92.43806, 24.85607 ], [ 92.4894, 24.87591 ], [ 92.49887, 24.90597 ], [ 92.45799, 24.97206 ], [ 92.42405, 24.96589 ], [ 92.42958, 25.02721 ], [ 92.40066, 25.03586 ], [ 92.46526, 25.05529 ], [ 92.48363, 25.10617 ], [ 92.54218, 25.09762 ], [ 92.64231, 25.11712 ], [ 92.7249, 25.11241 ], [ 92.75535, 25.1389 ], [ 92.78243, 25.08687 ], [ 92.84006, 25.05343 ], [ 92.9005, 25.07975 ], [ 93.01793, 25.0956 ], [ 93.01638, 25.06146 ], [ 93.07066, 24.99756 ], [ 93.16935, 24.99692 ], [ 93.25106, 24.9719 ], [ 93.25138, 24.91556 ], [ 93.21237, 24.85874 ], [ 93.19113, 24.80307 ], [ 93.11086, 24.79921 ], [ 93.08686, 24.70622 ], [ 93.10275, 24.67234 ], [ 93.08476, 24.60837 ], [ 93.05911, 24.57193 ], [ 93.04642, 24.4726 ], [ 93.01386, 24.39972 ], [ 92.97818, 24.40695 ], [ 92.89242, 24.39274 ], [ 92.86921, 24.31425 ], [ 92.86338, 24.2346 ], [ 92.90023, 24.22533 ], [ 92.88708, 24.16455 ] ] ], [ [ [ 94.72861, 26.63868 ], [ 94.68619, 26.6687 ], [ 94.76037, 26.70944 ], [ 94.74463, 26.77711 ], [ 94.68545, 26.72764 ], [ 94.62162, 26.7147 ], [ 94.59414, 26.72513 ], [ 94.53955, 26.77354 ], [ 94.49649, 26.87066 ], [ 94.402421, 26.947745 ], [ 94.4636, 26.99396 ], [ 94.47951, 27.02955 ], [ 94.538132, 27.068837 ], [ 94.548595, 27.083313 ], [ 94.553584, 27.09518 ], [ 94.563713, 27.100805 ], [ 94.59448, 27.13392 ], [ 94.57459, 27.19963 ], [ 94.54291, 27.22264 ], [ 94.54274, 27.22254 ], [ 94.51532, 27.24183 ], [ 94.50599, 27.33668 ], [ 94.43474, 27.32114 ], [ 94.39181, 27.35944 ], [ 94.3194, 27.33056 ], [ 94.28565, 27.38262 ], [ 94.30554, 27.43708 ], [ 94.26588, 27.50836 ], [ 94.25736, 27.55434 ], [ 94.21844, 27.60603 ], [ 94.23334, 27.64593 ], [ 94.32742, 27.72977 ], [ 94.31077, 27.77789 ], [ 94.44439, 27.83885 ], [ 94.54701, 27.86657 ], [ 94.588851, 27.892855 ], [ 94.54939, 27.91501 ], [ 94.48751, 28.00879 ], [ 94.548217, 28.075101 ], [ 94.648279, 28.099958 ], [ 94.717772, 28.057253 ], [ 94.763583, 28.052594 ], [ 94.826865, 28.024253 ], [ 94.919292, 28.061132 ], [ 94.934291, 28.051799 ], [ 94.88432, 27.99791 ], [ 94.87459, 27.94161 ], [ 94.909333, 27.855237 ], [ 94.895667, 27.84906 ], [ 94.894371, 27.848583 ], [ 94.8952, 27.826212 ], [ 94.85138, 27.74334 ], [ 94.86123, 27.72955 ], [ 94.93051, 27.75283 ], [ 95.03917, 27.77366 ], [ 95.05224, 27.78616 ], [ 95.31684, 27.86671 ], [ 95.38449, 27.83742 ], [ 95.46773, 27.86248 ], [ 95.52634, 27.89313 ], [ 95.60688, 27.95297 ], [ 95.82581, 27.97216 ], [ 95.97719, 27.96294 ], [ 95.9282, 27.88491 ], [ 95.87332, 27.83419 ], [ 95.8227, 27.80369 ], [ 95.78427, 27.734205 ], [ 95.859856, 27.734231 ], [ 95.880276, 27.755608 ], [ 96.080006, 27.843987 ], [ 96.236593, 27.864673 ], [ 96.291471, 27.770031 ], [ 96.277592, 27.723647 ], [ 96.286723, 27.628688 ], [ 96.31516, 27.5622 ], [ 96.23623, 27.56892 ], [ 96.1246, 27.62414 ], [ 96.07166, 27.60978 ], [ 96.01557, 27.55665 ], [ 95.95865, 27.56093 ], [ 95.88033, 27.54701 ], [ 95.88135, 27.43764 ], [ 95.97642, 27.42881 ], [ 96.01342, 27.36856 ], [ 95.96162, 27.31017 ], [ 95.8708, 27.26014 ], [ 95.85897, 27.28748 ], [ 95.68304, 27.25107 ], [ 95.63564, 27.23064 ], [ 95.68443, 27.16867 ], [ 95.665306, 27.063626 ], [ 95.64426, 27.00486 ], [ 95.689306, 26.99053 ], [ 95.72097, 26.90296 ], [ 95.688118, 26.907893 ], [ 95.64876, 26.88029 ], [ 95.614889, 26.820898 ], [ 95.547508, 26.841756 ], [ 95.516201, 26.816806 ], [ 95.49623, 26.771782 ], [ 95.442, 26.71856 ], [ 95.31239, 26.66663 ], [ 95.23169, 26.68379 ], [ 95.21514, 26.63915 ], [ 95.1555, 26.60865 ], [ 95.16352, 26.57513 ], [ 95.11742, 26.53693 ], [ 95.125, 26.51189 ], [ 95.08781, 26.47071 ], [ 95.14904, 26.36226 ], [ 95.13879, 26.32436 ], [ 95.07879, 26.32255 ], [ 95.01176, 26.28498 ], [ 94.97295, 26.2899 ], [ 94.91463, 26.34367 ], [ 94.92033, 26.38801 ], [ 94.86401, 26.39742 ], [ 94.78469, 26.46618 ], [ 94.72767, 26.46677 ], [ 94.71238, 26.52615 ], [ 94.74426, 26.57784 ], [ 94.72861, 26.63868 ] ] ] ] } },
{ "type": "Feature", "properties": { "state": "Bihar" }, "geometry": { "type": "Polygon", "coordinates": [ [ [ 85.97654, 24.73421 ], [ 85.911, 24.76184 ], [ 85.88427, 24.80079 ], [ 85.81716, 24.79493 ], [ 85.74336, 24.82304 ], [ 85.71015, 24.75789 ], [ 85.71134, 24.72921 ], [ 85.6699, 24.66523 ], [ 85.67977, 24.59357 ], [ 85.65081, 24.57892 ], [ 85.6049, 24.59808 ], [ 85.5249, 24.52516 ], [ 85.4931, 24.55131 ], [ 85.41963, 24.54472 ], [ 85.37698, 24.53009 ], [ 85.28928, 24.52715 ], [ 85.28872, 24.4977 ], [ 85.23072, 24.47167 ], [ 85.15749, 24.46332 ], [ 85.17617, 24.42997 ], [ 85.08748, 24.38127 ], [ 85.08141, 24.40892 ], [ 85.03899, 24.42576 ], [ 84.99731, 24.41263 ], [ 84.97548, 24.37638 ], [ 84.91025, 24.3727 ], [ 84.86995, 24.4579 ], [ 84.83423, 24.47032 ], [ 84.82658, 24.52496 ], [ 84.74914, 24.49659 ], [ 84.68604, 24.45647 ], [ 84.66537, 24.39393 ], [ 84.57967, 24.41245 ], [ 84.5007, 24.28724 ], [ 84.46176, 24.33875 ], [ 84.34318, 24.39577 ], [ 84.33773, 24.43108 ], [ 84.30057, 24.45066 ], [ 84.32907, 24.48956 ], [ 84.30039, 24.56568 ], [ 84.26589, 24.53739 ], [ 84.20737, 24.55665 ], [ 84.11725, 24.48106 ], [ 84.05432, 24.61173 ], [ 84.00514, 24.63597 ], [ 84.03178, 24.69359 ], [ 84.10002, 24.78802 ], [ 84.18848, 24.87051 ], [ 84.30355, 25.00989 ], [ 84.41794, 25.07417 ], [ 84.45649, 25.14799 ], [ 84.44443, 25.17947 ], [ 84.32064, 25.21332 ], [ 84.33308, 25.23495 ], [ 84.32149, 25.32153 ], [ 84.25883, 25.35496 ], [ 84.28757, 25.37731 ], [ 84.28862, 25.41501 ], [ 84.33463, 25.41596 ], [ 84.34239, 25.45125 ], [ 84.30413, 25.50789 ], [ 84.29345, 25.58112 ], [ 84.30639, 25.6209 ], [ 84.28717, 25.66006 ], [ 84.32673, 25.67041 ], [ 84.33261, 25.73167 ], [ 84.3626, 25.74205 ], [ 84.52443, 25.67633 ], [ 84.56642, 25.69829 ], [ 84.56369, 25.735 ], [ 84.63862, 25.72699 ], [ 84.6086, 25.75924 ], [ 84.62832, 25.79267 ], [ 84.55502, 25.83979 ], [ 84.53684, 25.87618 ], [ 84.45398, 25.88819 ], [ 84.4531, 25.96472 ], [ 84.43037, 25.96948 ], [ 84.40549, 26.04682 ], [ 84.45186, 26.03482 ], [ 84.51578, 26.04694 ], [ 84.5515, 26.0753 ], [ 84.65648, 26.08135 ], [ 84.66569, 26.11893 ], [ 84.70205, 26.13824 ], [ 84.72005, 26.18231 ], [ 84.8455, 26.20239 ], [ 84.84703, 26.21979 ], [ 84.761, 26.30735 ], [ 84.71287, 26.34079 ], [ 84.67977, 26.41334 ], [ 84.62175, 26.46116 ], [ 84.56347, 26.43524 ], [ 84.49119, 26.53657 ], [ 84.48137, 26.6104 ], [ 84.5259, 26.66238 ], [ 84.63477, 26.70113 ], [ 84.70138, 26.71615 ], [ 84.72726, 26.75012 ], [ 84.72162, 26.78161 ], [ 84.7421, 26.85143 ], [ 84.70561, 26.89122 ], [ 84.69905, 26.93241 ], [ 84.75945, 26.97644 ], [ 84.78266, 27.01386 ], [ 84.85522, 27.00764 ], [ 84.86477, 26.98425 ], [ 84.96123, 26.96079 ], [ 85.00388, 26.89515 ], [ 85.05744, 26.84923 ], [ 85.11115, 26.87251 ], [ 85.18987, 26.87015 ], [ 85.17701, 26.8152 ], [ 85.19714, 26.77 ], [ 85.26878, 26.75446 ], [ 85.33452, 26.74159 ], [ 85.40771, 26.79129 ], [ 85.452, 26.78135 ], [ 85.49586, 26.79706 ], [ 85.54299, 26.83844 ], [ 85.60692, 26.85732 ], [ 85.6794, 26.84375 ], [ 85.7207, 26.8206 ], [ 85.73501, 26.77751 ], [ 85.72351, 26.69971 ], [ 85.73231, 26.65384 ], [ 85.8014, 26.62434 ], [ 85.81962, 26.60254 ], [ 85.85853, 26.56895 ], [ 85.95511, 26.62921 ], [ 85.97545, 26.65835 ], [ 86.06799, 26.65793 ], [ 86.15507, 26.61 ], [ 86.19225, 26.61475 ], [ 86.23133, 26.59313 ], [ 86.2532, 26.61473 ], [ 86.34433, 26.61708 ], [ 86.4973, 26.54237 ], [ 86.54184, 26.53854 ], [ 86.57027, 26.49655 ], [ 86.6384, 26.46345 ], [ 86.74759, 26.4283 ], [ 86.76966, 26.45838 ], [ 86.83344, 26.43928 ], [ 86.89374, 26.46198 ], [ 86.93271, 26.51688 ], [ 87.07278, 26.54186 ], [ 87.09151, 26.45043 ], [ 87.16248, 26.40413 ], [ 87.24663, 26.4144 ], [ 87.26588, 26.37396 ], [ 87.35551, 26.38575 ], [ 87.38852, 26.41914 ], [ 87.4666, 26.44047 ], [ 87.51638, 26.43101 ], [ 87.58713, 26.38221 ], [ 87.60315, 26.34518 ], [ 87.64203, 26.33411 ], [ 87.6406, 26.29476 ], [ 87.67578, 26.23966 ], [ 87.67041, 26.15919 ], [ 87.67945, 26.12958 ], [ 87.70058, 26.14116 ], [ 87.86304, 26.09662 ], [ 87.83621, 26.0227 ], [ 87.81258, 25.98966 ], [ 87.82958, 25.94669 ], [ 87.81265, 25.93018 ], [ 87.82663, 25.87761 ], [ 87.91641, 25.85208 ], [ 87.90638, 25.7807 ], [ 87.96632, 25.72512 ], [ 88.05602, 25.68628 ], [ 88.04099, 25.6415 ], [ 88.03214, 25.55385 ], [ 88.07386, 25.51367 ], [ 88.0754, 25.48115 ], [ 88.00929, 25.49467 ], [ 87.96077, 25.53864 ], [ 87.93122, 25.53679 ], [ 87.86865, 25.46601 ], [ 87.79176, 25.44932 ], [ 87.76777, 25.38968 ], [ 87.78676, 25.33912 ], [ 87.83623, 25.30292 ], [ 87.8564, 25.26985 ], [ 87.82778, 25.23516 ], [ 87.79268, 25.22132 ], [ 87.77603, 25.15315 ], [ 87.77763, 25.10003 ], [ 87.7978, 25.07669 ], [ 87.86916, 25.04085 ], [ 87.97459, 24.9247 ], [ 87.97109, 24.88247 ], [ 87.90163, 24.85554 ], [ 87.96992, 24.75704 ], [ 87.96478, 24.68113 ], [ 88.00777, 24.66664 ], [ 88.03714, 24.64457 ], [ 88.13404, 24.63667 ], [ 88.17166, 24.57095 ], [ 88.15289, 24.48426 ], [ 88.20194, 24.4481 ], [ 88.27111, 24.47791 ], [ 88.30397, 24.47713 ], [ 88.38792, 24.38255 ], [ 88.4668, 24.36825 ], [ 88.54122, 24.33402 ], [ 88.64685, 24.34086 ], [ 88.72424, 24.29106 ], [ 88.74101, 24.20082 ], [ 88.69924, 24.14487 ], [ 88.70469, 24.09936 ], [ 88.65309, 24.06975 ], [ 88.62914, 23.98454 ], [ 88.58412, 24.0285 ], [ 88.51285, 23.98356 ], [ 88.52154, 23.94803 ], [ 88.46985, 23.938 ], [ 88.48378, 23.90521 ], [ 88.41009, 23.8182 ], [ 88.33926, 23.80702 ], [ 88.27118, 23.81015 ], [ 88.19703, 23.76513 ], [ 88.14425, 23.73012 ], [ 88.09355, 23.75138 ], [ 88.06136, 23.72082 ], [ 88.03603, 23.75919 ], [ 88.02457, 23.82488 ], [ 87.98015, 23.84122 ], [ 87.96552, 23.80366 ], [ 87.92607, 23.84041 ], [ 87.89465, 23.83632 ], [ 87.85449, 23.8867 ], [ 87.86897, 23.91747 ], [ 87.8752, 24.01681 ], [ 87.90961, 24.09914 ], [ 87.90016, 24.14605 ], [ 87.93666, 24.1777 ], [ 87.98599, 24.19454 ], [ 87.99545, 24.243 ], [ 88.02314, 24.24344 ], [ 88.01461, 24.31438 ], [ 87.96189, 24.33985 ], [ 87.97788, 24.4154 ], [ 87.97395, 24.47035 ], [ 87.95021, 24.51656 ], [ 87.89175, 24.56419 ], [ 87.82899, 24.56095 ], [ 87.80207, 24.52614 ], [ 87.82228, 24.47003 ], [ 87.79254, 24.43371 ], [ 87.8019, 24.38385 ], [ 87.76066, 24.30534 ], [ 87.68578, 24.24825 ], [ 87.6462, 24.25166 ], [ 87.69394, 24.15176 ], [ 87.58424, 24.16343 ], [ 87.57465, 24.08959 ], [ 87.50114, 24.11773 ], [ 87.50644, 24.03019 ], [ 87.44363, 23.98022 ], [ 87.39434, 24.00401 ], [ 87.32006, 24.00645 ], [ 87.24836, 24.0441 ], [ 87.23744, 24.02656 ], [ 87.1698, 24.03245 ], [ 87.1159, 24.06574 ], [ 87.10459, 24.09532 ], [ 87.05165, 24.13363 ], [ 86.97899, 24.10976 ], [ 86.97259, 24.06292 ], [ 86.94299, 24.04493 ], [ 86.88145, 24.07517 ], [ 86.83278, 24.05682 ], [ 86.78769, 24.0721 ], [ 86.78433, 24.13564 ], [ 86.68417, 24.16751 ], [ 86.68104, 24.18066 ], [ 86.56827, 24.18293 ], [ 86.48932, 24.18847 ], [ 86.49319, 24.2589 ], [ 86.45788, 24.36993 ], [ 86.42135, 24.38048 ], [ 86.35934, 24.44323 ], [ 86.32537, 24.44132 ], [ 86.29981, 24.47753 ], [ 86.31836, 24.50954 ], [ 86.29861, 24.58706 ], [ 86.17176, 24.58459 ], [ 86.13177, 24.61267 ], [ 86.1398, 24.67629 ], [ 86.11178, 24.73667 ], [ 86.03627, 24.77222 ], [ 85.97654, 24.73421 ] ] ] } },
{ "type": "Feature", "properties": { "state": "Chandigarh" }, "geometry": { "type": "Polygon", "coordinates": [ [ [ 76.82963, 30.76194 ], [ 76.75564, 30.78662 ], [ 76.71117, 30.76141 ], [ 76.75437, 30.68144 ], [ 76.79457, 30.65887 ], [ 76.82501, 30.6809 ], [ 76.84966, 30.72286 ], [ 76.82963, 30.76194 ] ] ] } },
{ "type": "Feature", "properties": { "state": "Chhattisgarh" }, "geometry": { "type": "Polygon", "coordinates": [ [ [ 81.26271, 17.82039 ], [ 81.16816, 17.86068 ], [ 81.1063, 17.82512 ], [ 81.08221, 17.79435 ], [ 81.04104, 17.79772 ], [ 81.01289, 17.8462 ], [ 80.97437, 18.05087 ], [ 80.95234, 18.08832 ], [ 80.98234, 18.15612 ], [ 80.87031, 18.13975 ], [ 80.85741, 18.20716 ], [ 80.80618, 18.17321 ], [ 80.74276, 18.17854 ], [ 80.74145, 18.22552 ], [ 80.79247, 18.25003 ], [ 80.73083, 18.36776 ], [ 80.72106, 18.41208 ], [ 80.65876, 18.47842 ], [ 80.60888, 18.55097 ], [ 80.53985, 18.59183 ], [ 80.51852, 18.62135 ], [ 80.45798, 18.63193 ], [ 80.3896, 18.59936 ], [ 80.365037, 18.603303 ], [ 80.34439, 18.59602 ], [ 80.30397, 18.69091 ], [ 80.27515, 18.72314 ], [ 80.25426, 18.70649 ], [ 80.16564, 18.70101 ], [ 80.11408, 18.68255 ], [ 80.0538, 18.72579 ], [ 80.01974, 18.77151 ], [ 79.9393, 18.78904 ], [ 79.90126, 18.83533 ], [ 79.94628, 18.86338 ], [ 79.9482, 18.94201 ], [ 79.93318, 19.04664 ], [ 79.86824, 19.06399 ], [ 79.86516, 19.10807 ], [ 79.9213, 19.15341 ], [ 79.94959, 19.17982 ], [ 79.92729, 19.23024 ], [ 79.9523, 19.28789 ], [ 79.98014, 19.40461 ], [ 79.95206, 19.46228 ], [ 79.91806, 19.4957 ], [ 79.83515, 19.54019 ], [ 79.79231, 19.59663 ], [ 79.78717, 19.71807 ], [ 79.74775, 19.77971 ], [ 79.74417, 19.81715 ], [ 79.80525, 19.89368 ], [ 79.77723, 19.95063 ], [ 79.78106, 20.00097 ], [ 79.84905, 20.03308 ], [ 79.87151, 19.98463 ], [ 79.91284, 19.96821 ], [ 79.95088, 19.98538 ], [ 79.99143, 20.04489 ], [ 79.97866, 20.10379 ], [ 79.91402, 20.14135 ], [ 79.93541, 20.1882 ], [ 79.99633, 20.21829 ], [ 79.94573, 20.2946 ], [ 79.97418, 20.36104 ], [ 79.94165, 20.44733 ], [ 79.95315, 20.52872 ], [ 79.92797, 20.55276 ], [ 79.94594, 20.62959 ], [ 79.93332, 20.66712 ], [ 79.96485, 20.69043 ], [ 79.99866, 20.7601 ], [ 79.98605, 20.79389 ], [ 79.99698, 20.84181 ], [ 79.97697, 20.86686 ], [ 79.97845, 20.94603 ], [ 79.99597, 20.96555 ], [ 80.08183, 20.96715 ], [ 80.10602, 20.99178 ], [ 80.10137, 21.03787 ], [ 80.06415, 21.10147 ], [ 80.08398, 21.14396 ], [ 80.06018, 21.19788 ], [ 80.02339, 21.22605 ], [ 79.97197, 21.22862 ], [ 79.94223, 21.25272 ], [ 79.8487, 21.24557 ], [ 79.82639, 21.27085 ], [ 79.79817, 21.36779 ], [ 79.92423, 21.48238 ], [ 79.92256, 21.5246 ], [ 79.86336, 21.53124 ], [ 79.79847, 21.58131 ], [ 79.73925, 21.60234 ], [ 79.66471, 21.57711 ], [ 79.65105, 21.55621 ], [ 79.5431, 21.54394 ], [ 79.5126, 21.5938 ], [ 79.54458, 21.60354 ], [ 79.61071, 21.67744 ], [ 79.65896, 21.69054 ], [ 79.69243, 21.79796 ], [ 79.7599, 21.80624 ], [ 79.79601, 21.84251 ], [ 79.79358, 21.87562 ], [ 79.87215, 21.96872 ], [ 79.90116, 22.0253 ], [ 79.90097, 22.05841 ], [ 80.04958, 22.11824 ], [ 80.0355, 22.18015 ], [ 80.10062, 22.24355 ], [ 80.08306, 22.29433 ], [ 80.09989, 22.33619 ], [ 80.15165, 22.34396 ], [ 80.23694, 22.29918 ], [ 80.27472, 22.30502 ], [ 80.32057, 22.34372 ], [ 80.38651, 22.30687 ], [ 80.44864, 22.24369 ], [ 80.46207, 22.27471 ], [ 80.50972, 22.27332 ], [ 80.53407, 22.23821 ], [ 80.58177, 22.22415 ], [ 80.64774, 22.22511 ], [ 80.70167, 22.20123 ], [ 80.73039, 22.21792 ], [ 80.70579, 22.26814 ], [ 80.78984, 22.31156 ], [ 80.79606, 22.37291 ], [ 80.81476, 22.3966 ], [ 80.86735, 22.37687 ], [ 80.88319, 22.33143 ], [ 80.91857, 22.32685 ], [ 80.91542, 22.27825 ], [ 81.02818, 22.26766 ], [ 81.04574, 22.23926 ], [ 81.092, 22.24687 ], [ 81.12003, 22.29332 ], [ 81.12216, 22.34191 ], [ 81.10548, 22.38104 ], [ 81.11737, 22.44097 ], [ 81.16014, 22.46466 ], [ 81.23431, 22.44978 ], [ 81.32218, 22.51463 ], [ 81.38647, 22.50265 ], [ 81.39436, 22.44868 ], [ 81.45366, 22.49596 ], [ 81.48173, 22.49288 ], [ 81.50065, 22.51973 ], [ 81.57037, 22.55102 ], [ 81.61641, 22.53663 ], [ 81.64732, 22.56323 ], [ 81.64886, 22.60765 ], [ 81.68607, 22.64896 ], [ 81.72606, 22.66608 ], [ 81.69039, 22.67414 ], [ 81.67881, 22.75046 ], [ 81.64976, 22.75718 ], [ 81.56343, 22.72596 ], [ 81.43866, 22.75111 ], [ 81.4153, 22.81203 ], [ 81.31048, 22.83216 ], [ 81.23978, 22.87451 ], [ 81.18283, 22.89442 ], [ 81.20072, 22.97069 ], [ 81.22288, 22.99497 ], [ 81.2525, 23.0674 ], [ 81.1934, 23.09708 ], [ 81.1857, 23.14304 ], [ 81.1457, 23.15808 ], [ 81.13193, 23.20331 ], [ 81.1423, 23.22713 ], [ 81.13381, 23.30632 ], [ 81.19336, 23.27767 ], [ 81.26477, 23.20039 ], [ 81.26985, 23.1695 ], [ 81.32608, 23.13065 ], [ 81.31905, 23.08575 ], [ 81.39005, 23.05133 ], [ 81.49368, 23.04983 ], [ 81.54511, 23.0019 ], [ 81.59586, 23.03242 ], [ 81.57273, 23.07135 ], [ 81.57938, 23.14536 ], [ 81.61041, 23.17477 ], [ 81.74056, 23.18506 ], [ 81.77749, 23.22829 ], [ 81.84269, 23.23371 ], [ 81.81552, 23.29289 ], [ 81.89791, 23.27715 ], [ 81.92154, 23.32121 ], [ 81.91932, 23.36159 ], [ 81.96576, 23.35134 ], [ 81.9788, 23.4208 ], [ 82.02364, 23.42279 ], [ 82.0574, 23.37436 ], [ 82.10254, 23.39791 ], [ 82.20066, 23.31156 ], [ 82.15027, 23.22505 ], [ 82.14491, 23.16472 ], [ 82.15864, 23.14154 ], [ 82.12345, 23.10362 ], [ 82.17806, 23.04082 ], [ 82.17979, 22.97085 ], [ 82.22418, 22.94085 ], [ 82.26033, 22.9387 ], [ 82.33145, 22.96716 ], [ 82.37244, 22.99727 ], [ 82.45077, 22.96685 ], [ 82.56725, 22.97292 ], [ 82.57549, 22.94303 ], [ 82.58075, 22.98662 ], [ 82.60915, 23.00861 ], [ 82.57166, 23.07003 ], [ 82.58449, 23.12995 ], [ 82.6396, 23.1418 ], [ 82.69108, 23.22831 ], [ 82.72804, 23.23271 ], [ 82.75773, 23.25557 ], [ 82.75679, 23.3383 ], [ 82.74504, 23.3584 ], [ 82.65281, 23.38462 ], [ 82.65164, 23.47381 ], [ 82.72244, 23.46441 ], [ 82.78939, 23.49527 ], [ 82.87409, 23.47485 ], [ 82.89292, 23.50125 ], [ 82.95644, 23.5192 ], [ 82.96274, 23.54698 ], [ 83.05236, 23.56907 ], [ 83.01796, 23.64442 ], [ 82.9998, 23.6577 ], [ 82.87557, 23.68802 ], [ 82.83942, 23.73488 ], [ 82.85494, 23.80757 ], [ 82.91684, 23.78011 ], [ 82.98275, 23.76851 ], [ 82.98998, 23.79956 ], [ 83.04985, 23.78717 ], [ 83.07953, 23.74257 ], [ 83.16443, 23.70565 ], [ 83.21252, 23.72443 ], [ 83.22056, 23.61069 ], [ 83.25894, 23.51155 ], [ 83.36196, 23.51443 ], [ 83.34171, 23.46825 ], [ 83.36783, 23.45271 ], [ 83.31237, 23.36318 ], [ 83.23898, 23.39765 ], [ 83.2154, 23.31356 ], [ 83.23016, 23.29701 ], [ 83.21824, 23.2252 ], [ 83.25465, 23.21174 ], [ 83.30784, 23.19836 ], [ 83.33132, 23.15808 ], [ 83.35862, 23.15828 ], [ 83.37919, 23.2516 ], [ 83.52978, 23.24183 ], [ 83.55683, 23.17419 ], [ 83.56035, 23.13326 ], [ 83.51093, 23.08887 ], [ 83.55105, 23.03071 ], [ 83.5096, 22.95639 ], [ 83.57935, 22.87316 ], [ 83.64842, 22.82304 ], [ 83.65264, 22.73962 ], [ 83.63868, 22.70316 ], [ 83.68354, 22.68218 ], [ 83.65447, 22.65193 ], [ 83.5607, 22.70026 ], [ 83.51301, 22.67586 ], [ 83.43762, 22.67244 ], [ 83.38788, 22.65823 ], [ 83.40093, 22.73197 ], [ 83.35244, 22.73357 ], [ 83.31886, 22.76083 ], [ 83.25359, 22.76961 ], [ 83.23717, 22.78608 ], [ 83.16542, 22.77294 ], [ 83.12193, 22.72786 ], [ 83.11439, 22.67729 ], [ 83.09417, 22.57607 ], [ 83.10889, 22.51154 ], [ 83.089, 22.47415 ], [ 83.114, 22.42396 ], [ 83.11088, 22.3651 ], [ 83.03775, 22.2497 ], [ 83.05419, 22.20511 ], [ 83.03047, 22.16944 ], [ 82.96889, 22.16286 ], [ 82.94088, 22.12252 ], [ 83.01492, 22.0743 ], [ 83.02434, 22.00824 ], [ 83.00787, 21.96397 ], [ 83.09354, 21.97309 ], [ 83.11706, 21.93191 ], [ 83.15186, 21.91196 ], [ 83.18362, 21.92287 ], [ 83.21939, 21.88368 ], [ 83.18408, 21.84566 ], [ 83.24003, 21.79037 ], [ 83.29124, 21.68167 ], [ 83.22981, 21.66355 ], [ 83.13118, 21.69526 ], [ 83.05251, 21.68939 ], [ 83.03255, 21.6706 ], [ 82.97753, 21.66917 ], [ 82.98447, 21.64228 ], [ 82.92695, 21.5518 ], [ 82.93454, 21.49495 ], [ 82.99905, 21.45719 ], [ 83.02831, 21.45434 ], [ 83.04807, 21.40329 ], [ 83.10974, 21.40381 ], [ 83.1227, 21.3699 ], [ 83.16028, 21.34711 ], [ 83.22164, 21.38285 ], [ 83.27718, 21.3788 ], [ 83.24961, 21.28034 ], [ 83.1973, 21.13965 ], [ 83.12707, 21.10517 ], [ 83.04784, 21.12293 ], [ 82.96334, 21.17929 ], [ 82.88654, 21.15287 ], [ 82.8473, 21.16708 ], [ 82.78942, 21.14471 ], [ 82.76484, 21.1622 ], [ 82.64329, 21.15297 ], [ 82.63922, 21.09059 ], [ 82.69377, 21.02225 ], [ 82.70138, 20.94086 ], [ 82.6863, 20.88405 ], [ 82.69164, 20.77325 ], [ 82.70294, 20.72625 ], [ 82.74322, 20.62356 ], [ 82.71577, 20.57086 ], [ 82.70748, 20.50075 ], [ 82.68674, 20.45063 ], [ 82.74541, 20.36274 ], [ 82.81428, 20.35499 ], [ 82.81439, 20.29572 ], [ 82.85051, 20.28809 ], [ 82.86275, 20.23563 ], [ 82.82497, 20.16611 ], [ 82.91127, 20.14907 ], [ 82.93238, 20.17987 ], [ 83.01342, 20.17105 ], [ 83.09097, 20.19925 ], [ 83.14553, 20.17084 ], [ 83.18365, 20.17339 ], [ 83.22637, 20.20557 ], [ 83.24117, 20.25921 ], [ 83.3003, 20.30408 ], [ 83.34379, 20.31736 ], [ 83.41218, 20.3731 ], [ 83.42347, 20.40393 ], [ 83.48769, 20.45461 ], [ 83.49079, 20.41629 ], [ 83.56566, 20.39139 ], [ 83.5771, 20.36567 ], [ 83.62507, 20.35126 ], [ 83.6525, 20.38998 ], [ 83.70561, 20.3709 ], [ 83.72035, 20.23954 ], [ 83.79066, 20.18133 ], [ 83.73402, 20.14991 ], [ 83.71089, 20.10305 ], [ 83.67804, 20.1132 ], [ 83.63555, 20.0905 ], [ 83.57463, 20.08828 ], [ 83.54428, 20.02257 ], [ 83.5031, 19.99255 ], [ 83.49608, 19.9602 ], [ 83.56232, 19.9253 ], [ 83.52853, 19.87763 ], [ 83.54518, 19.84343 ], [ 83.61944, 19.81564 ], [ 83.62818, 19.74314 ], [ 83.64543, 19.69885 ], [ 83.70086, 19.68685 ], [ 83.74042, 19.65514 ], [ 83.76898, 19.71357 ], [ 83.84342, 19.71023 ], [ 83.87387, 19.67472 ], [ 83.92043, 19.67981 ], [ 83.94306, 19.6357 ], [ 83.92708, 19.63093 ], [ 83.94387, 19.55055 ], [ 83.97706, 19.53092 ], [ 83.97851, 19.48614 ], [ 83.94405, 19.42045 ], [ 83.9469, 19.39821 ], [ 84.01718, 19.37474 ], [ 84.02987, 19.34602 ], [ 84.02154, 19.28523 ], [ 83.98284, 19.20957 ], [ 83.98444, 19.16209 ], [ 84.02417, 19.14218 ], [ 84.0134, 19.09411 ], [ 83.96514, 19.04513 ], [ 83.98777, 19.02107 ], [ 83.95191, 18.98975 ], [ 83.91331, 19.01807 ], [ 83.89777, 18.98421 ], [ 83.86278, 18.97999 ], [ 83.81412, 19.03201 ], [ 83.79585, 19.01676 ], [ 83.84245, 18.9185 ], [ 83.85123, 18.86073 ], [ 83.87776, 18.82786 ], [ 83.94732, 18.80614 ], [ 84.01488, 18.81379 ], [ 84.05542, 18.79317 ], [ 84.08925, 18.75444 ], [ 84.22406, 18.7971 ], [ 84.25336, 18.7833 ], [ 84.3395, 18.80195 ], [ 84.35158, 18.84258 ], [ 84.3933, 18.89281 ], [ 84.43652, 18.92346 ], [ 84.42281, 18.94753 ], [ 84.43692, 19.01073 ], [ 84.48491, 19.01747 ], [ 84.51695, 19.04702 ], [ 84.62676, 19.08607 ], [ 84.61631, 19.1269 ], [ 84.66806, 19.13135 ], [ 84.76758, 19.08116 ], [ 84.67507, 18.9568 ], [ 84.61129, 18.89738 ], [ 84.55278, 18.79271 ], [ 84.49166, 18.74003 ], [ 84.44169, 18.66196 ], [ 84.36111, 18.58251 ], [ 84.35599, 18.55681 ], [ 84.26074, 18.47939 ], [ 84.15349, 18.37617 ], [ 84.12736, 18.31345 ], [ 84.07089, 18.2755 ], [ 83.94056, 18.21115 ], [ 83.8766, 18.18811 ], [ 83.72796, 18.11684 ], [ 83.67454, 18.08341 ], [ 83.57396, 18.01438 ], [ 83.53144, 17.95043 ], [ 83.48842, 17.92471 ], [ 83.40887, 17.84106 ], [ 83.41643, 17.82269 ], [ 83.34575, 17.7254 ], [ 83.30979, 17.70497 ], [ 83.28293, 17.66085 ], [ 83.23189, 17.62338 ], [ 83.21302, 17.59102 ], [ 83.16312, 17.56095 ], [ 83.02266, 17.5078 ], [ 82.9916, 17.47283 ], [ 82.70601, 17.34375 ], [ 82.54839, 17.2524 ], [ 82.54108, 17.3351 ], [ 82.55387, 17.39242 ], [ 82.60422, 17.46351 ], [ 82.5609, 17.50921 ], [ 82.45675, 17.5135 ], [ 82.41165, 17.47351 ], [ 82.33206, 17.5289 ], [ 82.34716, 17.57991 ], [ 82.26822, 17.62351 ], [ 82.21737, 17.63883 ], [ 82.16292, 17.61585 ], [ 82.12825, 17.65509 ], [ 82.02772, 17.63208 ], [ 82.03881, 17.71691 ], [ 81.98546, 17.76831 ], [ 81.95436, 17.74197 ], [ 81.86803, 17.75479 ], [ 81.97774, 17.84291 ], [ 82.03148, 17.93762 ], [ 81.9817, 18.01455 ], [ 81.94383, 17.99247 ], [ 81.80971, 17.94487 ], [ 81.76698, 17.90217 ], [ 81.71188, 17.86994 ], [ 81.66564, 17.88154 ], [ 81.61987, 17.82412 ], [ 81.4899, 17.81145 ], [ 81.47881, 17.83173 ], [ 81.39368, 17.81505 ], [ 81.26271, 17.82039 ] ] ] } },
{ "type": "Feature", "properties": { "state": "Dadra & Nagar Haveli And Daman & Diu" }, "geometry": { "type": "Polygon", "coordinates": [ [ [ 73.2105, 20.09827 ], [ 73.17261, 20.05259 ], [ 73.12773, 20.08614 ], [ 73.0487, 20.09771 ], [ 72.99484, 20.11897 ], [ 72.96092, 20.2134 ], [ 72.87445, 20.22777 ], [ 72.84026, 20.20918 ], [ 72.79153, 20.12636 ], [ 72.7278, 20.12949 ], [ 72.74506, 20.21331 ], [ 72.73948, 20.24365 ], [ 72.77823, 20.33765 ], [ 72.8209, 20.36749 ], [ 72.82998, 20.44446 ], [ 72.85179, 20.46453 ], [ 72.88503, 20.50986 ], [ 72.8948, 20.59781 ], [ 72.85159, 20.73232 ], [ 72.89952, 20.73621 ], [ 72.96346, 20.72119 ], [ 72.97353, 20.74329 ], [ 73.03761, 20.70338 ], [ 73.07557, 20.60055 ], [ 73.21677, 20.60417 ], [ 73.26142, 20.58179 ], [ 73.40869, 20.62646 ], [ 73.43316, 20.59539 ], [ 73.47376, 20.58383 ], [ 73.46878, 20.4953 ], [ 73.44169, 20.46702 ], [ 73.40724, 20.38197 ], [ 73.41855, 20.31635 ], [ 73.41266, 20.24275 ], [ 73.42227, 20.2067 ], [ 73.36642, 20.19321 ], [ 73.30301, 20.20782 ], [ 73.28538, 20.15454 ], [ 73.25105, 20.12539 ], [ 73.20772, 20.12277 ], [ 73.2105, 20.09827 ] ] ] } },
{ "type": "Feature", "properties": { "state": "Delhi" }, "geometry": { "type": "Polygon", "coordinates": [ [ [ 77.23943, 28.46767 ], [ 77.25022, 28.42419 ], [ 77.17523, 28.40447 ], [ 77.12909, 28.44119 ], [ 77.119457, 28.488951 ], [ 77.092758, 28.513799 ], [ 77.00712, 28.54144 ], [ 76.95472, 28.50493 ], [ 76.88624, 28.50077 ], [ 76.84533, 28.55036 ], [ 76.88564, 28.62773 ], [ 76.92152, 28.63106 ], [ 76.9544, 28.66172 ], [ 76.966887, 28.697345 ], [ 76.94449, 28.75383 ], [ 76.95113, 28.81817 ], [ 76.962383, 28.815937 ], [ 76.99441, 28.83977 ], [ 77.04013, 28.83184 ], [ 77.06112, 28.87085 ], [ 77.12119, 28.85812 ], [ 77.20755, 28.85688 ], [ 77.22029, 28.83006 ], [ 77.207288, 28.788581 ], [ 77.20756, 28.78845 ], [ 77.29081, 28.72221 ], [ 77.295917, 28.704574 ], [ 77.32383, 28.676205 ], [ 77.33042, 28.63122 ], [ 77.29924, 28.575318 ], [ 77.34349, 28.51467 ], [ 77.32651, 28.48972 ], [ 77.265019, 28.484971 ], [ 77.23943, 28.46767 ] ] ] } },
{ "type": "Feature", "properties": { "state": "Goa" }, "geometry": { "type": "Polygon", "coordinates": [ [ [ 74.27712, 15.4464 ], [ 74.28462, 15.38455 ], [ 74.32321, 15.37061 ], [ 74.32906, 15.28628 ], [ 74.27764, 15.28469 ], [ 74.25813, 15.2453 ], [ 74.30151, 15.22665 ], [ 74.31685, 15.18755 ], [ 74.28435, 15.14662 ], [ 74.27585, 15.10535 ], [ 74.29725, 15.04343 ], [ 74.27122, 15.01321 ], [ 74.25684, 14.96115 ], [ 74.19866, 14.94144 ], [ 74.18096, 14.95696 ], [ 74.0918, 14.89966 ], [ 74.04325, 14.9186 ], [ 74.04965, 14.95777 ], [ 74.0245, 15.00895 ], [ 73.98052, 15.05267 ], [ 73.93204, 15.07865 ], [ 73.94429, 15.16009 ], [ 73.8924, 15.33612 ], [ 73.85872, 15.39797 ], [ 73.90461, 15.40387 ], [ 73.88619, 15.43194 ], [ 73.79792, 15.45992 ], [ 73.76899, 15.49075 ], [ 73.75285, 15.55111 ], [ 73.6881, 15.7235 ], [ 73.67411, 15.72842 ], [ 73.8261, 15.7405 ], [ 73.8537, 15.79729 ], [ 73.87628, 15.7506 ], [ 73.93942, 15.73946 ], [ 73.96753, 15.69123 ], [ 73.97063, 15.62941 ], [ 74.00014, 15.60706 ], [ 74.08442, 15.62928 ], [ 74.11942, 15.65365 ], [ 74.24965, 15.65734 ], [ 74.26193, 15.62021 ], [ 74.24873, 15.56902 ], [ 74.27833, 15.52268 ], [ 74.25319, 15.48919 ], [ 74.27712, 15.4464 ] ] ] } },
{ "type": "Feature", "properties": { "state": "Gujarat" }, "geometry": { "type": "MultiPolygon", "coordinates": [ [ [ [ 70.67156, 20.76051 ], [ 70.58675, 20.78192 ], [ 70.46754, 20.83932 ], [ 70.39455, 20.89317 ], [ 70.35799, 20.9054 ], [ 70.22955, 20.99993 ], [ 70.10006, 21.10501 ], [ 69.98249, 21.22687 ], [ 69.70668, 21.53671 ], [ 69.6028, 21.63639 ], [ 69.58895, 21.63553 ], [ 69.37467, 21.82797 ], [ 69.28228, 21.89665 ], [ 69.1872, 21.98941 ], [ 69.05685, 22.12808 ], [ 68.95292, 22.24943 ], [ 68.93721, 22.31254 ], [ 68.97692, 22.40195 ], [ 69.01117, 22.4416 ], [ 69.06487, 22.39437 ], [ 69.12795, 22.39634 ], [ 69.19205, 22.41676 ], [ 69.17221, 22.35965 ], [ 69.16893, 22.29455 ], [ 69.23874, 22.25871 ], [ 69.31997, 22.29069 ], [ 69.34182, 22.32567 ], [ 69.41806, 22.31553 ], [ 69.48815, 22.33738 ], [ 69.55369, 22.39748 ], [ 69.56254, 22.35651 ], [ 69.61793, 22.3468 ], [ 69.65776, 22.36079 ], [ 69.69918, 22.42093 ], [ 69.74642, 22.43032 ], [ 69.79879, 22.39351 ], [ 69.84198, 22.45614 ], [ 69.87906, 22.4488 ], [ 69.94414, 22.5323 ], [ 70.03608, 22.55801 ], [ 70.08381, 22.5444 ], [ 70.16813, 22.55256 ], [ 70.24446, 22.67228 ], [ 70.24555, 22.72434 ], [ 70.27657, 22.73644 ], [ 70.38118, 22.90578 ], [ 70.42416, 22.93226 ], [ 70.43324, 22.96012 ], [ 70.43315, 22.97847 ], [ 70.47195, 23.01208 ], [ 70.49473, 23.07859 ], [ 70.44525, 23.06488 ], [ 70.40068, 23.02869 ], [ 70.3846, 22.94509 ], [ 70.33331, 22.93032 ], [ 70.28192, 22.94492 ], [ 70.23486, 22.98402 ], [ 70.22041, 22.95612 ], [ 70.15167, 22.94191 ], [ 70.10617, 22.91005 ], [ 69.95691, 22.89289 ], [ 69.90879, 22.86294 ], [ 69.86651, 22.8674 ], [ 69.74858, 22.81179 ], [ 69.71452, 22.73485 ], [ 69.60361, 22.75744 ], [ 69.54769, 22.7867 ], [ 69.48379, 22.77291 ], [ 69.41218, 22.80609 ], [ 69.31469, 22.83246 ], [ 69.27239, 22.82599 ], [ 69.19646, 22.83891 ], [ 69.02309, 22.94258 ], [ 68.96216, 22.97004 ], [ 68.82341, 23.05128 ], [ 68.76264, 23.07806 ], [ 68.66318, 23.14479 ], [ 68.58801, 23.21907 ], [ 68.63615, 23.24247 ], [ 68.63398, 23.33451 ], [ 68.58694, 23.34507 ], [ 68.54833, 23.38943 ], [ 68.48161, 23.54644 ], [ 68.48942, 23.60386 ], [ 68.52453, 23.64217 ], [ 68.55191, 23.72295 ], [ 68.62748, 23.74344 ], [ 68.65045, 23.80502 ], [ 68.75246, 23.83261 ], [ 68.72236, 23.86666 ], [ 68.67789, 23.86554 ], [ 68.63001, 23.83938 ], [ 68.58928, 23.84164 ], [ 68.54264, 23.76551 ], [ 68.48892, 23.72262 ], [ 68.43595, 23.72842 ], [ 68.41373, 23.71296 ], [ 68.36573, 23.62186 ], [ 68.3214, 23.57981 ], [ 68.27135, 23.57104 ], [ 68.19927, 23.59505 ], [ 68.21868, 23.65193 ], [ 68.27319, 23.65593 ], [ 68.17939, 23.74108 ], [ 68.20251, 23.78102 ], [ 68.20972, 23.8768 ], [ 68.28296, 23.9313 ], [ 68.32169, 23.9227 ], [ 68.34065, 23.96386 ], [ 68.37504, 23.99097 ], [ 68.39861, 23.96912 ], [ 68.43206, 23.99584 ], [ 68.4847, 23.99968 ], [ 68.50519, 23.96304 ], [ 68.55922, 23.92358 ], [ 68.59649, 23.96298 ], [ 68.75334, 23.97114 ], [ 68.7727, 24.29878 ], [ 68.82915, 24.31412 ], [ 68.85672, 24.21384 ], [ 68.89433, 24.26245 ], [ 68.94509, 24.30034 ], [ 68.98327, 24.22718 ], [ 69.01366, 24.22295 ], [ 69.09633, 24.27175 ], [ 69.19417, 24.23483 ], [ 69.31275, 24.27986 ], [ 69.36664, 24.26848 ], [ 69.446, 24.2789 ], [ 69.51194, 24.2684 ], [ 69.59364, 24.29101 ], [ 69.73102, 24.16966 ], [ 70.02537, 24.16955 ], [ 70.06778, 24.19799 ], [ 70.10986, 24.291 ], [ 70.16785, 24.30239 ], [ 70.30239, 24.34449 ], [ 70.36699, 24.34864 ], [ 70.40531, 24.36985 ], [ 70.57318, 24.41937 ], [ 70.59411, 24.39675 ], [ 70.56015, 24.35403 ], [ 70.58288, 24.2781 ], [ 70.57034, 24.25074 ], [ 70.64383, 24.22308 ], [ 70.71594, 24.21359 ], [ 70.80613, 24.21945 ], [ 70.90903, 24.25881 ], [ 70.87576, 24.29457 ], [ 70.98522, 24.36328 ], [ 71.04224, 24.34962 ], [ 71.08497, 24.39315 ], [ 71.10353, 24.43713 ], [ 71.03673, 24.43439 ], [ 70.9999, 24.44826 ], [ 71.00793, 24.52831 ], [ 70.98824, 24.5961 ], [ 71.02467, 24.63928 ], [ 71.09727, 24.68884 ], [ 71.11303, 24.67051 ], [ 71.1894, 24.64876 ], [ 71.29031, 24.61308 ], [ 71.34958, 24.6593 ], [ 71.37592, 24.62682 ], [ 71.48166, 24.67865 ], [ 71.61032, 24.67503 ], [ 71.65534, 24.63744 ], [ 71.71033, 24.65834 ], [ 71.79328, 24.67426 ], [ 71.80598, 24.6255 ], [ 71.86308, 24.62698 ], [ 71.86562, 24.67573 ], [ 71.90673, 24.67298 ], [ 71.92911, 24.63014 ], [ 71.9881, 24.65625 ], [ 71.98898, 24.68067 ], [ 72.04762, 24.70875 ], [ 72.08048, 24.69986 ], [ 72.08001, 24.65558 ], [ 72.14599, 24.63673 ], [ 72.18122, 24.61195 ], [ 72.22548, 24.63527 ], [ 72.31076, 24.61102 ], [ 72.33599, 24.62507 ], [ 72.30967, 24.58753 ], [ 72.27484, 24.60224 ], [ 72.24645, 24.58248 ], [ 72.2906, 24.54061 ], [ 72.35363, 24.55452 ], [ 72.38199, 24.50243 ], [ 72.44399, 24.49506 ], [ 72.43241, 24.46227 ], [ 72.46038, 24.40879 ], [ 72.50585, 24.41989 ], [ 72.49646, 24.45188 ], [ 72.54071, 24.50833 ], [ 72.5847, 24.47386 ], [ 72.655, 24.4576 ], [ 72.72891, 24.36223 ], [ 72.86488, 24.36644 ], [ 72.92076, 24.32681 ], [ 72.96239, 24.35151 ], [ 72.96126, 24.39262 ], [ 72.98782, 24.42125 ], [ 72.97824, 24.45143 ], [ 73.01017, 24.48271 ], [ 73.04849, 24.46548 ], [ 73.09198, 24.49485 ], [ 73.10376, 24.42041 ], [ 73.08237, 24.3946 ], [ 73.1846, 24.33484 ], [ 73.14235, 24.30784 ], [ 73.08883, 24.22098 ], [ 73.0797, 24.1851 ], [ 73.14424, 24.12251 ], [ 73.22104, 24.09803 ], [ 73.19821, 24.05725 ], [ 73.24297, 24.01048 ], [ 73.28833, 24.02706 ], [ 73.32402, 24.0621 ], [ 73.33273, 24.1147 ], [ 73.41143, 24.05049 ], [ 73.41759, 23.92281 ], [ 73.38385, 23.90525 ], [ 73.35704, 23.85415 ], [ 73.36758, 23.81389 ], [ 73.44808, 23.75195 ], [ 73.47655, 23.70829 ], [ 73.50769, 23.69623 ], [ 73.49831, 23.63311 ], [ 73.52396, 23.60986 ], [ 73.56818, 23.65266 ], [ 73.61657, 23.65049 ], [ 73.65836, 23.62189 ], [ 73.63441, 23.53018 ], [ 73.63002, 23.45146 ], [ 73.7017, 23.45473 ], [ 73.71468, 23.41777 ], [ 73.76238, 23.45742 ], [ 73.78074, 23.43344 ], [ 73.82469, 23.4456 ], [ 73.8646, 23.39447 ], [ 73.89209, 23.3358 ], [ 73.93685, 23.34002 ], [ 73.96053, 23.37995 ], [ 74.00089, 23.33482 ], [ 73.96199, 23.22131 ], [ 73.98987, 23.16041 ], [ 74.0026, 23.07953 ], [ 73.96046, 23.11035 ], [ 73.90798, 23.07769 ], [ 73.90745, 23.04736 ], [ 73.90825, 22.98324 ], [ 73.89076, 22.94863 ], [ 73.88263, 22.86747 ], [ 73.84125, 22.8234 ], [ 73.82228, 22.7788 ], [ 73.85071, 22.75296 ], [ 73.82928, 22.6566 ], [ 73.85603, 22.56433 ], [ 73.81093, 22.54782 ], [ 73.85354, 22.51134 ], [ 73.90926, 22.50809 ], [ 74.03805, 22.57052 ], [ 74.06398, 22.54956 ], [ 74.10224, 22.43207 ], [ 74.22116, 22.43854 ], [ 74.26175, 22.42311 ], [ 74.27156, 22.39152 ], [ 74.19568, 22.34161 ], [ 74.13263, 22.33177 ], [ 74.10687, 22.37089 ], [ 74.06898, 22.35898 ], [ 74.05628, 22.28537 ], [ 74.07023, 22.22839 ], [ 74.11973, 22.21162 ], [ 74.12944, 22.09509 ], [ 74.15988, 22.05933 ], [ 74.11691, 22.02216 ], [ 74.15128, 21.98115 ], [ 74.14497, 21.95286 ], [ 74.04303, 21.92175 ], [ 73.94507, 21.86961 ], [ 73.82829, 21.80657 ], [ 73.8419, 21.74126 ], [ 73.88587, 21.70987 ], [ 73.88117, 21.64432 ], [ 73.82438, 21.63912 ], [ 73.81845, 21.60003 ], [ 73.85609, 21.49518 ], [ 73.93319, 21.51992 ], [ 73.98327, 21.52162 ], [ 74.02024, 21.55138 ], [ 74.06524, 21.5586 ], [ 74.15193, 21.55114 ], [ 74.20166, 21.52819 ], [ 74.28843, 21.55765 ], [ 74.33236, 21.53907 ], [ 74.3026, 21.4783 ], [ 74.21904, 21.45798 ], [ 74.0741, 21.45695 ], [ 74.04434, 21.41862 ], [ 73.95745, 21.3924 ], [ 73.94385, 21.2969 ], [ 73.88713, 21.26184 ], [ 73.82709, 21.26696 ], [ 73.81735, 21.17147 ], [ 73.73615, 21.16676 ], [ 73.73116, 21.13795 ], [ 73.6756, 21.15184 ], [ 73.63053, 21.13245 ], [ 73.68765, 21.10073 ], [ 73.79279, 21.06787 ], [ 73.79728, 21.04555 ], [ 73.85201, 20.99729 ], [ 73.90133, 20.9827 ], [ 73.89114, 20.93259 ], [ 73.79711, 20.95821 ], [ 73.75174, 21.00426 ], [ 73.66096, 21.0062 ], [ 73.63583, 20.97223 ], [ 73.57102, 21.01188 ], [ 73.54764, 21.00581 ], [ 73.53225, 20.93659 ], [ 73.49666, 20.91764 ], [ 73.50028, 20.81875 ], [ 73.45584, 20.81334 ], [ 73.3859, 20.8251 ], [ 73.31919, 20.88194 ], [ 73.30383, 20.81738 ], [ 73.25873, 20.81799 ], [ 73.25064, 20.84896 ], [ 73.19913, 20.86058 ], [ 73.16863, 20.90041 ], [ 73.09513, 20.93689 ], [ 73.04405, 21.00597 ], [ 73.0143, 21.0182 ], [ 73.01927, 21.05901 ], [ 72.95194, 21.06496 ], [ 72.90882, 21.04406 ], [ 72.87442, 21.0561 ], [ 72.8381, 21.02663 ], [ 72.77651, 21.02452 ], [ 72.7235, 21.05846 ], [ 72.68499, 21.08696 ], [ 72.64795, 21.0621 ], [ 72.61388, 21.08989 ], [ 72.61098, 21.17849 ], [ 72.62048, 21.23021 ], [ 72.59554, 21.26204 ], [ 72.6048, 21.32229 ], [ 72.64932, 21.3674 ], [ 72.63572, 21.3875 ], [ 72.66687, 21.42803 ], [ 72.64538, 21.43709 ], [ 72.66675, 21.51378 ], [ 72.61628, 21.55088 ], [ 72.61011, 21.58232 ], [ 72.63868, 21.61857 ], [ 72.70664, 21.6493 ], [ 72.7112, 21.67905 ], [ 72.59856, 21.6812 ], [ 72.55844, 21.65735 ], [ 72.50823, 21.67542 ], [ 72.53655, 21.73919 ], [ 72.53634, 21.78433 ], [ 72.61799, 21.86952 ], [ 72.58614, 21.89435 ], [ 72.51462, 21.84096 ], [ 72.5, 21.90489 ], [ 72.5125, 22.04451 ], [ 72.54814, 22.15391 ], [ 72.59982, 22.21627 ], [ 72.65141, 22.21581 ], [ 72.70243, 22.18524 ], [ 72.75881, 22.17333 ], [ 72.77142, 22.23839 ], [ 72.71574, 22.25848 ], [ 72.67791, 22.25265 ], [ 72.65649, 22.28061 ], [ 72.5412, 22.28112 ], [ 72.49965, 22.25371 ], [ 72.46767, 22.25871 ], [ 72.43198, 22.30296 ], [ 72.38915, 22.31567 ], [ 72.39628, 22.36471 ], [ 72.35159, 22.29123 ], [ 72.37173, 22.25728 ], [ 72.35703, 22.20574 ], [ 72.3122, 22.16848 ], [ 72.28479, 22.07996 ], [ 72.23953, 22.0604 ], [ 72.22152, 21.94548 ], [ 72.24912, 21.89239 ], [ 72.27714, 21.72032 ], [ 72.30365, 21.61924 ], [ 72.27294, 21.57813 ], [ 72.25438, 21.50047 ], [ 72.21412, 21.42452 ], [ 72.13922, 21.34525 ], [ 72.1223, 21.20073 ], [ 71.96564, 21.12407 ], [ 71.89897, 21.10953 ], [ 71.8796, 21.09042 ], [ 71.80425, 21.06166 ], [ 71.76011, 21.02233 ], [ 71.67964, 21.00055 ], [ 71.6262, 20.96894 ], [ 71.51941, 20.95095 ], [ 71.46273, 20.88128 ], [ 71.32153, 20.84673 ], [ 71.20931, 20.80139 ], [ 71.1479, 20.75788 ], [ 71.08919, 20.75682 ], [ 71.07773, 20.73724 ], [ 71.00806, 20.73809 ], [ 70.99392, 20.71094 ], [ 70.87109, 20.70789 ], [ 70.82146, 20.69412 ], [ 70.71881, 20.73181 ], [ 70.67156, 20.76051 ] ] ], [ [ [ 69.32491, 22.4695 ], [ 69.2823, 22.41439 ], [ 69.26819, 22.4511 ], [ 69.29303, 22.48059 ], [ 69.32491, 22.4695 ] ] ], [ [ [ 72.39842, 21.98908 ], [ 72.40299, 21.9297 ], [ 72.34642, 21.80337 ], [ 72.31795, 21.81995 ], [ 72.29422, 21.91511 ], [ 72.3096, 21.97907 ], [ 72.33683, 21.99636 ], [ 72.39842, 21.98908 ] ] ] ] } },
{ "type": "Feature", "properties": { "state": "Haryana" }, "geometry": { "type": "Polygon", "coordinates": [ [ [ 75.6381, 27.71621 ], [ 75.62066, 27.70276 ], [ 75.53734, 27.70912 ], [ 75.41887, 27.64397 ], [ 75.35078, 27.70024 ], [ 75.29023, 27.716 ], [ 75.28847, 27.81611 ], [ 75.24284, 27.81044 ], [ 75.23104, 27.87769 ], [ 75.19629, 27.9105 ], [ 75.14944, 28.0257 ], [ 75.10367, 28.06427 ], [ 75.12965, 28.13481 ], [ 75.09055, 28.1594 ], [ 75.07531, 28.1921 ], [ 75.03049, 28.19811 ], [ 74.94904, 28.18725 ], [ 74.89358, 28.19183 ], [ 74.86904, 28.14511 ], [ 74.78899, 28.07776 ], [ 74.80929, 28.05826 ], [ 74.78217, 27.9556 ], [ 74.82204, 27.93798 ], [ 74.80186, 27.89633 ], [ 74.73929, 27.88914 ], [ 74.74166, 27.85516 ], [ 74.79777, 27.83689 ], [ 74.8183, 27.79968 ], [ 74.74231, 27.76445 ], [ 74.73201, 27.676 ], [ 74.68206, 27.66723 ], [ 74.62932, 27.64824 ], [ 74.6078, 27.67635 ], [ 74.49659, 27.66564 ], [ 74.4431, 27.6916 ], [ 74.34481, 27.67939 ], [ 74.27698, 27.61028 ], [ 74.23972, 27.52646 ], [ 74.20706, 27.5061 ], [ 74.20573, 27.42381 ], [ 74.15517, 27.41059 ], [ 74.13833, 27.46064 ], [ 74.08321, 27.47907 ], [ 74.03133, 27.5349 ], [ 73.97484, 27.50597 ], [ 73.90324, 27.49631 ], [ 73.85267, 27.55111 ], [ 73.85978, 27.60774 ], [ 73.83734, 27.69425 ], [ 73.832, 27.77081 ], [ 73.91799, 27.77387 ], [ 73.9692, 27.79573 ], [ 73.98334, 27.74968 ], [ 74.05027, 27.72057 ], [ 74.12808, 27.78878 ], [ 74.21785, 27.81182 ], [ 74.22523, 27.85054 ], [ 74.20876, 27.89805 ], [ 74.23401, 27.92048 ], [ 74.23973, 28.00083 ], [ 74.28979, 28.04068 ], [ 74.29899, 28.13489 ], [ 74.34765, 28.15973 ], [ 74.35302, 28.20427 ], [ 74.30957, 28.23147 ], [ 74.23982, 28.2309 ], [ 74.21575, 28.25668 ], [ 74.20146, 28.3119 ], [ 74.16663, 28.30928 ], [ 74.12061, 28.33861 ], [ 74.04752, 28.34554 ], [ 74.03261, 28.39872 ], [ 74.06866, 28.41581 ], [ 74.06169, 28.52904 ], [ 74.10948, 28.5891 ], [ 74.08385, 28.65025 ], [ 74.10078, 28.67942 ], [ 74.19545, 28.7114 ], [ 74.16192, 28.77714 ], [ 74.13702, 28.79553 ], [ 74.0977, 28.78293 ], [ 74.13132, 28.8752 ], [ 74.11322, 28.94015 ], [ 74.03014, 29.00709 ], [ 74.09666, 29.04875 ], [ 74.09936, 29.10379 ], [ 74.14692, 29.11398 ], [ 74.12761, 29.24341 ], [ 73.98603, 29.30576 ], [ 73.85145, 29.31717 ], [ 73.82053, 29.38072 ], [ 73.87673, 29.41276 ], [ 73.87875, 29.45005 ], [ 73.83217, 29.49338 ], [ 73.83215, 29.52949 ], [ 73.76475, 29.52534 ], [ 73.76779, 29.5689 ], [ 73.81821, 29.57525 ], [ 73.86849, 29.62043 ], [ 73.9125, 29.61935 ], [ 74.02462, 29.65608 ], [ 74.0652, 29.65428 ], [ 74.06316, 29.70735 ], [ 74.13728, 29.68724 ], [ 74.14921, 29.71645 ], [ 74.28662, 29.81774 ], [ 74.26304, 29.87269 ], [ 74.3046, 29.87837 ], [ 74.35279, 29.95185 ], [ 74.45262, 29.94674 ], [ 74.52833, 29.94285 ], [ 74.63713, 29.90517 ], [ 74.70831, 29.9702 ], [ 74.73495, 29.96084 ], [ 74.81225, 29.9914 ], [ 74.8607, 29.95783 ], [ 74.9352, 29.94004 ], [ 74.9542, 29.90098 ], [ 75.00072, 29.85659 ], [ 75.11384, 29.89512 ], [ 75.11328, 29.80057 ], [ 75.18969, 29.8348 ], [ 75.18508, 29.96825 ], [ 75.23555, 29.95661 ], [ 75.28027, 30.00002 ], [ 75.26159, 30.01624 ], [ 75.27194, 30.10907 ], [ 75.34682, 30.1295 ], [ 75.37324, 30.20028 ], [ 75.42851, 30.18654 ], [ 75.4652, 30.19621 ], [ 75.50848, 30.14528 ], [ 75.57706, 30.14422 ], [ 75.62489, 30.14264 ], [ 75.64618, 30.10245 ], [ 75.6432, 30.03008 ], [ 75.69241, 30.00729 ], [ 75.64746, 29.95177 ], [ 75.67438, 29.90847 ], [ 75.73365, 29.93292 ], [ 75.76095, 29.8917 ], [ 75.77557, 29.8344 ], [ 75.73754, 29.80837 ], [ 75.78323, 29.82217 ], [ 75.84938, 29.81538 ], [ 75.87531, 29.74891 ], [ 75.94698, 29.72929 ], [ 76.05315, 29.74508 ], [ 76.10237, 29.80709 ], [ 76.13322, 29.79569 ], [ 76.21627, 29.8407 ], [ 76.23735, 29.88118 ], [ 76.19475, 29.89007 ], [ 76.19104, 29.94249 ], [ 76.21121, 30.03108 ], [ 76.26195, 30.10344 ], [ 76.34091, 30.10563 ], [ 76.40261, 30.12358 ], [ 76.4351, 30.15902 ], [ 76.46667, 30.09628 ], [ 76.54626, 30.0786 ], [ 76.57529, 30.10075 ], [ 76.61609, 30.0728 ], [ 76.64538, 30.10188 ], [ 76.63818, 30.14789 ], [ 76.6404, 30.1508 ], [ 76.68614, 30.1886 ], [ 76.76418, 30.19169 ], [ 76.85169, 30.25439 ], [ 76.88296, 30.19954 ], [ 76.9163, 30.20544 ], [ 76.96453, 30.15776 ], [ 77.00858, 30.16181 ], [ 77.06995, 30.13106 ], [ 77.11074, 30.1785 ], [ 77.07745, 30.1995 ], [ 77.13283, 30.24652 ], [ 77.1423, 30.28575 ], [ 77.18983, 30.30707 ], [ 77.17028, 30.35964 ], [ 77.18755, 30.39651 ], [ 77.17434, 30.45719 ], [ 77.21315, 30.49659 ], [ 77.32177, 30.44784 ], [ 77.39115, 30.44131 ], [ 77.44603, 30.39576 ], [ 77.49359, 30.41146 ], [ 77.51571, 30.44512 ], [ 77.55713, 30.38807 ], [ 77.58843, 30.37763 ], [ 77.58347, 30.30717 ], [ 77.54114, 30.27606 ], [ 77.48118, 30.18402 ], [ 77.43546, 30.16379 ], [ 77.40675, 30.08773 ], [ 77.38349, 30.09126 ], [ 77.33497, 30.05355 ], [ 77.29733, 30.05289 ], [ 77.27833, 30.00002 ], [ 77.2302, 29.93945 ], [ 77.19042, 29.91302 ], [ 77.20274, 29.86848 ], [ 77.17935, 29.81213 ], [ 77.12363, 29.75041 ], [ 77.1502, 29.68903 ], [ 77.10675, 29.63232 ], [ 77.12172, 29.56633 ], [ 77.0966, 29.5205 ], [ 77.13259, 29.48487 ], [ 77.13196, 29.34114 ], [ 77.15305, 29.29744 ], [ 77.13418, 29.22335 ], [ 77.14398, 29.16681 ], [ 77.16445, 29.07932 ], [ 77.20314, 28.98562 ], [ 77.19685, 28.93802 ], [ 77.23239, 28.92004 ], [ 77.20755, 28.85688 ], [ 77.12119, 28.85812 ], [ 77.06112, 28.87085 ], [ 77.04013, 28.83184 ], [ 76.99441, 28.83977 ], [ 76.962383, 28.815937 ], [ 76.95113, 28.81817 ], [ 76.94449, 28.75383 ], [ 76.966887, 28.697345 ], [ 76.9544, 28.66172 ], [ 76.92152, 28.63106 ], [ 76.88564, 28.62773 ], [ 76.84533, 28.55036 ], [ 76.88624, 28.50077 ], [ 76.82913, 28.50427 ], [ 76.81523, 28.47984 ], [ 76.71797, 28.43744 ], [ 76.70813, 28.40102 ], [ 76.66966, 28.37898 ], [ 76.67398, 28.27008 ], [ 76.76863, 28.2407 ], [ 76.79741, 28.25579 ], [ 76.84916, 28.23925 ], [ 76.85367, 28.22059 ], [ 76.80599, 28.20558 ], [ 76.79592, 28.14841 ], [ 76.74434, 28.12154 ], [ 76.71642, 28.12778 ], [ 76.6524, 28.0616 ], [ 76.66891, 28.01381 ], [ 76.60687, 28.00372 ], [ 76.56448, 27.96588 ], [ 76.53102, 28.04012 ], [ 76.46232, 28.0405 ], [ 76.50008, 28.10019 ], [ 76.47652, 28.14854 ], [ 76.40162, 28.14498 ], [ 76.3124, 28.17802 ], [ 76.33502, 28.13344 ], [ 76.32261, 28.01577 ], [ 76.26178, 28.06749 ], [ 76.22983, 28.04803 ], [ 76.19138, 28.05633 ], [ 76.15944, 27.98709 ], [ 76.18848, 27.96537 ], [ 76.17004, 27.90326 ], [ 76.22686, 27.83324 ], [ 76.18375, 27.79776 ], [ 76.08765, 27.84794 ], [ 76.04892, 27.83497 ], [ 75.97142, 27.85229 ], [ 75.98784, 27.90371 ], [ 75.93433, 27.92897 ], [ 75.7708, 27.83344 ], [ 75.71251, 27.75603 ], [ 75.68989, 27.67352 ], [ 75.6381, 27.71621 ] ] ] } },
{ "type": "Feature", "properties": { "state": "Himachal Pradesh" }, "geometry": { "type": "MultiPolygon", "coordinates": [ [ [ [ 76.63818, 30.14789 ], [ 76.64538, 30.10188 ], [ 76.61609, 30.0728 ], [ 76.57529, 30.10075 ], [ 76.63818, 30.14789 ] ] ], [ [ [ 77.18755, 30.39651 ], [ 77.17028, 30.35964 ], [ 77.18983, 30.30707 ], [ 77.1423, 30.28575 ], [ 77.13283, 30.24652 ], [ 77.07745, 30.1995 ], [ 77.11074, 30.1785 ], [ 77.06995, 30.13106 ], [ 77.00858, 30.16181 ], [ 76.96453, 30.15776 ], [ 76.9163, 30.20544 ], [ 76.88296, 30.19954 ], [ 76.85169, 30.25439 ], [ 76.76418, 30.19169 ], [ 76.68614, 30.1886 ], [ 76.6404, 30.1508 ], [ 76.65182, 30.2017 ], [ 76.60328, 30.24997 ], [ 76.67552, 30.29535 ], [ 76.75176, 30.35539 ], [ 76.71341, 30.3894 ], [ 76.74054, 30.41691 ], [ 76.78212, 30.51938 ], [ 76.76323, 30.60418 ], [ 76.7326, 30.57082 ], [ 76.69262, 30.56885 ], [ 76.63584, 30.62022 ], [ 76.57435, 30.67038 ], [ 76.52281, 30.72933 ], [ 76.52568, 30.75934 ], [ 76.61239, 30.89048 ], [ 76.73952, 30.9402 ], [ 76.6244, 31.00063 ], [ 76.61339, 31.05 ], [ 76.63826, 31.11448 ], [ 76.60387, 31.12423 ], [ 76.60503, 31.17952 ], [ 76.65015, 31.20953 ], [ 76.58255, 31.27452 ], [ 76.5607, 31.25258 ], [ 76.48153, 31.30708 ], [ 76.44284, 31.32213 ], [ 76.3966, 31.40773 ], [ 76.33075, 31.39959 ], [ 76.34485, 31.34242 ], [ 76.29208, 31.30711 ], [ 76.18748, 31.30409 ], [ 76.14886, 31.38014 ], [ 76.17157, 31.40198 ], [ 76.14311, 31.44132 ], [ 76.09904, 31.53492 ], [ 76.01832, 31.64393 ], [ 75.94873, 31.81337 ], [ 75.95982, 31.85588 ], [ 75.92836, 31.91505 ], [ 75.94628, 31.92935 ], [ 75.85212, 31.98036 ], [ 75.81087, 31.98739 ], [ 75.74977, 32.03633 ], [ 75.66519, 32.0764 ], [ 75.61432, 32.06534 ], [ 75.59453, 32.08107 ], [ 75.61629, 32.09327 ], [ 75.58813, 32.13823 ], [ 75.50923, 32.14449 ], [ 75.48336, 32.15965 ], [ 75.43578, 32.14869 ], [ 75.40202, 32.18985 ], [ 75.32825, 32.21549 ], [ 75.36548, 32.21977 ], [ 75.37161, 32.27949 ], [ 75.32078, 32.29725 ], [ 75.3256, 32.33517 ], [ 75.34795, 32.34499 ], [ 75.48396, 32.31751 ], [ 75.53202, 32.2978 ], [ 75.54055, 32.3399 ], [ 75.60906, 32.38146 ], [ 75.66451, 32.38845 ], [ 75.72808, 32.41771 ], [ 75.76262, 32.47591 ], [ 75.79558, 32.47453 ], [ 75.85321, 32.51605 ], [ 75.93808, 32.64755 ], [ 75.90765, 32.67598 ], [ 75.92981, 32.75671 ], [ 75.89122, 32.81345 ], [ 75.83851, 32.84267 ], [ 75.80496, 32.89337 ], [ 75.82558, 32.92985 ], [ 75.88479, 32.93015 ], [ 75.9514, 32.88404 ], [ 76.03492, 32.91725 ], [ 76.10006, 32.96835 ], [ 76.11162, 33.00441 ], [ 76.2186, 33.02742 ], [ 76.25538, 33.03193 ], [ 76.29326, 33.10336 ], [ 76.41019, 33.18596 ], [ 76.48757, 33.17903 ], [ 76.5661, 33.20855 ], [ 76.60052, 33.20584 ], [ 76.64556, 33.1613 ], [ 76.7485, 33.17809 ], [ 76.78114, 33.23824 ], [ 76.80425, 33.25227 ], [ 76.83732, 33.20414 ], [ 76.82208, 33.15421 ], [ 76.87111, 33.10991 ], [ 76.89578, 33.11257 ], [ 76.93594, 33.03185 ], [ 77.01685, 32.98754 ], [ 77.05374, 32.99762 ], [ 77.09329, 32.97118 ], [ 77.15482, 32.97822 ], [ 77.16905, 32.91789 ], [ 77.27661, 32.87383 ], [ 77.3234, 32.85142 ], [ 77.33982, 32.8197 ], [ 77.37471, 32.82253 ], [ 77.39774, 32.87815 ], [ 77.44408, 32.88092 ], [ 77.47356, 32.85892 ], [ 77.538, 32.88454 ], [ 77.60493, 32.93702 ], [ 77.67193, 32.95648 ], [ 77.6839, 32.98313 ], [ 77.73118, 32.96882 ], [ 77.80874, 32.90228 ], [ 77.77991, 32.86167 ], [ 77.8797, 32.81285 ], [ 77.88536, 32.78694 ], [ 77.93627, 32.75347 ], [ 77.92144, 32.68959 ], [ 77.99473, 32.58826 ], [ 78.05385, 32.58821 ], [ 78.1116, 32.65843 ], [ 78.20222, 32.66006 ], [ 78.25493, 32.69087 ], [ 78.31414, 32.70897 ], [ 78.30612, 32.73402 ], [ 78.38988, 32.758 ], [ 78.39627, 32.71542 ], [ 78.38151, 32.66807 ], [ 78.40708, 32.61923 ], [ 78.34993, 32.58088 ], [ 78.31476, 32.57352 ], [ 78.32835, 32.47183 ], [ 78.4005, 32.52555 ], [ 78.44976, 32.50613 ], [ 78.45606, 32.45219 ], [ 78.53456, 32.4082 ], [ 78.47843, 32.33289 ], [ 78.48193, 32.27339 ], [ 78.45676, 32.24206 ], [ 78.557, 32.2455 ], [ 78.61045, 32.21413 ], [ 78.5921, 32.15314 ], [ 78.6137, 32.11879 ], [ 78.66523, 32.10247 ], [ 78.67403, 32.07914 ], [ 78.75426, 31.99927 ], [ 78.78822, 31.99498 ], [ 78.74976, 31.90815 ], [ 78.73738, 31.8304 ], [ 78.7076, 31.80178 ], [ 78.75097, 31.68693 ], [ 78.79625, 31.68477 ], [ 78.81188, 31.64404 ], [ 78.84756, 31.61009 ], [ 78.81367, 31.57098 ], [ 78.73755, 31.53579 ], [ 78.73279, 31.47969 ], [ 78.76516, 31.48542 ], [ 78.81165, 31.4475 ], [ 78.7925, 31.39595 ], [ 78.84326, 31.37596 ], [ 78.85604, 31.32234 ], [ 78.89541, 31.26531 ], [ 78.92267, 31.25333 ], [ 78.92312, 31.22111 ], [ 78.98517, 31.17183 ], [ 78.99901, 31.10623 ], [ 78.89174, 31.09306 ], [ 78.83183, 31.13699 ], [ 78.79831, 31.19293 ], [ 78.74938, 31.1839 ], [ 78.58826, 31.21855 ], [ 78.50078, 31.1944 ], [ 78.4639, 31.23265 ], [ 78.4093, 31.25259 ], [ 78.37219, 31.28251 ], [ 78.31338, 31.27927 ], [ 78.24366, 31.22553 ], [ 78.16104, 31.22157 ], [ 78.10476, 31.18164 ], [ 78.04346, 31.17486 ], [ 78.02209, 31.1472 ], [ 77.9702, 31.16914 ], [ 77.9023, 31.14621 ], [ 77.85213, 31.07056 ], [ 77.81807, 31.04712 ], [ 77.84418, 30.99077 ], [ 77.80893, 30.95426 ], [ 77.77459, 30.97074 ], [ 77.76755, 30.91666 ], [ 77.80697, 30.91995 ], [ 77.80065, 30.86436 ], [ 77.76467, 30.87647 ], [ 77.76318, 30.82247 ], [ 77.70911, 30.75931 ], [ 77.75817, 30.70327 ], [ 77.74964, 30.67649 ], [ 77.78912, 30.63863 ], [ 77.75859, 30.58237 ], [ 77.77542, 30.55458 ], [ 77.82006, 30.55747 ], [ 77.82079, 30.50478 ], [ 77.78916, 30.49773 ], [ 77.69249, 30.44435 ], [ 77.59535, 30.42353 ], [ 77.5807, 30.39477 ], [ 77.58843, 30.37763 ], [ 77.55713, 30.38807 ], [ 77.51571, 30.44512 ], [ 77.49359, 30.41146 ], [ 77.44603, 30.39576 ], [ 77.39115, 30.44131 ], [ 77.32177, 30.44784 ], [ 77.21315, 30.49659 ], [ 77.17434, 30.45719 ], [ 77.18755, 30.39651 ] ], [ [ 76.75564, 30.78662 ], [ 76.71117, 30.76141 ], [ 76.75437, 30.68144 ], [ 76.79457, 30.65887 ], [ 76.82501, 30.6809 ], [ 76.84966, 30.72286 ], [ 76.82963, 30.76194 ], [ 76.75564, 30.78662 ] ] ] ] } },
{ "type": "Feature", "properties": { "state": "Jammu And Kashmir" }, "geometry": { "type": "Polygon", "coordinates": [ [ [ 75.04287, 32.74126 ], [ 74.98202, 32.80469 ], [ 74.95522, 32.77241 ], [ 74.91364, 32.76435 ], [ 74.96196, 32.69955 ], [ 74.9406, 32.64908 ], [ 74.90422, 32.62247 ], [ 74.95072, 32.56477 ], [ 74.90074, 32.53496 ], [ 74.87943, 32.49287 ], [ 74.8126, 32.48016 ], [ 74.72943, 32.48112 ], [ 74.68303, 32.51312 ], [ 74.69023, 32.53423 ], [ 74.6415, 32.59958 ], [ 74.69635, 32.66583 ], [ 74.65439, 32.69601 ], [ 74.66023, 32.73441 ], [ 74.70449, 32.81715 ], [ 74.65856, 32.82977 ], [ 74.63291, 32.80892 ], [ 74.63054, 32.76737 ], [ 74.53491, 32.74585 ], [ 74.46074, 32.7877 ], [ 74.37225, 32.7652 ], [ 74.28784, 32.8457 ], [ 74.18537, 32.88954 ], [ 74.13883, 32.88897 ], [ 74.07787, 32.93653 ], [ 74.0315, 32.94163 ], [ 73.98645, 32.989 ], [ 73.88037, 33.01923 ], [ 73.81707, 32.98957 ], [ 73.80806, 33.02308 ], [ 73.75323, 33.05971 ], [ 73.63278, 33.10723 ], [ 73.60024, 33.16686 ], [ 73.55756, 33.39349 ], [ 73.55782, 33.43849 ], [ 73.58969, 33.55854 ], [ 73.58408, 33.62518 ], [ 73.55593, 33.69929 ], [ 73.55086, 33.84361 ], [ 73.55598, 33.90838 ], [ 73.51081, 34.00263 ], [ 73.50107, 34.05856 ], [ 73.48502, 34.27515 ], [ 73.42517, 34.34746 ], [ 73.42958, 34.39215 ], [ 73.40341, 34.44359 ], [ 73.44692, 34.58066 ], [ 73.46619, 34.59907 ], [ 73.57841, 34.62204 ], [ 73.65574, 34.60634 ], [ 73.6718, 34.70695 ], [ 73.7242, 34.75595 ], [ 73.7513, 34.8089 ], [ 73.82915, 34.80879 ], [ 73.88901, 34.83782 ], [ 73.98194, 34.84794 ], [ 73.99325, 34.88383 ], [ 74.04151, 34.92116 ], [ 74.0751, 35.03054 ], [ 74.10619, 35.04702 ], [ 74.09721, 35.08527 ], [ 74.11793, 35.14475 ], [ 74.10886, 35.17288 ], [ 73.97485, 35.22578 ], [ 73.93343, 35.2502 ], [ 73.88738, 35.25063 ], [ 73.82075, 35.27616 ], [ 73.75362, 35.26352 ], [ 73.72073, 35.34536 ], [ 73.71754, 35.41942 ], [ 73.75206, 35.46355 ], [ 73.79662, 35.49494 ], [ 73.77136, 35.5511 ], [ 73.69641, 35.56519 ], [ 73.47681, 35.57734 ], [ 73.4238, 35.59571 ], [ 73.34885, 35.65371 ], [ 73.25833, 35.67652 ], [ 73.16038, 35.75146 ], [ 73.13501, 35.81317 ], [ 73.15315, 35.86836 ], [ 73.09545, 35.90604 ], [ 72.98434, 35.89757 ], [ 72.90756, 35.88067 ], [ 72.87226, 35.90408 ], [ 72.81218, 35.90447 ], [ 72.7812, 35.87664 ], [ 72.64504, 35.87885 ], [ 72.53378, 35.93284 ], [ 72.52346, 35.96482 ], [ 72.56619, 36.01886 ], [ 72.55959, 36.05544 ], [ 72.52685, 36.07995 ], [ 72.52141, 36.23435 ], [ 72.57322, 36.29095 ], [ 72.65501, 36.29278 ], [ 72.70412, 36.33873 ], [ 72.77422, 36.35611 ], [ 72.80271, 36.40964 ], [ 72.85787, 36.42061 ], [ 72.88061, 36.50807 ], [ 72.9471, 36.51093 ], [ 72.98714, 36.57249 ], [ 73.0511, 36.59703 ], [ 73.08074, 36.65868 ], [ 73.0666, 36.73025 ], [ 73.08848, 36.76154 ], [ 73.25891, 36.76753 ], [ 73.39163, 36.80504 ], [ 73.44284, 36.80797 ], [ 73.62318, 36.79298 ], [ 73.66952, 36.76633 ], [ 73.71176, 36.76351 ], [ 73.74321, 36.79008 ], [ 73.80789, 36.7953 ], [ 73.89499, 36.77509 ], [ 73.92424, 36.82698 ], [ 73.90148, 36.8589 ], [ 73.72793, 36.88895 ], [ 73.74814, 36.9108 ], [ 73.81774, 36.89138 ], [ 73.88389, 36.91223 ], [ 73.96198, 36.84254 ], [ 74.03883, 36.82514 ], [ 74.1336, 36.84707 ], [ 74.15264, 36.89805 ], [ 74.17692, 36.91433 ], [ 74.24562, 36.89603 ], [ 74.31095, 36.92027 ], [ 74.34525, 36.95734 ], [ 74.38845, 36.97125 ], [ 74.43361, 37.00944 ], [ 74.47272, 36.9903 ], [ 74.53327, 36.98602 ], [ 74.57975, 36.94776 ], [ 74.5905, 37.02774 ], [ 74.70973, 37.07677 ], [ 74.72928, 37.02515 ], [ 74.83489, 37.02405 ], [ 74.84707, 36.9891 ], [ 74.91191, 36.91163 ], [ 75.01974, 36.97555 ], [ 75.08806, 36.94208 ], [ 75.13682, 36.95654 ], [ 75.20326, 37.02027 ], [ 75.26592, 37.0511 ], [ 75.34588, 37.05053 ], [ 75.34614, 37.00223 ], [ 75.37722, 36.95962 ], [ 75.42184, 36.96206 ], [ 75.40971, 36.91587 ], [ 75.44898, 36.87954 ], [ 75.47514, 36.80993 ], [ 75.61739, 36.76079 ], [ 75.67609, 36.69522 ], [ 75.74967, 36.58726 ], [ 75.84994, 36.54353 ], [ 75.92423, 36.50166 ], [ 76.07813, 36.47348 ], [ 76.17396, 36.38952 ], [ 76.25558, 36.34703 ], [ 76.35321, 36.3591 ], [ 76.4328, 36.30739 ], [ 76.45792, 36.23972 ], [ 76.48249, 36.21065 ], [ 76.60193, 36.16479 ], [ 76.63804, 36.18418 ], [ 76.69803, 36.13514 ], [ 76.72675, 36.07773 ], [ 76.80259, 36.04711 ], [ 76.72352, 35.95269 ], [ 76.78642, 35.88921 ], [ 76.81253, 35.84407 ], [ 76.85862, 35.83044 ], [ 76.93594, 35.78333 ], [ 77.02137, 35.77393 ], [ 77.08084, 35.79684 ], [ 77.12023, 35.7957 ], [ 77.16382, 35.7398 ], [ 77.22526, 35.71426 ], [ 77.3591, 35.71701 ], [ 77.40226, 35.66182 ], [ 77.43856, 35.64038 ], [ 77.47306, 35.52042 ], [ 77.43594, 35.51669 ], [ 77.38455, 35.54852 ], [ 77.3211, 35.53327 ], [ 77.38258, 35.47584 ], [ 77.44549, 35.46064 ], [ 77.5131, 35.48792 ], [ 77.61474, 35.46895 ], [ 77.72357, 35.47484 ], [ 77.73805, 35.5225 ], [ 77.77341, 35.49465 ], [ 77.83719, 35.50223 ], [ 77.6141, 35.34274 ], [ 77.5043, 35.27888 ], [ 77.29043, 35.14407 ], [ 77.19655, 35.11043 ], [ 77.08901, 35.08568 ], [ 77.07503, 35.05829 ], [ 77.01772, 35.03608 ], [ 76.98497, 34.9459 ], [ 76.89366, 34.96475 ], [ 76.75034, 34.92667 ], [ 76.76372, 34.89857 ], [ 76.74967, 34.83548 ], [ 76.70168, 34.79601 ], [ 76.68782, 34.75204 ], [ 76.59461, 34.75097 ], [ 76.49187, 34.79192 ], [ 76.43684, 34.76456 ], [ 76.49341, 34.66115 ], [ 76.47529, 34.61346 ], [ 76.49674, 34.59793 ], [ 76.54572, 34.61664 ], [ 76.57116, 34.56941 ], [ 76.5754, 34.51292 ], [ 76.60884, 34.4337 ], [ 76.639, 34.39923 ], [ 76.73911, 34.34445 ], [ 76.72079, 34.31822 ], [ 76.71631, 34.26114 ], [ 76.68004, 34.15595 ], [ 76.70164, 34.0821 ], [ 76.60755, 34.06182 ], [ 76.59673, 34.00692 ], [ 76.56633, 34.00252 ], [ 76.53485, 33.96169 ], [ 76.54837, 33.92436 ], [ 76.51817, 33.88902 ], [ 76.53602, 33.83954 ], [ 76.60417, 33.82587 ], [ 76.65493, 33.86186 ], [ 76.73948, 33.79353 ], [ 76.78565, 33.80649 ], [ 76.87201, 33.77611 ], [ 76.90208, 33.78288 ], [ 76.9503, 33.71809 ], [ 77.00248, 33.72606 ], [ 77.06554, 33.71511 ], [ 77.10508, 33.67966 ], [ 77.15324, 33.6896 ], [ 77.21455, 33.63395 ], [ 77.26404, 33.53798 ], [ 77.31533, 33.49975 ], [ 77.36931, 33.49083 ], [ 77.44257, 33.51331 ], [ 77.4715, 33.44629 ], [ 77.52199, 33.42407 ], [ 77.50929, 33.38688 ], [ 77.55802, 33.34975 ], [ 77.4981, 33.33056 ], [ 77.47046, 33.27844 ], [ 77.50827, 33.22748 ], [ 77.50716, 33.17381 ], [ 77.4435, 33.20998 ], [ 77.40834, 33.19878 ], [ 77.39513, 33.08138 ], [ 77.34656, 33.07345 ], [ 77.27779, 32.99419 ], [ 77.32743, 32.89605 ], [ 77.27661, 32.87383 ], [ 77.16905, 32.91789 ], [ 77.15482, 32.97822 ], [ 77.09329, 32.97118 ], [ 77.05374, 32.99762 ], [ 77.01685, 32.98754 ], [ 76.93594, 33.03185 ], [ 76.89578, 33.11257 ], [ 76.87111, 33.10991 ], [ 76.82208, 33.15421 ], [ 76.83732, 33.20414 ], [ 76.80425, 33.25227 ], [ 76.78114, 33.23824 ], [ 76.7485, 33.17809 ], [ 76.64556, 33.1613 ], [ 76.60052, 33.20584 ], [ 76.5661, 33.20855 ], [ 76.48757, 33.17903 ], [ 76.41019, 33.18596 ], [ 76.29326, 33.10336 ], [ 76.25538, 33.03193 ], [ 76.2186, 33.02742 ], [ 76.11162, 33.00441 ], [ 76.10006, 32.96835 ], [ 76.03492, 32.91725 ], [ 75.9514, 32.88404 ], [ 75.88479, 32.93015 ], [ 75.82558, 32.92985 ], [ 75.80496, 32.89337 ], [ 75.83851, 32.84267 ], [ 75.89122, 32.81345 ], [ 75.92981, 32.75671 ], [ 75.90765, 32.67598 ], [ 75.93808, 32.64755 ], [ 75.85321, 32.51605 ], [ 75.79558, 32.47453 ], [ 75.76262, 32.47591 ], [ 75.72808, 32.41771 ], [ 75.66451, 32.38845 ], [ 75.60906, 32.38146 ], [ 75.54055, 32.3399 ], [ 75.53202, 32.2978 ], [ 75.48396, 32.31751 ], [ 75.34795, 32.34499 ], [ 75.3256, 32.33517 ], [ 75.21328, 32.40269 ], [ 75.19164, 32.4262 ], [ 75.15208, 32.41888 ], [ 75.11344, 32.45825 ], [ 75.1269, 32.4917 ], [ 75.2079, 32.56448 ], [ 75.34371, 32.59312 ], [ 75.28744, 32.64443 ], [ 75.15921, 32.67246 ], [ 75.08709, 32.72574 ], [ 75.04287, 32.74126 ] ] ] } },
{ "type": "Feature", "properties": { "state": "Jharkhand" }, "geometry": { "type": "Polygon", "coordinates": [ [ [ 84.80761, 22.44688 ], [ 84.75908, 22.44515 ], [ 84.75025, 22.41794 ], [ 84.66805, 22.41705 ], [ 84.63856, 22.43172 ], [ 84.51239, 22.4192 ], [ 84.43243, 22.35508 ], [ 84.2959, 22.34028 ], [ 84.25326, 22.37657 ], [ 84.20085, 22.37465 ], [ 84.14266, 22.42338 ], [ 84.14423, 22.46973 ], [ 84.06443, 22.51264 ], [ 84.00937, 22.52329 ], [ 83.98298, 22.50465 ], [ 84.04839, 22.46666 ], [ 84.04685, 22.43551 ], [ 84.00803, 22.37234 ], [ 83.86792, 22.34639 ], [ 83.80461, 22.29228 ], [ 83.76791, 22.32496 ], [ 83.74094, 22.37886 ], [ 83.65079, 22.39533 ], [ 83.57742, 22.47223 ], [ 83.59604, 22.53322 ], [ 83.47033, 22.50677 ], [ 83.40664, 22.55417 ], [ 83.43762, 22.67244 ], [ 83.51301, 22.67586 ], [ 83.5607, 22.70026 ], [ 83.65447, 22.65193 ], [ 83.68354, 22.68218 ], [ 83.63868, 22.70316 ], [ 83.65264, 22.73962 ], [ 83.64842, 22.82304 ], [ 83.57935, 22.87316 ], [ 83.5096, 22.95639 ], [ 83.55105, 23.03071 ], [ 83.51093, 23.08887 ], [ 83.56035, 23.13326 ], [ 83.55683, 23.17419 ], [ 83.52978, 23.24183 ], [ 83.37919, 23.2516 ], [ 83.35862, 23.15828 ], [ 83.33132, 23.15808 ], [ 83.30784, 23.19836 ], [ 83.25465, 23.21174 ], [ 83.21824, 23.2252 ], [ 83.23016, 23.29701 ], [ 83.2154, 23.31356 ], [ 83.23898, 23.39765 ], [ 83.31237, 23.36318 ], [ 83.36783, 23.45271 ], [ 83.34171, 23.46825 ], [ 83.36196, 23.51443 ], [ 83.25894, 23.51155 ], [ 83.22056, 23.61069 ], [ 83.21252, 23.72443 ], [ 83.16443, 23.70565 ], [ 83.07953, 23.74257 ], [ 83.04985, 23.78717 ], [ 82.98998, 23.79956 ], [ 82.98275, 23.76851 ], [ 82.91684, 23.78011 ], [ 82.85494, 23.80757 ], [ 82.83942, 23.73488 ], [ 82.87557, 23.68802 ], [ 82.9998, 23.6577 ], [ 83.01796, 23.64442 ], [ 83.05236, 23.56907 ], [ 82.96274, 23.54698 ], [ 82.95644, 23.5192 ], [ 82.89292, 23.50125 ], [ 82.87409, 23.47485 ], [ 82.78939, 23.49527 ], [ 82.72244, 23.46441 ], [ 82.65164, 23.47381 ], [ 82.64195, 23.49855 ], [ 82.5817, 23.54232 ], [ 82.57521, 23.61795 ], [ 82.60348, 23.66665 ], [ 82.59374, 23.695 ], [ 82.5383, 23.75975 ], [ 82.49957, 23.783 ], [ 82.55309, 23.78811 ], [ 82.55597, 23.8261 ], [ 82.63728, 23.83506 ], [ 82.67002, 23.86864 ], [ 82.66319, 23.9051 ], [ 82.75357, 23.9171 ], [ 82.8053, 23.96097 ], [ 82.82848, 23.96421 ], [ 82.89804, 23.90395 ], [ 82.96127, 23.87226 ], [ 83.13503, 23.88964 ], [ 83.19719, 23.92072 ], [ 83.22366, 23.98896 ], [ 83.28555, 24.02403 ], [ 83.29847, 24.07358 ], [ 83.33119, 24.10083 ], [ 83.35666, 24.12592 ], [ 83.40957, 24.26535 ], [ 83.38361, 24.31368 ], [ 83.44202, 24.34675 ], [ 83.43764, 24.40298 ], [ 83.40673, 24.41124 ], [ 83.3892, 24.45474 ], [ 83.40081, 24.50025 ], [ 83.50531, 24.52831 ], [ 83.6079, 24.51244 ], [ 83.69015, 24.51484 ], [ 83.72437, 24.50426 ], [ 83.80216, 24.52879 ], [ 83.86591, 24.53668 ], [ 83.93607, 24.54734 ], [ 84.00514, 24.63597 ], [ 84.05432, 24.61173 ], [ 84.11725, 24.48106 ], [ 84.20737, 24.55665 ], [ 84.26589, 24.53739 ], [ 84.30039, 24.56568 ], [ 84.32907, 24.48956 ], [ 84.30057, 24.45066 ], [ 84.33773, 24.43108 ], [ 84.34318, 24.39577 ], [ 84.46176, 24.33875 ], [ 84.5007, 24.28724 ], [ 84.57967, 24.41245 ], [ 84.66537, 24.39393 ], [ 84.68604, 24.45647 ], [ 84.74914, 24.49659 ], [ 84.82658, 24.52496 ], [ 84.83423, 24.47032 ], [ 84.86995, 24.4579 ], [ 84.91025, 24.3727 ], [ 84.97548, 24.37638 ], [ 84.99731, 24.41263 ], [ 85.03899, 24.42576 ], [ 85.08141, 24.40892 ], [ 85.08748, 24.38127 ], [ 85.17617, 24.42997 ], [ 85.15749, 24.46332 ], [ 85.23072, 24.47167 ], [ 85.28872, 24.4977 ], [ 85.28928, 24.52715 ], [ 85.37698, 24.53009 ], [ 85.41963, 24.54472 ], [ 85.4931, 24.55131 ], [ 85.5249, 24.52516 ], [ 85.6049, 24.59808 ], [ 85.65081, 24.57892 ], [ 85.67977, 24.59357 ], [ 85.6699, 24.66523 ], [ 85.71134, 24.72921 ], [ 85.71015, 24.75789 ], [ 85.74336, 24.82304 ], [ 85.81716, 24.79493 ], [ 85.88427, 24.80079 ], [ 85.911, 24.76184 ], [ 85.97654, 24.73421 ], [ 86.03627, 24.77222 ], [ 86.11178, 24.73667 ], [ 86.1398, 24.67629 ], [ 86.13177, 24.61267 ], [ 86.17176, 24.58459 ], [ 86.29861, 24.58706 ], [ 86.31836, 24.50954 ], [ 86.29981, 24.47753 ], [ 86.32537, 24.44132 ], [ 86.35934, 24.44323 ], [ 86.42135, 24.38048 ], [ 86.45788, 24.36993 ], [ 86.49319, 24.2589 ], [ 86.48932, 24.18847 ], [ 86.56827, 24.18293 ], [ 86.68104, 24.18066 ], [ 86.68417, 24.16751 ], [ 86.78433, 24.13564 ], [ 86.78769, 24.0721 ], [ 86.83278, 24.05682 ], [ 86.88145, 24.07517 ], [ 86.94299, 24.04493 ], [ 86.97259, 24.06292 ], [ 86.97899, 24.10976 ], [ 87.05165, 24.13363 ], [ 87.10459, 24.09532 ], [ 87.1159, 24.06574 ], [ 87.1698, 24.03245 ], [ 87.23744, 24.02656 ], [ 87.26424, 23.97198 ], [ 87.29649, 23.95779 ], [ 87.29722, 23.89232 ], [ 87.22717, 23.85984 ], [ 87.14059, 23.87031 ], [ 87.17117, 23.82182 ], [ 87.15836, 23.80071 ], [ 87.08931, 23.80749 ], [ 86.96799, 23.8669 ], [ 86.94816, 23.845 ], [ 86.90145, 23.88143 ], [ 86.85089, 23.82339 ], [ 86.79936, 23.8329 ], [ 86.82481, 23.76329 ], [ 86.8007, 23.69578 ], [ 86.8497, 23.67883 ], [ 86.89897, 23.6404 ], [ 86.88699, 23.62669 ], [ 86.87439, 23.49754 ], [ 86.84882, 23.44279 ], [ 86.84158, 23.38266 ], [ 86.78341, 23.34212 ], [ 86.77426, 23.2313 ], [ 86.71572, 23.12188 ], [ 86.74458, 23.09479 ], [ 86.73286, 23.02595 ], [ 86.69196, 22.93008 ], [ 86.70409, 22.87256 ], [ 86.61964, 22.82606 ], [ 86.61181, 22.79933 ], [ 86.56, 22.71156 ], [ 86.64108, 22.65939 ], [ 86.6391, 22.60113 ], [ 86.65646, 22.5797 ], [ 86.76065, 22.57821 ], [ 86.80321, 22.5029 ], [ 86.74978, 22.47464 ], [ 86.76852, 22.42707 ], [ 86.84327, 22.4056 ], [ 86.83371, 22.32895 ], [ 86.89009, 22.29993 ], [ 86.89012, 22.25661 ], [ 86.82486, 22.26507 ], [ 86.80463, 22.21817 ], [ 86.7274, 22.21977 ], [ 86.65288, 22.24015 ], [ 86.65027, 22.26579 ], [ 86.58324, 22.30216 ], [ 86.52938, 22.30716 ], [ 86.50478, 22.34521 ], [ 86.44425, 22.31008 ], [ 86.35775, 22.3496 ], [ 86.29305, 22.42939 ], [ 86.22555, 22.45305 ], [ 86.20758, 22.4742 ], [ 86.10666, 22.494 ], [ 86.06715, 22.55227 ], [ 85.97468, 22.50356 ], [ 85.96618, 22.48241 ], [ 85.95892, 22.45981 ], [ 86.02685, 22.38575 ], [ 85.99825, 22.34221 ], [ 86.01383, 22.29681 ], [ 85.97515, 22.24764 ], [ 86.03202, 22.18955 ], [ 85.99996, 22.13619 ], [ 86.00791, 22.11746 ], [ 85.95688, 22.03619 ], [ 85.88715, 21.97945 ], [ 85.78977, 21.98318 ], [ 85.76164, 22.01289 ], [ 85.78445, 22.04073 ], [ 85.80757, 22.11518 ], [ 85.72792, 22.06253 ], [ 85.67755, 22.05585 ], [ 85.65026, 22.09459 ], [ 85.59677, 22.07875 ], [ 85.49159, 22.12066 ], [ 85.41615, 22.16013 ], [ 85.36909, 22.1586 ], [ 85.28011, 22.08421 ], [ 85.23692, 22.00449 ], [ 85.21674, 22.04731 ], [ 85.1051, 22.10009 ], [ 85.05003, 22.1146 ], [ 85.03155, 22.15782 ], [ 85.0756, 22.23438 ], [ 85.07664, 22.27581 ], [ 85.1114, 22.29478 ], [ 85.0802, 22.35211 ], [ 85.08922, 22.38193 ], [ 85.06321, 22.44806 ], [ 85.06866, 22.48171 ], [ 84.88654, 22.42086 ], [ 84.80761, 22.44688 ] ] ] } },
{ "type": "Feature", "properties": { "state": "Karnataka" }, "geometry": { "type": "Polygon", "coordinates": [ [ [ 76.31171, 12.6111 ], [ 76.22948, 12.64421 ], [ 76.19412, 12.57514 ], [ 76.16929, 12.57984 ], [ 76.13797, 12.52824 ], [ 76.10167, 12.5299 ], [ 76.04835, 12.57578 ], [ 76.02162, 12.56763 ], [ 75.96754, 12.55969 ], [ 75.94043, 12.64544 ], [ 75.96756, 12.70129 ], [ 75.94001, 12.76225 ], [ 75.97153, 12.79719 ], [ 75.92902, 12.82041 ], [ 75.86612, 12.82128 ], [ 75.87491, 12.78107 ], [ 75.85783, 12.72389 ], [ 75.88831, 12.67767 ], [ 75.84023, 12.66971 ], [ 75.81281, 12.70108 ], [ 75.76325, 12.67613 ], [ 75.70797, 12.70944 ], [ 75.67364, 12.70162 ], [ 75.6447, 12.78477 ], [ 75.66214, 12.81396 ], [ 75.61719, 12.83262 ], [ 75.55784, 12.91606 ], [ 75.60403, 12.95623 ], [ 75.57975, 13.00186 ], [ 75.5773, 13.0813 ], [ 75.45569, 13.1143 ], [ 75.44347, 13.16625 ], [ 75.35297, 13.18444 ], [ 75.31139, 13.13336 ], [ 75.25477, 13.12985 ], [ 75.20068, 13.17964 ], [ 75.16775, 13.14054 ], [ 75.1179, 13.18242 ], [ 75.09255, 13.15989 ], [ 75.04355, 13.16693 ], [ 74.99088, 13.15623 ], [ 74.95497, 13.17027 ], [ 74.91371, 13.15059 ], [ 74.84724, 13.17425 ], [ 74.76031, 13.13913 ], [ 74.71479, 13.31981 ], [ 74.69577, 13.34807 ], [ 74.69726, 13.4071 ], [ 74.68012, 13.5591 ], [ 74.66135, 13.65581 ], [ 74.64529, 13.68118 ], [ 74.60775, 13.86432 ], [ 74.58263, 13.92611 ], [ 74.51461, 13.98772 ], [ 74.46939, 14.189 ], [ 74.45338, 14.19989 ], [ 74.41339, 14.31689 ], [ 74.39297, 14.41798 ], [ 74.35496, 14.50873 ], [ 74.31321, 14.52192 ], [ 74.28047, 14.60994 ], [ 74.28192, 14.67515 ], [ 74.24977, 14.73826 ], [ 74.2061, 14.72874 ], [ 74.16188, 14.75279 ], [ 74.12464, 14.80833 ], [ 74.0918, 14.89966 ], [ 74.18096, 14.95696 ], [ 74.19866, 14.94144 ], [ 74.25684, 14.96115 ], [ 74.27122, 15.01321 ], [ 74.29725, 15.04343 ], [ 74.27585, 15.10535 ], [ 74.28435, 15.14662 ], [ 74.31685, 15.18755 ], [ 74.30151, 15.22665 ], [ 74.25813, 15.2453 ], [ 74.27764, 15.28469 ], [ 74.32906, 15.28628 ], [ 74.32321, 15.37061 ], [ 74.28462, 15.38455 ], [ 74.27712, 15.4464 ], [ 74.25319, 15.48919 ], [ 74.27833, 15.52268 ], [ 74.24873, 15.56902 ], [ 74.26193, 15.62021 ], [ 74.24965, 15.65734 ], [ 74.11942, 15.65365 ], [ 74.08442, 15.62928 ], [ 74.00014, 15.60706 ], [ 73.97063, 15.62941 ], [ 73.96753, 15.69123 ], [ 73.93942, 15.73946 ], [ 73.87628, 15.7506 ], [ 73.8537, 15.79729 ], [ 73.8261, 15.7405 ], [ 73.67411, 15.72842 ], [ 73.6259, 15.85152 ], [ 73.58858, 15.90779 ], [ 73.51045, 15.93759 ], [ 73.46548, 16.07193 ], [ 73.44021, 16.18751 ], [ 73.42771, 16.2097 ], [ 73.38585, 16.35805 ], [ 73.31103, 16.54166 ], [ 73.35132, 16.53524 ], [ 73.37644, 16.51315 ], [ 73.46641, 16.49416 ], [ 73.50212, 16.52118 ], [ 73.54211, 16.51576 ], [ 73.58229, 16.54425 ], [ 73.66253, 16.57677 ], [ 73.69081, 16.62476 ], [ 73.76917, 16.60424 ], [ 73.76924, 16.66062 ], [ 73.85507, 16.65106 ], [ 73.8285, 16.69833 ], [ 73.84214, 16.73967 ], [ 73.7928, 16.76364 ], [ 73.73896, 16.8215 ], [ 73.77035, 16.85494 ], [ 73.74956, 16.9057 ], [ 73.79419, 16.91294 ], [ 73.76692, 16.96344 ], [ 73.78882, 16.9936 ], [ 73.83498, 16.99147 ], [ 73.81834, 17.06433 ], [ 73.74797, 17.13211 ], [ 73.77397, 17.17821 ], [ 73.76613, 17.18903 ], [ 73.80986, 17.23218 ], [ 73.87323, 17.19003 ], [ 73.88812, 17.15523 ], [ 73.98303, 17.12979 ], [ 74.03756, 17.09192 ], [ 74.09795, 17.10214 ], [ 74.18719, 17.14959 ], [ 74.24903, 17.14068 ], [ 74.2798, 17.17305 ], [ 74.29011, 17.23778 ], [ 74.25802, 17.29406 ], [ 74.29544, 17.31629 ], [ 74.26318, 17.38503 ], [ 74.29905, 17.42185 ], [ 74.49558, 17.38371 ], [ 74.53565, 17.41696 ], [ 74.57979, 17.4114 ], [ 74.61152, 17.44324 ], [ 74.64575, 17.39617 ], [ 74.71243, 17.38849 ], [ 74.71055, 17.48483 ], [ 74.81117, 17.45264 ], [ 74.86225, 17.5072 ], [ 74.85965, 17.55677 ], [ 74.90647, 17.62731 ], [ 74.88976, 17.67579 ], [ 74.82048, 17.74778 ], [ 74.68631, 17.81074 ], [ 74.67978, 17.85075 ], [ 74.62672, 17.83135 ], [ 74.66907, 17.97613 ], [ 74.66571, 18.00137 ], [ 74.71125, 18.03025 ], [ 74.85487, 17.99558 ], [ 74.87053, 17.95168 ], [ 75.01898, 17.90816 ], [ 75.13594, 17.97034 ], [ 75.02597, 17.98178 ], [ 75.09321, 18.06908 ], [ 75.13122, 18.07614 ], [ 75.1467, 18.12409 ], [ 75.09472, 18.12298 ], [ 75.11511, 18.20026 ], [ 75.08293, 18.21866 ], [ 75.02291, 18.18823 ], [ 74.99411, 18.24173 ], [ 74.95204, 18.26417 ], [ 74.83411, 18.24705 ], [ 74.8344, 18.33808 ], [ 74.90831, 18.35693 ], [ 74.91677, 18.37785 ], [ 75.09358, 18.43455 ], [ 75.10656, 18.48997 ], [ 75.16035, 18.52061 ], [ 75.24088, 18.5442 ], [ 75.26221, 18.50956 ], [ 75.31529, 18.51926 ], [ 75.30045, 18.49903 ], [ 75.30766, 18.39291 ], [ 75.3612, 18.37075 ], [ 75.42986, 18.26474 ], [ 75.43012, 18.18538 ], [ 75.46622, 18.162 ], [ 75.49196, 18.17477 ], [ 75.53424, 18.13516 ], [ 75.5757, 18.24084 ], [ 75.6198, 18.27506 ], [ 75.65634, 18.33365 ], [ 75.69057, 18.32497 ], [ 75.73276, 18.36125 ], [ 75.71218, 18.3937 ], [ 75.72934, 18.43477 ], [ 75.76461, 18.44073 ], [ 75.79965, 18.38484 ], [ 75.88792, 18.36431 ], [ 75.9252, 18.30302 ], [ 75.92811, 18.26148 ], [ 75.96122, 18.15968 ], [ 75.94408, 18.12969 ], [ 75.96249, 18.09046 ], [ 76.01703, 18.04029 ], [ 75.9974, 17.99328 ], [ 75.91371, 17.97909 ], [ 75.87054, 18.01397 ], [ 75.84029, 17.97924 ], [ 75.84618, 17.89269 ], [ 75.87712, 17.84681 ], [ 75.92036, 17.83326 ], [ 75.94054, 17.85248 ], [ 76.01927, 17.82982 ], [ 76.00389, 17.75439 ], [ 76.09722, 17.77944 ], [ 76.14629, 17.75506 ], [ 76.15043, 17.6998 ], [ 76.19065, 17.68316 ], [ 76.29997, 17.72983 ], [ 76.32002, 17.69785 ], [ 76.38007, 17.68637 ], [ 76.38207, 17.66039 ], [ 76.4304, 17.64683 ], [ 76.48649, 17.67206 ], [ 76.4882, 17.71589 ], [ 76.52557, 17.71763 ], [ 76.52562, 17.76123 ], [ 76.6062, 17.75823 ], [ 76.69293, 17.68253 ], [ 76.772, 17.64755 ], [ 76.9023, 17.64694 ], [ 76.94061, 17.60861 ], [ 76.98141, 17.65054 ], [ 76.99592, 17.69617 ], [ 77.03898, 17.66882 ], [ 77.08945, 17.66062 ], [ 77.11724, 17.68555 ], [ 77.15541, 17.62954 ], [ 77.19152, 17.61642 ], [ 77.23137, 17.63297 ], [ 77.27791, 17.62764 ], [ 77.30172, 17.59846 ], [ 77.3795, 17.58422 ], [ 77.44416, 17.58493 ], [ 77.66136, 17.52513 ], [ 77.69043, 17.5095 ], [ 77.61562, 17.47375 ], [ 77.57717, 17.43334 ], [ 77.51462, 17.43102 ], [ 77.52536, 17.36592 ], [ 77.46076, 17.3488 ], [ 77.43836, 17.29186 ], [ 77.4592, 17.27974 ], [ 77.38465, 17.22367 ], [ 77.36428, 17.16558 ], [ 77.42798, 17.11816 ], [ 77.44142, 17.1175 ], [ 77.4672, 17.10823 ], [ 77.5041, 17.01166 ], [ 77.48303, 16.99459 ], [ 77.46864, 16.93176 ], [ 77.45693, 16.88605 ], [ 77.47648, 16.79551 ], [ 77.476436, 16.791458 ], [ 77.43998, 16.78221 ], [ 77.43148, 16.72303 ], [ 77.46988, 16.68292 ], [ 77.42133, 16.66753 ], [ 77.46044, 16.62484 ], [ 77.4691, 16.5891 ], [ 77.4258, 16.57003 ], [ 77.42019, 16.5234 ], [ 77.37107, 16.48901 ], [ 77.23965, 16.47284 ], [ 77.2893, 16.40791 ], [ 77.41672, 16.36782 ], [ 77.4865, 16.38297 ], [ 77.59545, 16.340798 ], [ 77.58612, 16.29153 ], [ 77.49281, 16.2552 ], [ 77.50024, 16.19261 ], [ 77.49204, 16.12133 ], [ 77.50838, 16.07888 ], [ 77.49617, 16.03633 ], [ 77.51561, 16.00801 ], [ 77.51504, 15.92674 ], [ 77.43314, 15.94758 ], [ 77.25377, 15.96212 ], [ 77.1481, 15.94595 ], [ 77.08131, 15.91504 ], [ 77.02877, 15.83474 ], [ 77.06846, 15.82855 ], [ 77.05183, 15.73052 ], [ 77.08067, 15.69644 ], [ 77.08621, 15.65848 ], [ 77.03175, 15.63495 ], [ 77.03137, 15.50574 ], [ 76.97974, 15.48803 ], [ 77.03223, 15.44101 ], [ 77.04297, 15.36472 ], [ 77.074, 15.32555 ], [ 77.11485, 15.33336 ], [ 77.15322, 15.29185 ], [ 77.14674, 15.22439 ], [ 77.16996, 15.17483 ], [ 77.15824, 15.13801 ], [ 77.19815, 15.15943 ], [ 77.29448, 15.13133 ], [ 77.32147, 15.17635 ], [ 77.35261, 15.17675 ], [ 77.3665, 15.22224 ], [ 77.45334, 15.22091 ], [ 77.48482, 15.20899 ], [ 77.52732, 15.22382 ], [ 77.58276, 15.18886 ], [ 77.66295, 15.23267 ], [ 77.73251, 15.16991 ], [ 77.75165, 15.12881 ], [ 77.79419, 15.10475 ], [ 77.81932, 15.14125 ], [ 77.87676, 15.13492 ], [ 77.88892, 15.1761 ], [ 77.94739, 15.16044 ], [ 78.02585, 15.11522 ], [ 78.01439, 15.05864 ], [ 78.04613, 15.00105 ], [ 78.12608, 14.96716 ], [ 78.14482, 14.94627 ], [ 78.11942, 14.92821 ], [ 78.10027, 14.87379 ], [ 78.11744, 14.85691 ], [ 78.05683, 14.77778 ], [ 78.11776, 14.69536 ], [ 78.14469, 14.6853 ], [ 78.12826, 14.62584 ], [ 78.0981, 14.62638 ], [ 78.04772, 14.5396 ], [ 77.98806, 14.54153 ], [ 77.99708, 14.50209 ], [ 78.15187, 14.37476 ], [ 78.30213, 14.30799 ], [ 78.42627, 14.28035 ], [ 78.41057, 14.20872 ], [ 78.46563, 14.11402 ], [ 78.44767, 14.08242 ], [ 78.44364, 14.02388 ], [ 78.47166, 13.99383 ], [ 78.4284, 13.97865 ], [ 78.38809, 13.94173 ], [ 78.2778, 13.89276 ], [ 78.24635, 13.85181 ], [ 78.26302, 13.79826 ], [ 78.23026, 13.78124 ], [ 78.12783, 13.78667 ], [ 78.09451, 13.74325 ], [ 78.11907, 13.72005 ], [ 78.08973, 13.66023 ], [ 78.16564, 13.6587 ], [ 78.20395, 13.62627 ], [ 78.1991, 13.56656 ], [ 78.2186, 13.59206 ], [ 78.25987, 13.58457 ], [ 78.39076, 13.59184 ], [ 78.40827, 13.57677 ], [ 78.37785, 13.50579 ], [ 78.38201, 13.40174 ], [ 78.36598, 13.36595 ], [ 78.44003, 13.32806 ], [ 78.44699, 13.30934 ], [ 78.51234, 13.28835 ], [ 78.57846, 13.28307 ], [ 78.57124, 13.24469 ], [ 78.58057, 13.16792 ], [ 78.52021, 13.13095 ], [ 78.51614, 13.06419 ], [ 78.46141, 13.03715 ], [ 78.46954, 12.97467 ], [ 78.41266, 12.94411 ], [ 78.38994, 12.90654 ], [ 78.35691, 12.9393 ], [ 78.31464, 12.85844 ], [ 78.25251, 12.85852 ], [ 78.23218, 12.76375 ], [ 78.2391, 12.70053 ], [ 78.27616, 12.70317 ], [ 78.30231, 12.66433 ], [ 78.38043, 12.62347 ], [ 78.40967, 12.62528 ], [ 78.47187, 12.62924 ], [ 78.46984, 12.67403 ], [ 78.55363, 12.69694 ], [ 78.55787, 12.7405 ], [ 78.59414, 12.7827 ], [ 78.594527, 12.784907 ], [ 78.594883, 12.786932 ], [ 78.615238, 12.743229 ], [ 78.662507, 12.722528 ], [ 78.735863, 12.818247 ], [ 78.784148, 12.852415 ], [ 78.92574, 12.916072 ], [ 78.897625, 12.863828 ], [ 78.907806, 12.777254 ], [ 78.852048, 12.76542 ], [ 78.840536, 12.712439 ], [ 78.773235, 12.681031 ], [ 78.816375, 12.634108 ], [ 78.859302, 12.627715 ], [ 78.80744, 12.5085 ], [ 78.76476, 12.44707 ], [ 78.77121, 12.42489 ], [ 78.73642, 12.37777 ], [ 78.71074, 12.30218 ], [ 78.65272, 12.2589 ], [ 78.67049, 12.20968 ], [ 78.63512, 12.17705 ], [ 78.63688, 12.14433 ], [ 78.68825, 12.10799 ], [ 78.74105, 12.13502 ], [ 78.70231, 12.01074 ], [ 78.71878, 11.98073 ], [ 78.70588, 11.93493 ], [ 78.72494, 11.91652 ], [ 78.63687, 11.88498 ], [ 78.62747, 11.86472 ], [ 78.59657, 11.81974 ], [ 78.54301, 11.80162 ], [ 78.45466, 11.82504 ], [ 78.40662, 11.87367 ], [ 78.35678, 11.86084 ], [ 78.32174, 11.92828 ], [ 78.25687, 11.93616 ], [ 78.23588, 11.97617 ], [ 78.13754, 11.96258 ], [ 78.03695, 11.929 ], [ 77.97435, 11.89372 ], [ 77.86804, 11.9136 ], [ 77.84743, 11.89415 ], [ 77.76296, 11.91254 ], [ 77.73876, 11.93806 ], [ 77.67654, 11.95039 ], [ 77.53556, 11.9323 ], [ 77.49577, 11.94269 ], [ 77.46532, 11.9008 ], [ 77.46779, 11.84941 ], [ 77.44222, 11.78266 ], [ 77.3665, 11.78848 ], [ 77.33743, 11.769 ], [ 77.29593, 11.8083 ], [ 77.25274, 11.8123 ], [ 77.1246, 11.77142 ], [ 77.0845, 11.73906 ], [ 77.07237, 11.78153 ], [ 77.0147, 11.81235 ], [ 76.95457, 11.79056 ], [ 76.90967, 11.7924 ], [ 76.89092, 11.7337 ], [ 76.86358, 11.70785 ], [ 76.83979, 11.63839 ], [ 76.84753, 11.58357 ], [ 76.82664, 11.60625 ], [ 76.76129, 11.61561 ], [ 76.6173, 11.60904 ], [ 76.52995, 11.62668 ], [ 76.49927, 11.59665 ], [ 76.46692, 11.61521 ], [ 76.47296, 11.65768 ], [ 76.43212, 11.66752 ], [ 76.41694, 11.676 ], [ 76.41158, 11.71492 ], [ 76.42444, 11.80658 ], [ 76.46274, 11.79147 ], [ 76.49292, 11.82199 ], [ 76.49169, 11.85958 ], [ 76.53481, 11.87191 ], [ 76.57727, 11.9223 ], [ 76.5609, 11.94664 ], [ 76.58438, 11.98349 ], [ 76.64462, 11.98347 ], [ 76.65416, 12.00608 ], [ 76.7679, 11.99723 ], [ 76.82479, 12.01159 ], [ 76.86151, 11.99769 ], [ 76.91235, 12.04096 ], [ 76.87245, 12.05743 ], [ 76.8756, 12.11682 ], [ 76.94794, 12.09924 ], [ 76.9898, 12.14501 ], [ 77.0366, 12.14156 ], [ 77.04702, 12.17012 ], [ 77.13441, 12.20985 ], [ 77.11376, 12.24347 ], [ 77.036, 12.23457 ], [ 77.00044, 12.24483 ], [ 76.9738, 12.29079 ], [ 76.97804, 12.35352 ], [ 76.95011, 12.36262 ], [ 76.97408, 12.443 ], [ 76.90855, 12.43945 ], [ 76.89758, 12.40955 ], [ 76.83663, 12.40344 ], [ 76.81246, 12.36097 ], [ 76.72043, 12.35611 ], [ 76.65164, 12.39657 ], [ 76.62587, 12.36874 ], [ 76.55805, 12.39217 ], [ 76.56898, 12.42566 ], [ 76.45352, 12.48441 ], [ 76.41429, 12.55692 ], [ 76.38184, 12.57587 ], [ 76.34583, 12.65715 ], [ 76.31171, 12.6111 ] ] ] } },
{ "type": "Feature", "properties": { "state": "Kerala" }, "geometry": { "type": "MultiPolygon", "coordinates": [ [ [ [ 76.83286, 10.30458 ], [ 76.90537, 10.25258 ], [ 76.81122, 10.28595 ], [ 76.69729, 10.26434 ], [ 76.62304, 10.27401 ], [ 76.57836, 10.30303 ], [ 76.55621, 10.2832 ], [ 76.43913, 10.29459 ], [ 76.38119, 10.24514 ], [ 76.34102, 10.23097 ], [ 76.3137, 10.1843 ], [ 76.22152, 10.20696 ], [ 76.16328, 10.17876 ], [ 76.12174, 10.31558 ], [ 76.06636, 10.45628 ], [ 76.0334, 10.51572 ], [ 75.95645, 10.68528 ], [ 75.91056, 10.78577 ], [ 75.84309, 11.0747 ], [ 75.82603, 11.12271 ], [ 75.80019, 11.17077 ], [ 75.71561, 11.3923 ], [ 75.6803, 11.45087 ], [ 75.61764, 11.48746 ], [ 75.56466, 11.63323 ], [ 75.53652, 11.69268 ], [ 75.52977, 11.70186 ], [ 75.38348, 11.85718 ], [ 75.36682, 11.85111 ], [ 75.24297, 12.01408 ], [ 75.20356, 12.00489 ], [ 75.16494, 12.08917 ], [ 75.07305, 12.31751 ], [ 75.04064, 12.38691 ], [ 74.98164, 12.48368 ], [ 74.86805, 12.75003 ], [ 74.82262, 12.85138 ], [ 74.76031, 13.13913 ], [ 74.84724, 13.17425 ], [ 74.91371, 13.15059 ], [ 74.95497, 13.17027 ], [ 74.99088, 13.15623 ], [ 75.04355, 13.16693 ], [ 75.09255, 13.15989 ], [ 75.1179, 13.18242 ], [ 75.16775, 13.14054 ], [ 75.20068, 13.17964 ], [ 75.25477, 13.12985 ], [ 75.31139, 13.13336 ], [ 75.35297, 13.18444 ], [ 75.44347, 13.16625 ], [ 75.45569, 13.1143 ], [ 75.5773, 13.0813 ], [ 75.57975, 13.00186 ], [ 75.60403, 12.95623 ], [ 75.55784, 12.91606 ], [ 75.61719, 12.83262 ], [ 75.66214, 12.81396 ], [ 75.6447, 12.78477 ], [ 75.67364, 12.70162 ], [ 75.70797, 12.70944 ], [ 75.76325, 12.67613 ], [ 75.81281, 12.70108 ], [ 75.84023, 12.66971 ], [ 75.88831, 12.67767 ], [ 75.85783, 12.72389 ], [ 75.87491, 12.78107 ], [ 75.86612, 12.82128 ], [ 75.92902, 12.82041 ], [ 75.97153, 12.79719 ], [ 75.94001, 12.76225 ], [ 75.96756, 12.70129 ], [ 75.94043, 12.64544 ], [ 75.96754, 12.55969 ], [ 76.02162, 12.56763 ], [ 76.04835, 12.57578 ], [ 76.10167, 12.5299 ], [ 76.13797, 12.52824 ], [ 76.16929, 12.57984 ], [ 76.19412, 12.57514 ], [ 76.22948, 12.64421 ], [ 76.31171, 12.6111 ], [ 76.34583, 12.65715 ], [ 76.38184, 12.57587 ], [ 76.41429, 12.55692 ], [ 76.45352, 12.48441 ], [ 76.56898, 12.42566 ], [ 76.55805, 12.39217 ], [ 76.62587, 12.36874 ], [ 76.65164, 12.39657 ], [ 76.72043, 12.35611 ], [ 76.81246, 12.36097 ], [ 76.83663, 12.40344 ], [ 76.89758, 12.40955 ], [ 76.90855, 12.43945 ], [ 76.97408, 12.443 ], [ 76.95011, 12.36262 ], [ 76.97804, 12.35352 ], [ 76.9738, 12.29079 ], [ 77.00044, 12.24483 ], [ 77.036, 12.23457 ], [ 77.11376, 12.24347 ], [ 77.13441, 12.20985 ], [ 77.04702, 12.17012 ], [ 77.0366, 12.14156 ], [ 76.9898, 12.14501 ], [ 76.94794, 12.09924 ], [ 76.8756, 12.11682 ], [ 76.87245, 12.05743 ], [ 76.91235, 12.04096 ], [ 76.86151, 11.99769 ], [ 76.82479, 12.01159 ], [ 76.7679, 11.99723 ], [ 76.65416, 12.00608 ], [ 76.64462, 11.98347 ], [ 76.58438, 11.98349 ], [ 76.5609, 11.94664 ], [ 76.57727, 11.9223 ], [ 76.53481, 11.87191 ], [ 76.49169, 11.85958 ], [ 76.49292, 11.82199 ], [ 76.46274, 11.79147 ], [ 76.42444, 11.80658 ], [ 76.41158, 11.71492 ], [ 76.41694, 11.676 ], [ 76.43212, 11.66752 ], [ 76.47296, 11.65768 ], [ 76.46692, 11.61521 ], [ 76.49927, 11.59665 ], [ 76.52995, 11.62668 ], [ 76.6173, 11.60904 ], [ 76.76129, 11.61561 ], [ 76.82664, 11.60625 ], [ 76.84753, 11.58357 ], [ 76.89054, 11.57119 ], [ 76.94124, 11.57712 ], [ 77.00805, 11.54478 ], [ 76.99044, 11.49468 ], [ 76.9779, 11.40104 ], [ 76.96033, 11.37913 ], [ 76.90938, 11.34873 ], [ 76.85752, 11.3452 ], [ 76.84388, 11.2875 ], [ 76.80021, 11.29238 ], [ 76.76928, 11.26233 ], [ 76.7075, 11.24026 ], [ 76.73722, 11.21546 ], [ 76.69666, 11.16662 ], [ 76.75156, 11.11896 ], [ 76.74554, 11.07294 ], [ 76.7014, 11.02647 ], [ 76.65844, 10.93787 ], [ 76.74415, 10.89006 ], [ 76.82933, 10.87108 ], [ 76.87206, 10.8092 ], [ 76.90977, 10.78028 ], [ 76.8874, 10.71616 ], [ 76.88514, 10.63887 ], [ 76.81729, 10.63564 ], [ 76.84221, 10.5944 ], [ 76.83025, 10.44782 ], [ 76.82016, 10.42422 ], [ 76.85243, 10.36909 ], [ 76.83927, 10.3377 ], [ 76.83286, 10.30458 ] ] ], [ [ [ 77.47285, 8.45741 ], [ 77.46559, 8.42964 ], [ 77.49339, 8.38173 ], [ 77.54556, 8.39384 ], [ 77.5674, 8.28168 ], [ 77.54498, 8.21014 ], [ 77.56284, 8.1592 ], [ 77.59198, 8.14275 ], [ 77.56078, 8.12138 ], [ 77.55078, 8.07762 ], [ 77.4488, 8.09358 ], [ 77.29815, 8.14287 ], [ 77.23751, 8.17387 ], [ 77.22224, 8.19704 ], [ 77.09636, 8.29054 ], [ 76.96925, 8.38984 ], [ 76.95927, 8.42195 ], [ 76.88324, 8.5066 ], [ 76.69965, 8.73464 ], [ 76.66753, 8.78081 ], [ 76.6185, 8.85108 ], [ 76.54696, 8.90272 ], [ 76.51933, 9.00933 ], [ 76.4678, 9.12545 ], [ 76.35234, 9.37782 ], [ 76.32776, 9.44863 ], [ 76.29481, 9.62263 ], [ 76.27702, 9.79006 ], [ 76.29427, 9.89163 ], [ 76.35419, 9.88426 ], [ 76.37422, 9.83697 ], [ 76.42896, 9.82445 ], [ 76.46005, 9.84848 ], [ 76.51621, 9.84831 ], [ 76.56293, 9.82045 ], [ 76.63071, 9.85587 ], [ 76.74386, 9.80444 ], [ 76.80709, 9.79141 ], [ 76.86166, 9.72965 ], [ 76.88961, 9.71729 ], [ 76.92865, 9.6532 ], [ 76.89056, 9.60884 ], [ 76.88948, 9.54666 ], [ 76.97113, 9.46493 ], [ 77.05432, 9.41793 ], [ 77.06917, 9.45344 ], [ 77.15637, 9.47073 ], [ 77.2084, 9.45023 ], [ 77.24963, 9.37714 ], [ 77.22994, 9.29755 ], [ 77.28501, 9.27265 ], [ 77.28414, 9.30114 ], [ 77.33789, 9.36152 ], [ 77.34124, 9.41864 ], [ 77.3901, 9.39291 ], [ 77.43084, 9.40107 ], [ 77.47707, 9.34169 ], [ 77.51193, 9.335 ], [ 77.59239, 9.34516 ], [ 77.62605, 9.29306 ], [ 77.71316, 9.29081 ], [ 77.74364, 9.26735 ], [ 77.73896, 9.21005 ], [ 77.70824, 9.18756 ], [ 77.67946, 9.10622 ], [ 77.70978, 9.07187 ], [ 77.69567, 9.03256 ], [ 77.72433, 9.00172 ], [ 77.702527, 8.926914 ], [ 77.64017, 8.961304 ], [ 77.565686, 8.87979 ], [ 77.598206, 8.872944 ], [ 77.590134, 8.830555 ], [ 77.481567, 8.870125 ], [ 77.446991, 8.743728 ], [ 77.386726, 8.744711 ], [ 77.306055, 8.793077 ], [ 77.324687, 8.831158 ], [ 77.292231, 8.887194 ], [ 77.25836, 8.87801 ], [ 77.26567, 8.84183 ], [ 77.23337, 8.78558 ], [ 77.20166, 8.77083 ], [ 77.18581, 8.71726 ], [ 77.21756, 8.65077 ], [ 77.271, 8.58077 ], [ 77.33998, 8.55329 ], [ 77.38148, 8.52323 ], [ 77.44819, 8.49964 ], [ 77.47285, 8.45741 ] ] ] ] } },
{ "type": "Feature", "properties": { "state": "Ladakh" }, "geometry": { "type": "Polygon", "coordinates": [ [ [ 78.4005, 32.52555 ], [ 78.47297, 32.58309 ], [ 78.53624, 32.60821 ], [ 78.58863, 32.61548 ], [ 78.62141, 32.59629 ], [ 78.6628, 32.65359 ], [ 78.76314, 32.65465 ], [ 78.79639, 32.60998 ], [ 78.77688, 32.57271 ], [ 78.82769, 32.4383 ], [ 78.85932, 32.44023 ], [ 78.90393, 32.39246 ], [ 78.96218, 32.36565 ], [ 79.06101, 32.39017 ], [ 79.11552, 32.38381 ], [ 79.14767, 32.43661 ], [ 79.13238, 32.47045 ], [ 79.19555, 32.48259 ], [ 79.27756, 32.53358 ], [ 79.32114, 32.59231 ], [ 79.39492, 32.57188 ], [ 79.39982, 32.53664 ], [ 79.44852, 32.53211 ], [ 79.47018, 32.57588 ], [ 79.51611, 32.60769 ], [ 79.62725, 32.73709 ], [ 79.60358, 32.77652 ], [ 79.57362, 32.782 ], [ 79.46442, 32.91962 ], [ 79.41577, 32.96708 ], [ 79.39105, 32.96697 ], [ 79.34137, 33.01806 ], [ 79.3827, 33.02725 ], [ 79.3785, 33.07858 ], [ 79.40577, 33.14353 ], [ 79.44704, 33.20534 ], [ 79.44784, 33.2643 ], [ 79.37044, 33.28216 ], [ 79.31611, 33.27272 ], [ 79.23506, 33.2974 ], [ 79.09775, 33.29411 ], [ 79.01824, 33.33499 ], [ 78.99041, 33.33237 ], [ 78.93379, 33.43229 ], [ 78.94103, 33.52604 ], [ 78.91561, 33.57383 ], [ 78.91752, 33.6219 ], [ 78.99036, 33.61067 ], [ 79.0658, 33.6263 ], [ 79.1075, 33.61637 ], [ 79.09255, 33.679 ], [ 79.05439, 33.67761 ], [ 79.02096, 33.70521 ], [ 79.05427, 33.77788 ], [ 79.02064, 33.7752 ], [ 78.96262, 33.86957 ], [ 78.9498, 33.91608 ], [ 78.90555, 33.97137 ], [ 78.94101, 34.02345 ], [ 79.02281, 34.05035 ], [ 79.08452, 34.02133 ], [ 79.14418, 34.03464 ], [ 79.15205, 34.06755 ], [ 79.39914, 34.02653 ], [ 79.43294, 34.0921 ], [ 79.49511, 34.13531 ], [ 79.49514, 34.1794 ], [ 79.58459, 34.23778 ], [ 79.59252, 34.28107 ], [ 79.55993, 34.33185 ], [ 79.55996, 34.41059 ], [ 79.5285, 34.4174 ], [ 79.50887, 34.47368 ], [ 79.58057, 34.48933 ], [ 79.73373, 34.47773 ], [ 79.79436, 34.48446 ], [ 79.81061, 34.5307 ], [ 79.75879, 34.55411 ], [ 79.79334, 34.58904 ], [ 79.77624, 34.62699 ], [ 79.86098, 34.68813 ], [ 79.94486, 34.68045 ], [ 80.04478, 34.70377 ], [ 80.07136, 34.71909 ], [ 80.06731, 34.79002 ], [ 80.08431, 34.84816 ], [ 80.12308, 34.89168 ], [ 80.17116, 34.98823 ], [ 80.18607, 35.06355 ], [ 80.18381, 35.16608 ], [ 80.22895, 35.22743 ], [ 80.23997, 35.28689 ], [ 80.2838, 35.38719 ], [ 80.28133, 35.44017 ], [ 80.32889, 35.4719 ], [ 80.29175, 35.60671 ], [ 80.2376, 35.64123 ], [ 80.12472, 35.67344 ], [ 80.05852, 35.74922 ], [ 80.03852, 35.79904 ], [ 79.99947, 35.83703 ], [ 79.95616, 35.83708 ], [ 79.8714, 35.78231 ], [ 79.7253, 35.80533 ], [ 79.66584, 35.83454 ], [ 79.56021, 35.86104 ], [ 79.51873, 35.88279 ], [ 79.42244, 35.89579 ], [ 79.40351, 35.91806 ], [ 79.38719, 35.98973 ], [ 79.24222, 35.98602 ], [ 79.19021, 35.94646 ], [ 79.19823, 35.89783 ], [ 79.14565, 35.84116 ], [ 79.0284, 35.8466 ], [ 78.96094, 35.89186 ], [ 78.94035, 35.87884 ], [ 78.80491, 35.85507 ], [ 78.76924, 35.86894 ], [ 78.65867, 35.85322 ], [ 78.63141, 35.82397 ], [ 78.58106, 35.80734 ], [ 78.52177, 35.76305 ], [ 78.42373, 35.78459 ], [ 78.38662, 35.73479 ], [ 78.33938, 35.71984 ], [ 78.27388, 35.72124 ], [ 78.25561, 35.64493 ], [ 78.20746, 35.66622 ], [ 78.16703, 35.61246 ], [ 78.13787, 35.53817 ], [ 78.07827, 35.54846 ], [ 78.04688, 35.58462 ], [ 77.96714, 35.57044 ], [ 77.90654, 35.46862 ], [ 77.83719, 35.50223 ], [ 77.6141, 35.34274 ], [ 77.5043, 35.27888 ], [ 77.29043, 35.14407 ], [ 77.19655, 35.11043 ], [ 77.08901, 35.08568 ], [ 77.07503, 35.05829 ], [ 77.01772, 35.03608 ], [ 76.98497, 34.9459 ], [ 76.89366, 34.96475 ], [ 76.75034, 34.92667 ], [ 76.76372, 34.89857 ], [ 76.74967, 34.83548 ], [ 76.70168, 34.79601 ], [ 76.68782, 34.75204 ], [ 76.59461, 34.75097 ], [ 76.49187, 34.79192 ], [ 76.43684, 34.76456 ], [ 76.49341, 34.66115 ], [ 76.47529, 34.61346 ], [ 76.49674, 34.59793 ], [ 76.54572, 34.61664 ], [ 76.57116, 34.56941 ], [ 76.5754, 34.51292 ], [ 76.60884, 34.4337 ], [ 76.639, 34.39923 ], [ 76.73911, 34.34445 ], [ 76.72079, 34.31822 ], [ 76.71631, 34.26114 ], [ 76.68004, 34.15595 ], [ 76.70164, 34.0821 ], [ 76.60755, 34.06182 ], [ 76.59673, 34.00692 ], [ 76.56633, 34.00252 ], [ 76.53485, 33.96169 ], [ 76.54837, 33.92436 ], [ 76.51817, 33.88902 ], [ 76.53602, 33.83954 ], [ 76.60417, 33.82587 ], [ 76.65493, 33.86186 ], [ 76.73948, 33.79353 ], [ 76.78565, 33.80649 ], [ 76.87201, 33.77611 ], [ 76.90208, 33.78288 ], [ 76.9503, 33.71809 ], [ 77.00248, 33.72606 ], [ 77.06554, 33.71511 ], [ 77.10508, 33.67966 ], [ 77.15324, 33.6896 ], [ 77.21455, 33.63395 ], [ 77.26404, 33.53798 ], [ 77.31533, 33.49975 ], [ 77.36931, 33.49083 ], [ 77.44257, 33.51331 ], [ 77.4715, 33.44629 ], [ 77.52199, 33.42407 ], [ 77.50929, 33.38688 ], [ 77.55802, 33.34975 ], [ 77.4981, 33.33056 ], [ 77.47046, 33.27844 ], [ 77.50827, 33.22748 ], [ 77.50716, 33.17381 ], [ 77.4435, 33.20998 ], [ 77.40834, 33.19878 ], [ 77.39513, 33.08138 ], [ 77.34656, 33.07345 ], [ 77.27779, 32.99419 ], [ 77.32743, 32.89605 ], [ 77.27661, 32.87383 ], [ 77.3234, 32.85142 ], [ 77.33982, 32.8197 ], [ 77.37471, 32.82253 ], [ 77.39774, 32.87815 ], [ 77.44408, 32.88092 ], [ 77.47356, 32.85892 ], [ 77.538, 32.88454 ], [ 77.60493, 32.93702 ], [ 77.67193, 32.95648 ], [ 77.6839, 32.98313 ], [ 77.73118, 32.96882 ], [ 77.80874, 32.90228 ], [ 77.77991, 32.86167 ], [ 77.8797, 32.81285 ], [ 77.88536, 32.78694 ], [ 77.93627, 32.75347 ], [ 77.92144, 32.68959 ], [ 77.99473, 32.58826 ], [ 78.05385, 32.58821 ], [ 78.1116, 32.65843 ], [ 78.20222, 32.66006 ], [ 78.25493, 32.69087 ], [ 78.31414, 32.70897 ], [ 78.30612, 32.73402 ], [ 78.38988, 32.758 ], [ 78.39627, 32.71542 ], [ 78.38151, 32.66807 ], [ 78.40708, 32.61923 ], [ 78.34993, 32.58088 ], [ 78.31476, 32.57352 ], [ 78.32835, 32.47183 ], [ 78.4005, 32.52555 ] ] ] } },
{ "type": "Feature", "properties": { "state": "Lakshadweep" }, "geometry": { "type": "MultiPolygon", "coordinates": [ [ [ [ 72.09319, 11.15253 ], [ 72.06805, 11.11674 ], [ 72.02446, 11.11146 ], [ 71.99239, 11.1761 ], [ 72.03989, 11.17524 ], [ 72.09991, 11.21529 ], [ 72.09319, 11.15253 ] ] ], [ [ [ 71.88475, 12.39252 ], [ 71.91899, 12.38617 ], [ 71.92336, 12.3483 ], [ 71.90172, 12.2883 ], [ 71.88475, 12.39252 ] ] ] ] } },
{ "type": "Feature", "properties": { "state": "Madhya Pradesh" }, "geometry": { "type": "Polygon", "coordinates": [ [ [ 75.10866, 21.2862 ], [ 75.10531, 21.23652 ], [ 75.04285, 21.21169 ], [ 75.03382, 21.19263 ], [ 74.96438, 21.19228 ], [ 74.89392, 21.15193 ], [ 74.85899, 21.06371 ], [ 74.89206, 21.05298 ], [ 74.92216, 21.01111 ], [ 74.9151, 20.92737 ], [ 74.97124, 20.87779 ], [ 74.9874, 20.82281 ], [ 74.99214, 20.73698 ], [ 74.95442, 20.71236 ], [ 74.9304, 20.65801 ], [ 74.81588, 20.63431 ], [ 74.80662, 20.65721 ], [ 74.7391, 20.66818 ], [ 74.71106, 20.68982 ], [ 74.65183, 20.69546 ], [ 74.66221, 20.73714 ], [ 74.62331, 20.79902 ], [ 74.57541, 20.82425 ], [ 74.42311, 20.80591 ], [ 74.34053, 20.8519 ], [ 74.22985, 20.85126 ], [ 74.1272, 20.86562 ], [ 74.04892, 20.83619 ], [ 73.93996, 20.83973 ], [ 73.92591, 20.8855 ], [ 73.89114, 20.93259 ], [ 73.90133, 20.9827 ], [ 73.85201, 20.99729 ], [ 73.79728, 21.04555 ], [ 73.79279, 21.06787 ], [ 73.68765, 21.10073 ], [ 73.63053, 21.13245 ], [ 73.6756, 21.15184 ], [ 73.73116, 21.13795 ], [ 73.73615, 21.16676 ], [ 73.81735, 21.17147 ], [ 73.82709, 21.26696 ], [ 73.88713, 21.26184 ], [ 73.94385, 21.2969 ], [ 73.95745, 21.3924 ], [ 74.04434, 21.41862 ], [ 74.0741, 21.45695 ], [ 74.21904, 21.45798 ], [ 74.3026, 21.4783 ], [ 74.33236, 21.53907 ], [ 74.28843, 21.55765 ], [ 74.20166, 21.52819 ], [ 74.15193, 21.55114 ], [ 74.06524, 21.5586 ], [ 74.02024, 21.55138 ], [ 73.98327, 21.52162 ], [ 73.93319, 21.51992 ], [ 73.85609, 21.49518 ], [ 73.81845, 21.60003 ], [ 73.82438, 21.63912 ], [ 73.88117, 21.64432 ], [ 73.88587, 21.70987 ], [ 73.8419, 21.74126 ], [ 73.82829, 21.80657 ], [ 73.94507, 21.86961 ], [ 74.04303, 21.92175 ], [ 74.14497, 21.95286 ], [ 74.15128, 21.98115 ], [ 74.11691, 22.02216 ], [ 74.15988, 22.05933 ], [ 74.12944, 22.09509 ], [ 74.11973, 22.21162 ], [ 74.07023, 22.22839 ], [ 74.05628, 22.28537 ], [ 74.06898, 22.35898 ], [ 74.10687, 22.37089 ], [ 74.13263, 22.33177 ], [ 74.19568, 22.34161 ], [ 74.27156, 22.39152 ], [ 74.26175, 22.42311 ], [ 74.22116, 22.43854 ], [ 74.10224, 22.43207 ], [ 74.06398, 22.54956 ], [ 74.03805, 22.57052 ], [ 73.90926, 22.50809 ], [ 73.85354, 22.51134 ], [ 73.81093, 22.54782 ], [ 73.85603, 22.56433 ], [ 73.82928, 22.6566 ], [ 73.85071, 22.75296 ], [ 73.82228, 22.7788 ], [ 73.84125, 22.8234 ], [ 73.88263, 22.86747 ], [ 73.89076, 22.94863 ], [ 73.90825, 22.98324 ], [ 73.90745, 23.04736 ], [ 73.90798, 23.07769 ], [ 73.96046, 23.11035 ], [ 74.0026, 23.07953 ], [ 73.98987, 23.16041 ], [ 73.96199, 23.22131 ], [ 74.00089, 23.33482 ], [ 73.96053, 23.37995 ], [ 74.01352, 23.4415 ], [ 74.03341, 23.54455 ], [ 74.07216, 23.59922 ], [ 74.1195, 23.61006 ], [ 74.13698, 23.69209 ], [ 74.12242, 23.71172 ], [ 74.14872, 23.78156 ], [ 74.23971, 23.81481 ], [ 74.31858, 23.85726 ], [ 74.3851, 23.90611 ], [ 74.43506, 23.9064 ], [ 74.48085, 23.92443 ], [ 74.54722, 23.86203 ], [ 74.54705, 23.70982 ], [ 74.53164, 23.63545 ], [ 74.59043, 23.62606 ], [ 74.67416, 23.66557 ], [ 74.72253, 23.61502 ], [ 74.77392, 23.58908 ], [ 74.77434, 23.54077 ], [ 74.80324, 23.53149 ], [ 74.85197, 23.55479 ], [ 74.90652, 23.62208 ], [ 74.9112, 23.68524 ], [ 74.94146, 23.7321 ], [ 74.94086, 23.76307 ], [ 74.96994, 23.79645 ], [ 75.02929, 23.7809 ], [ 75.055, 23.82348 ], [ 75.20246, 23.8271 ], [ 75.21953, 23.85562 ], [ 75.25729, 23.83529 ], [ 75.37033, 23.85693 ], [ 75.46241, 23.91451 ], [ 75.46704, 23.97739 ], [ 75.51681, 24.04532 ], [ 75.57424, 24.01396 ], [ 75.63734, 23.99635 ], [ 75.67192, 24.03003 ], [ 75.70311, 23.96555 ], [ 75.76487, 23.99439 ], [ 75.78257, 24.05847 ], [ 75.83255, 24.06831 ], [ 75.83372, 24.10427 ], [ 75.79262, 24.10616 ], [ 75.74646, 24.13597 ], [ 75.78196, 24.22073 ], [ 75.8085, 24.22601 ], [ 75.81627, 24.29693 ], [ 75.76828, 24.30696 ], [ 75.74112, 24.34427 ], [ 75.73909, 24.3997 ], [ 75.78951, 24.45462 ], [ 75.83245, 24.41871 ], [ 75.90698, 24.44227 ], [ 75.92425, 24.53989 ], [ 75.96518, 24.56243 ], [ 76.0353, 24.55936 ], [ 76.08248, 24.57684 ], [ 76.06584, 24.62342 ], [ 76.0695, 24.67577 ], [ 76.11539, 24.69332 ], [ 76.18945, 24.62416 ], [ 76.20519, 24.75987 ], [ 76.22816, 24.83223 ], [ 76.31444, 24.84021 ], [ 76.36613, 24.87129 ], [ 76.40063, 24.83824 ], [ 76.4455, 24.83082 ], [ 76.44388, 24.78323 ], [ 76.49113, 24.82216 ], [ 76.55765, 24.80421 ], [ 76.57623, 24.85846 ], [ 76.48736, 24.92055 ], [ 76.45289, 24.92275 ], [ 76.42224, 24.9773 ], [ 76.3411, 24.98379 ], [ 76.32496, 24.95901 ], [ 76.24841, 25.041 ], [ 76.21884, 25.0844 ], [ 76.23562, 25.16046 ], [ 76.25554, 25.18904 ], [ 76.2547, 25.23791 ], [ 76.28885, 25.24673 ], [ 76.332, 25.37459 ], [ 76.37208, 25.38872 ], [ 76.44177, 25.37948 ], [ 76.45005, 25.39954 ], [ 76.56231, 25.41411 ], [ 76.57996, 25.43202 ], [ 76.52608, 25.52525 ], [ 76.51559, 25.57512 ], [ 76.51672, 25.66811 ], [ 76.48834, 25.71341 ], [ 76.53257, 25.72629 ], [ 76.53542, 25.79319 ], [ 76.57297, 25.83486 ], [ 76.64778, 25.90136 ], [ 76.7398, 25.89763 ], [ 76.8014, 25.93924 ], [ 76.84696, 26.00626 ], [ 76.84762, 26.03276 ], [ 76.90221, 26.09295 ], [ 76.94567, 26.10098 ], [ 77.00153, 26.13264 ], [ 77.05397, 26.18006 ], [ 77.09183, 26.18197 ], [ 77.11451, 26.21636 ], [ 77.13685, 26.23441 ], [ 77.20155, 26.23022 ], [ 77.2705, 26.26768 ], [ 77.31574, 26.30967 ], [ 77.32597, 26.34069 ], [ 77.37394, 26.36615 ], [ 77.44018, 26.35961 ], [ 77.43864, 26.40336 ], [ 77.51378, 26.40748 ], [ 77.60709, 26.44874 ], [ 77.67916, 26.50422 ], [ 77.73517, 26.50982 ], [ 77.74757, 26.53715 ], [ 77.83249, 26.56114 ], [ 77.83879, 26.60707 ], [ 77.88782, 26.61469 ], [ 77.91, 26.65979 ], [ 77.94842, 26.65708 ], [ 78.00081, 26.69699 ], [ 78.09672, 26.681 ], [ 78.11241, 26.79487 ], [ 78.18495, 26.78577 ], [ 78.18216, 26.82685 ], [ 78.2188, 26.8305 ], [ 78.26455, 26.81455 ], [ 78.30371, 26.86254 ], [ 78.37138, 26.86548 ], [ 78.39207, 26.82084 ], [ 78.43493, 26.82656 ], [ 78.4598, 26.79231 ], [ 78.54845, 26.76443 ], [ 78.57767, 26.74897 ], [ 78.68502, 26.78799 ], [ 78.74937, 26.78729 ], [ 78.77988, 26.75847 ], [ 78.7943, 26.79756 ], [ 78.85204, 26.80949 ], [ 78.81111, 26.86857 ], [ 78.78354, 26.86494 ], [ 78.74901, 26.91393 ], [ 78.77081, 26.94273 ], [ 78.83102, 26.98236 ], [ 78.97524, 26.98252 ], [ 79.0303, 26.96922 ], [ 79.08041, 26.99814 ], [ 79.1932, 27.00057 ], [ 79.19763, 26.97521 ], [ 79.30736, 26.98194 ], [ 79.32755, 26.96045 ], [ 79.33782, 26.93835 ], [ 79.4521, 26.92864 ], [ 79.4605, 26.90317 ], [ 79.56092, 26.86073 ], [ 79.61118, 26.89219 ], [ 79.66567, 26.86524 ], [ 79.72652, 26.80221 ], [ 79.75952, 26.7834 ], [ 79.72176, 26.75106 ], [ 79.72357, 26.66562 ], [ 79.67493, 26.61454 ], [ 79.64277, 26.60628 ], [ 79.63978, 26.5081 ], [ 79.59949, 26.48051 ], [ 79.56305, 26.40959 ], [ 79.50408, 26.36388 ], [ 79.52668, 26.34268 ], [ 79.5495, 26.27533 ], [ 79.65258, 26.24243 ], [ 79.65895, 26.20834 ], [ 79.7306, 26.18432 ], [ 79.74601, 26.14453 ], [ 79.78724, 26.10855 ], [ 79.83937, 26.10114 ], [ 79.86842, 26.11461 ], [ 79.92191, 26.09093 ], [ 79.94681, 26.05745 ], [ 79.95478, 26.00701 ], [ 79.91261, 25.97021 ], [ 79.85114, 25.97168 ], [ 79.86709, 25.93579 ], [ 79.82109, 25.89726 ], [ 79.73463, 25.92294 ], [ 79.69921, 25.94552 ], [ 79.61114, 25.92888 ], [ 79.61359, 25.89843 ], [ 79.53794, 25.82197 ], [ 79.50837, 25.85651 ], [ 79.46021, 25.82406 ], [ 79.44509, 25.78827 ], [ 79.39836, 25.79637 ], [ 79.37592, 25.74644 ], [ 79.38597, 25.68852 ], [ 79.36199, 25.64663 ], [ 79.41077, 25.54533 ], [ 79.3894, 25.52202 ], [ 79.53544, 25.48335 ], [ 79.60455, 25.49615 ], [ 79.64271, 25.48437 ], [ 79.6604, 25.54193 ], [ 79.71452, 25.56661 ], [ 79.74388, 25.54688 ], [ 79.82767, 25.59156 ], [ 79.86669, 25.56956 ], [ 79.91417, 25.59676 ], [ 79.97552, 25.59497 ], [ 80.0201, 25.53825 ], [ 80.06041, 25.54995 ], [ 80.08771, 25.51225 ], [ 80.19426, 25.46599 ], [ 80.13972, 25.45653 ], [ 80.14131, 25.41096 ], [ 80.10453, 25.3472 ], [ 80.13551, 25.33628 ], [ 80.19928, 25.40126 ], [ 80.25586, 25.39802 ], [ 80.2801, 25.41822 ], [ 80.31772, 25.38507 ], [ 80.32288, 25.30803 ], [ 80.38551, 25.23461 ], [ 80.40587, 25.2408 ], [ 80.43359, 25.17495 ], [ 80.35694, 25.13622 ], [ 80.35335, 25.05459 ], [ 80.27556, 25.02332 ], [ 80.32237, 24.99958 ], [ 80.37611, 25.02151 ], [ 80.3942, 25.06115 ], [ 80.47662, 24.97072 ], [ 80.5012, 25.00355 ], [ 80.55172, 24.99894 ], [ 80.54874, 25.03198 ], [ 80.50471, 25.03964 ], [ 80.50922, 25.08206 ], [ 80.55469, 25.05981 ], [ 80.61255, 25.0919 ], [ 80.72282, 25.06403 ], [ 80.72744, 25.10025 ], [ 80.75932, 25.13793 ], [ 80.82711, 25.12683 ], [ 80.8508, 25.16746 ], [ 80.91406, 25.16079 ], [ 80.87345, 25.11996 ], [ 80.87908, 25.06742 ], [ 80.83366, 25.03021 ], [ 80.85361, 24.98559 ], [ 80.81108, 24.95031 ], [ 80.83982, 24.91672 ], [ 80.95073, 24.96238 ], [ 80.94942, 24.93834 ], [ 81.02401, 24.92519 ], [ 81.03533, 24.94993 ], [ 81.08481, 24.9489 ], [ 81.12478, 24.89657 ], [ 81.09717, 24.8285 ], [ 81.05554, 24.78274 ], [ 81.09238, 24.77202 ], [ 81.17757, 24.6856 ], [ 81.16661, 24.6357 ], [ 81.15844, 24.51968 ], [ 81.17248, 24.48282 ], [ 81.22514, 24.46467 ], [ 81.23767, 24.41678 ], [ 81.26583, 24.38837 ], [ 81.31066, 24.38408 ], [ 81.31226, 24.30744 ], [ 81.35212, 24.24656 ], [ 81.39008, 24.26128 ], [ 81.45679, 24.25792 ], [ 81.4941, 24.24141 ], [ 81.47379, 24.17764 ], [ 81.52821, 24.08613 ], [ 81.50548, 24.06053 ], [ 81.49826, 24.00329 ], [ 81.54812, 23.96814 ], [ 81.54383, 23.91256 ], [ 81.60695, 23.88288 ], [ 81.66947, 23.9239 ], [ 81.71053, 23.86181 ], [ 81.77487, 23.81387 ], [ 81.82516, 23.80539 ], [ 81.90779, 23.84353 ], [ 82.00857, 23.8618 ], [ 82.05321, 23.81935 ], [ 82.18196, 23.81859 ], [ 82.21249, 23.84698 ], [ 82.23932, 23.80674 ], [ 82.396, 23.80046 ], [ 82.47763, 23.80681 ], [ 82.49957, 23.783 ], [ 82.5383, 23.75975 ], [ 82.59374, 23.695 ], [ 82.60348, 23.66665 ], [ 82.57521, 23.61795 ], [ 82.5817, 23.54232 ], [ 82.64195, 23.49855 ], [ 82.65164, 23.47381 ], [ 82.65281, 23.38462 ], [ 82.74504, 23.3584 ], [ 82.75679, 23.3383 ], [ 82.75773, 23.25557 ], [ 82.72804, 23.23271 ], [ 82.69108, 23.22831 ], [ 82.6396, 23.1418 ], [ 82.58449, 23.12995 ], [ 82.57166, 23.07003 ], [ 82.60915, 23.00861 ], [ 82.58075, 22.98662 ], [ 82.57549, 22.94303 ], [ 82.56725, 22.97292 ], [ 82.45077, 22.96685 ], [ 82.37244, 22.99727 ], [ 82.33145, 22.96716 ], [ 82.26033, 22.9387 ], [ 82.22418, 22.94085 ], [ 82.17979, 22.97085 ], [ 82.17806, 23.04082 ], [ 82.12345, 23.10362 ], [ 82.15864, 23.14154 ], [ 82.14491, 23.16472 ], [ 82.15027, 23.22505 ], [ 82.20066, 23.31156 ], [ 82.10254, 23.39791 ], [ 82.0574, 23.37436 ], [ 82.02364, 23.42279 ], [ 81.9788, 23.4208 ], [ 81.96576, 23.35134 ], [ 81.91932, 23.36159 ], [ 81.92154, 23.32121 ], [ 81.89791, 23.27715 ], [ 81.81552, 23.29289 ], [ 81.84269, 23.23371 ], [ 81.77749, 23.22829 ], [ 81.74056, 23.18506 ], [ 81.61041, 23.17477 ], [ 81.57938, 23.14536 ], [ 81.57273, 23.07135 ], [ 81.59586, 23.03242 ], [ 81.54511, 23.0019 ], [ 81.49368, 23.04983 ], [ 81.39005, 23.05133 ], [ 81.31905, 23.08575 ], [ 81.32608, 23.13065 ], [ 81.26985, 23.1695 ], [ 81.26477, 23.20039 ], [ 81.19336, 23.27767 ], [ 81.13381, 23.30632 ], [ 81.1423, 23.22713 ], [ 81.13193, 23.20331 ], [ 81.1457, 23.15808 ], [ 81.1857, 23.14304 ], [ 81.1934, 23.09708 ], [ 81.2525, 23.0674 ], [ 81.22288, 22.99497 ], [ 81.20072, 22.97069 ], [ 81.18283, 22.89442 ], [ 81.23978, 22.87451 ], [ 81.31048, 22.83216 ], [ 81.4153, 22.81203 ], [ 81.43866, 22.75111 ], [ 81.56343, 22.72596 ], [ 81.64976, 22.75718 ], [ 81.67881, 22.75046 ], [ 81.69039, 22.67414 ], [ 81.72606, 22.66608 ], [ 81.68607, 22.64896 ], [ 81.64886, 22.60765 ], [ 81.64732, 22.56323 ], [ 81.61641, 22.53663 ], [ 81.57037, 22.55102 ], [ 81.50065, 22.51973 ], [ 81.48173, 22.49288 ], [ 81.45366, 22.49596 ], [ 81.39436, 22.44868 ], [ 81.38647, 22.50265 ], [ 81.32218, 22.51463 ], [ 81.23431, 22.44978 ], [ 81.16014, 22.46466 ], [ 81.11737, 22.44097 ], [ 81.10548, 22.38104 ], [ 81.12216, 22.34191 ], [ 81.12003, 22.29332 ], [ 81.092, 22.24687 ], [ 81.04574, 22.23926 ], [ 81.02818, 22.26766 ], [ 80.91542, 22.27825 ], [ 80.91857, 22.32685 ], [ 80.88319, 22.33143 ], [ 80.86735, 22.37687 ], [ 80.81476, 22.3966 ], [ 80.79606, 22.37291 ], [ 80.78984, 22.31156 ], [ 80.70579, 22.26814 ], [ 80.73039, 22.21792 ], [ 80.70167, 22.20123 ], [ 80.64774, 22.22511 ], [ 80.58177, 22.22415 ], [ 80.53407, 22.23821 ], [ 80.50972, 22.27332 ], [ 80.46207, 22.27471 ], [ 80.44864, 22.24369 ], [ 80.38651, 22.30687 ], [ 80.32057, 22.34372 ], [ 80.27472, 22.30502 ], [ 80.23694, 22.29918 ], [ 80.15165, 22.34396 ], [ 80.09989, 22.33619 ], [ 80.08306, 22.29433 ], [ 80.10062, 22.24355 ], [ 80.0355, 22.18015 ], [ 80.04958, 22.11824 ], [ 79.90097, 22.05841 ], [ 79.90116, 22.0253 ], [ 79.87215, 21.96872 ], [ 79.79358, 21.87562 ], [ 79.79601, 21.84251 ], [ 79.7599, 21.80624 ], [ 79.69243, 21.79796 ], [ 79.65896, 21.69054 ], [ 79.61071, 21.67744 ], [ 79.54458, 21.60354 ], [ 79.5126, 21.5938 ], [ 79.49513, 21.67278 ], [ 79.41778, 21.69037 ], [ 79.40347, 21.67505 ], [ 79.29109, 21.6932 ], [ 79.23937, 21.71258 ], [ 79.22282, 21.64949 ], [ 79.15399, 21.65975 ], [ 79.13386, 21.62731 ], [ 79.08763, 21.6064 ], [ 79.01557, 21.6007 ], [ 78.98074, 21.6167 ], [ 78.91863, 21.5623 ], [ 78.93774, 21.48669 ], [ 78.75162, 21.49152 ], [ 78.72987, 21.46354 ], [ 78.68972, 21.48107 ], [ 78.62654, 21.47661 ], [ 78.56556, 21.51358 ], [ 78.51403, 21.52734 ], [ 78.48882, 21.50666 ], [ 78.43546, 21.50065 ], [ 78.41886, 21.57653 ], [ 78.37699, 21.61374 ], [ 78.34591, 21.58363 ], [ 78.39237, 21.66151 ], [ 78.46165, 21.71534 ], [ 78.47653, 21.82045 ], [ 78.52569, 21.83276 ], [ 78.55132, 21.87091 ], [ 78.51887, 21.9305 ], [ 78.44676, 21.95867 ], [ 78.39077, 21.92134 ], [ 78.40344, 22.00232 ], [ 78.3589, 22.03332 ], [ 78.33273, 22.1051 ], [ 78.27899, 22.08801 ], [ 78.26102, 22.16282 ], [ 78.26938, 22.26259 ], [ 78.2473, 22.31654 ], [ 78.28178, 22.34745 ], [ 78.27229, 22.39973 ], [ 78.15251, 22.38641 ], [ 78.03543, 22.32775 ], [ 77.94126, 22.32844 ], [ 77.86765, 22.28625 ], [ 77.85677, 22.36674 ], [ 77.80997, 22.33699 ], [ 77.65749, 22.30415 ], [ 77.5871, 22.33853 ], [ 77.54647, 22.33832 ], [ 77.50932, 22.30897 ], [ 77.48896, 22.25502 ], [ 77.43362, 22.21106 ], [ 77.36583, 22.24477 ], [ 77.42598, 22.16854 ], [ 77.47483, 22.16184 ], [ 77.46336, 22.07877 ], [ 77.5106, 22.07247 ], [ 77.508, 22.02765 ], [ 77.47197, 22.01701 ], [ 77.41114, 22.0233 ], [ 77.39811, 21.99719 ], [ 77.32582, 21.96694 ], [ 77.27434, 21.95872 ], [ 77.24898, 21.91146 ], [ 77.22082, 21.90384 ], [ 77.19261, 21.86174 ], [ 77.16459, 21.85555 ], [ 77.18915, 21.78308 ], [ 77.08743, 21.77 ], [ 77.06552, 21.71308 ], [ 77.00055, 21.6796 ], [ 76.89479, 21.59875 ], [ 76.85512, 21.61306 ], [ 76.79822, 21.59557 ], [ 76.7847, 21.55365 ], [ 76.76571, 21.52075 ], [ 76.79461, 21.48803 ], [ 76.74609, 21.44133 ], [ 76.73475, 21.40702 ], [ 76.67092, 21.36771 ], [ 76.62826, 21.32802 ], [ 76.66353, 21.28074 ], [ 76.62573, 21.19107 ], [ 76.5616, 21.2042 ], [ 76.49324, 21.19621 ], [ 76.45466, 21.11333 ], [ 76.41369, 21.10573 ], [ 76.38456, 21.07804 ], [ 76.28333, 21.07379 ], [ 76.2708, 21.09141 ], [ 76.18523, 21.08841 ], [ 76.13694, 21.12463 ], [ 76.12868, 21.17629 ], [ 76.16822, 21.1691 ], [ 76.16061, 21.25744 ], [ 76.13061, 21.29577 ], [ 76.09999, 21.37212 ], [ 76.05358, 21.35091 ], [ 75.9927, 21.37428 ], [ 75.96977, 21.39215 ], [ 75.88897, 21.39781 ], [ 75.83336, 21.3815 ], [ 75.74459, 21.3914 ], [ 75.68516, 21.38045 ], [ 75.62143, 21.38599 ], [ 75.54817, 21.37076 ], [ 75.46826, 21.39246 ], [ 75.38409, 21.3839 ], [ 75.20663, 21.41419 ], [ 75.16197, 21.40326 ], [ 75.12655, 21.33978 ], [ 75.15017, 21.31879 ], [ 75.10866, 21.2862 ] ] ] } },
{ "type": "Feature", "properties": { "state": "Maharashtra" }, "geometry": { "type": "Polygon", "coordinates": [ [ [ 73.78882, 16.9936 ], [ 73.76692, 16.96344 ], [ 73.79419, 16.91294 ], [ 73.74956, 16.9057 ], [ 73.77035, 16.85494 ], [ 73.73896, 16.8215 ], [ 73.7928, 16.76364 ], [ 73.84214, 16.73967 ], [ 73.8285, 16.69833 ], [ 73.85507, 16.65106 ], [ 73.76924, 16.66062 ], [ 73.76917, 16.60424 ], [ 73.69081, 16.62476 ], [ 73.66253, 16.57677 ], [ 73.58229, 16.54425 ], [ 73.54211, 16.51576 ], [ 73.50212, 16.52118 ], [ 73.46641, 16.49416 ], [ 73.37644, 16.51315 ], [ 73.35132, 16.53524 ], [ 73.34014, 16.63391 ], [ 73.3114, 16.71536 ], [ 73.28051, 16.8978 ], [ 73.29342, 16.96551 ], [ 73.27474, 17.02391 ], [ 73.28797, 17.07653 ], [ 73.24319, 17.22503 ], [ 73.22005, 17.26944 ], [ 73.23032, 17.31922 ], [ 73.20681, 17.38434 ], [ 73.17746, 17.38702 ], [ 73.19285, 17.46712 ], [ 73.17943, 17.50881 ], [ 73.13803, 17.55581 ], [ 73.17077, 17.57649 ], [ 73.13652, 17.6147 ], [ 73.11688, 17.69787 ], [ 73.12311, 17.75207 ], [ 73.07146, 17.88893 ], [ 73.03191, 17.94094 ], [ 73.06673, 17.98681 ], [ 73.02092, 17.9937 ], [ 72.99147, 18.09753 ], [ 72.96988, 18.13187 ], [ 72.98969, 18.15872 ], [ 72.97955, 18.19677 ], [ 72.94219, 18.23496 ], [ 72.93812, 18.28274 ], [ 72.99388, 18.27269 ], [ 72.90799, 18.39874 ], [ 72.89476, 18.46328 ], [ 72.93138, 18.53715 ], [ 72.86278, 18.66005 ], [ 72.86931, 18.80457 ], [ 72.9605, 18.79765 ], [ 72.97611, 18.86082 ], [ 72.92255, 18.85458 ], [ 72.90782, 18.89959 ], [ 72.95647, 18.90989 ], [ 72.94446, 18.95314 ], [ 73.01686, 18.97954 ], [ 73.03082, 18.99906 ], [ 73.00239, 19.00416 ], [ 72.97347, 19.0597 ], [ 72.91046, 18.99063 ], [ 72.88416, 19.00173 ], [ 72.86503, 19.00145 ], [ 72.84399, 18.93534 ], [ 72.81391, 18.89419 ], [ 72.79167, 18.94876 ], [ 72.81725, 19.03934 ], [ 72.82672, 19.09309 ], [ 72.79431, 19.14087 ], [ 72.79688, 19.1983 ], [ 72.77589, 19.22391 ], [ 72.78457, 19.26328 ], [ 72.78455, 19.30262 ], [ 72.8335, 19.31449 ], [ 72.79707, 19.3307 ], [ 72.75766, 19.37543 ], [ 72.7437, 19.51088 ], [ 72.71432, 19.57164 ], [ 72.72689, 19.61778 ], [ 72.68455, 19.74667 ], [ 72.68845, 19.78987 ], [ 72.65598, 19.82598 ], [ 72.67796, 19.86417 ], [ 72.66119, 19.93719 ], [ 72.71966, 19.98292 ], [ 72.70146, 20.06808 ], [ 72.7278, 20.12949 ], [ 72.79153, 20.12636 ], [ 72.84026, 20.20918 ], [ 72.87445, 20.22777 ], [ 72.96092, 20.2134 ], [ 72.99484, 20.11897 ], [ 73.0487, 20.09771 ], [ 73.12773, 20.08614 ], [ 73.17261, 20.05259 ], [ 73.2105, 20.09827 ], [ 73.20772, 20.12277 ], [ 73.25105, 20.12539 ], [ 73.28538, 20.15454 ], [ 73.30301, 20.20782 ], [ 73.36642, 20.19321 ], [ 73.42227, 20.2067 ], [ 73.41266, 20.24275 ], [ 73.41855, 20.31635 ], [ 73.40724, 20.38197 ], [ 73.44169, 20.46702 ], [ 73.46878, 20.4953 ], [ 73.47376, 20.58383 ], [ 73.43316, 20.59539 ], [ 73.40869, 20.62646 ], [ 73.26142, 20.58179 ], [ 73.21677, 20.60417 ], [ 73.07557, 20.60055 ], [ 73.03761, 20.70338 ], [ 72.97353, 20.74329 ], [ 72.96346, 20.72119 ], [ 72.89952, 20.73621 ], [ 72.85159, 20.73232 ], [ 72.82836, 20.76583 ], [ 72.8247, 20.81393 ], [ 72.78936, 20.89948 ], [ 72.75197, 20.94655 ], [ 72.72268, 21.02982 ], [ 72.7235, 21.05846 ], [ 72.77651, 21.02452 ], [ 72.8381, 21.02663 ], [ 72.87442, 21.0561 ], [ 72.90882, 21.04406 ], [ 72.95194, 21.06496 ], [ 73.01927, 21.05901 ], [ 73.0143, 21.0182 ], [ 73.04405, 21.00597 ], [ 73.09513, 20.93689 ], [ 73.16863, 20.90041 ], [ 73.19913, 20.86058 ], [ 73.25064, 20.84896 ], [ 73.25873, 20.81799 ], [ 73.30383, 20.81738 ], [ 73.31919, 20.88194 ], [ 73.3859, 20.8251 ], [ 73.45584, 20.81334 ], [ 73.50028, 20.81875 ], [ 73.49666, 20.91764 ], [ 73.53225, 20.93659 ], [ 73.54764, 21.00581 ], [ 73.57102, 21.01188 ], [ 73.63583, 20.97223 ], [ 73.66096, 21.0062 ], [ 73.75174, 21.00426 ], [ 73.79711, 20.95821 ], [ 73.89114, 20.93259 ], [ 73.92591, 20.8855 ], [ 73.93996, 20.83973 ], [ 74.04892, 20.83619 ], [ 74.1272, 20.86562 ], [ 74.22985, 20.85126 ], [ 74.34053, 20.8519 ], [ 74.42311, 20.80591 ], [ 74.57541, 20.82425 ], [ 74.62331, 20.79902 ], [ 74.66221, 20.73714 ], [ 74.65183, 20.69546 ], [ 74.71106, 20.68982 ], [ 74.7391, 20.66818 ], [ 74.80662, 20.65721 ], [ 74.81588, 20.63431 ], [ 74.9304, 20.65801 ], [ 74.95442, 20.71236 ], [ 74.99214, 20.73698 ], [ 74.9874, 20.82281 ], [ 74.97124, 20.87779 ], [ 74.9151, 20.92737 ], [ 74.92216, 21.01111 ], [ 74.89206, 21.05298 ], [ 74.85899, 21.06371 ], [ 74.89392, 21.15193 ], [ 74.96438, 21.19228 ], [ 75.03382, 21.19263 ], [ 75.04285, 21.21169 ], [ 75.10531, 21.23652 ], [ 75.10866, 21.2862 ], [ 75.15017, 21.31879 ], [ 75.12655, 21.33978 ], [ 75.16197, 21.40326 ], [ 75.20663, 21.41419 ], [ 75.38409, 21.3839 ], [ 75.46826, 21.39246 ], [ 75.54817, 21.37076 ], [ 75.62143, 21.38599 ], [ 75.68516, 21.38045 ], [ 75.74459, 21.3914 ], [ 75.83336, 21.3815 ], [ 75.88897, 21.39781 ], [ 75.96977, 21.39215 ], [ 75.9927, 21.37428 ], [ 76.05358, 21.35091 ], [ 76.09999, 21.37212 ], [ 76.13061, 21.29577 ], [ 76.16061, 21.25744 ], [ 76.16822, 21.1691 ], [ 76.12868, 21.17629 ], [ 76.13694, 21.12463 ], [ 76.18523, 21.08841 ], [ 76.2708, 21.09141 ], [ 76.28333, 21.07379 ], [ 76.38456, 21.07804 ], [ 76.41369, 21.10573 ], [ 76.45466, 21.11333 ], [ 76.49324, 21.19621 ], [ 76.5616, 21.2042 ], [ 76.62573, 21.19107 ], [ 76.66353, 21.28074 ], [ 76.62826, 21.32802 ], [ 76.67092, 21.36771 ], [ 76.73475, 21.40702 ], [ 76.74609, 21.44133 ], [ 76.79461, 21.48803 ], [ 76.76571, 21.52075 ], [ 76.7847, 21.55365 ], [ 76.79822, 21.59557 ], [ 76.85512, 21.61306 ], [ 76.89479, 21.59875 ], [ 77.00055, 21.6796 ], [ 77.06552, 21.71308 ], [ 77.08743, 21.77 ], [ 77.18915, 21.78308 ], [ 77.16459, 21.85555 ], [ 77.19261, 21.86174 ], [ 77.22082, 21.90384 ], [ 77.24898, 21.91146 ], [ 77.27434, 21.95872 ], [ 77.32582, 21.96694 ], [ 77.39811, 21.99719 ], [ 77.41114, 22.0233 ], [ 77.47197, 22.01701 ], [ 77.508, 22.02765 ], [ 77.5106, 22.07247 ], [ 77.46336, 22.07877 ], [ 77.47483, 22.16184 ], [ 77.42598, 22.16854 ], [ 77.36583, 22.24477 ], [ 77.43362, 22.21106 ], [ 77.48896, 22.25502 ], [ 77.50932, 22.30897 ], [ 77.54647, 22.33832 ], [ 77.5871, 22.33853 ], [ 77.65749, 22.30415 ], [ 77.80997, 22.33699 ], [ 77.85677, 22.36674 ], [ 77.86765, 22.28625 ], [ 77.94126, 22.32844 ], [ 78.03543, 22.32775 ], [ 78.15251, 22.38641 ], [ 78.27229, 22.39973 ], [ 78.28178, 22.34745 ], [ 78.2473, 22.31654 ], [ 78.26938, 22.26259 ], [ 78.26102, 22.16282 ], [ 78.27899, 22.08801 ], [ 78.33273, 22.1051 ], [ 78.3589, 22.03332 ], [ 78.40344, 22.00232 ], [ 78.39077, 21.92134 ], [ 78.44676, 21.95867 ], [ 78.51887, 21.9305 ], [ 78.55132, 21.87091 ], [ 78.52569, 21.83276 ], [ 78.47653, 21.82045 ], [ 78.46165, 21.71534 ], [ 78.39237, 21.66151 ], [ 78.34591, 21.58363 ], [ 78.37699, 21.61374 ], [ 78.41886, 21.57653 ], [ 78.43546, 21.50065 ], [ 78.48882, 21.50666 ], [ 78.51403, 21.52734 ], [ 78.56556, 21.51358 ], [ 78.62654, 21.47661 ], [ 78.68972, 21.48107 ], [ 78.72987, 21.46354 ], [ 78.75162, 21.49152 ], [ 78.93774, 21.48669 ], [ 78.91863, 21.5623 ], [ 78.98074, 21.6167 ], [ 79.01557, 21.6007 ], [ 79.08763, 21.6064 ], [ 79.13386, 21.62731 ], [ 79.15399, 21.65975 ], [ 79.22282, 21.64949 ], [ 79.23937, 21.71258 ], [ 79.29109, 21.6932 ], [ 79.40347, 21.67505 ], [ 79.41778, 21.69037 ], [ 79.49513, 21.67278 ], [ 79.5126, 21.5938 ], [ 79.5431, 21.54394 ], [ 79.65105, 21.55621 ], [ 79.66471, 21.57711 ], [ 79.73925, 21.60234 ], [ 79.79847, 21.58131 ], [ 79.86336, 21.53124 ], [ 79.92256, 21.5246 ], [ 79.92423, 21.48238 ], [ 79.79817, 21.36779 ], [ 79.82639, 21.27085 ], [ 79.8487, 21.24557 ], [ 79.94223, 21.25272 ], [ 79.97197, 21.22862 ], [ 80.02339, 21.22605 ], [ 80.06018, 21.19788 ], [ 80.08398, 21.14396 ], [ 80.06415, 21.10147 ], [ 80.10137, 21.03787 ], [ 80.10602, 20.99178 ], [ 80.08183, 20.96715 ], [ 79.99597, 20.96555 ], [ 79.97845, 20.94603 ], [ 79.97697, 20.86686 ], [ 79.99698, 20.84181 ], [ 79.98605, 20.79389 ], [ 79.99866, 20.7601 ], [ 79.96485, 20.69043 ], [ 79.93332, 20.66712 ], [ 79.94594, 20.62959 ], [ 79.92797, 20.55276 ], [ 79.95315, 20.52872 ], [ 79.94165, 20.44733 ], [ 79.97418, 20.36104 ], [ 79.94573, 20.2946 ], [ 79.99633, 20.21829 ], [ 79.93541, 20.1882 ], [ 79.91402, 20.14135 ], [ 79.97866, 20.10379 ], [ 79.99143, 20.04489 ], [ 79.95088, 19.98538 ], [ 79.91284, 19.96821 ], [ 79.87151, 19.98463 ], [ 79.84905, 20.03308 ], [ 79.78106, 20.00097 ], [ 79.77723, 19.95063 ], [ 79.80525, 19.89368 ], [ 79.74417, 19.81715 ], [ 79.74775, 19.77971 ], [ 79.78717, 19.71807 ], [ 79.79231, 19.59663 ], [ 79.83515, 19.54019 ], [ 79.91806, 19.4957 ], [ 79.95206, 19.46228 ], [ 79.98014, 19.40461 ], [ 79.9523, 19.28789 ], [ 79.92729, 19.23024 ], [ 79.94959, 19.17982 ], [ 79.9213, 19.15341 ], [ 79.902583, 19.169233 ], [ 79.837147, 19.168044 ], [ 79.807404, 19.151387 ], [ 79.784204, 19.193028 ], [ 79.730667, 19.193028 ], [ 79.674154, 19.210874 ], [ 79.611366, 19.282228 ], [ 79.562825, 19.25653 ], [ 79.519995, 19.257957 ], [ 79.534272, 19.192284 ], [ 79.48002, 19.17658 ], [ 79.341535, 19.210844 ], [ 79.401498, 19.138033 ], [ 79.367234, 19.125183 ], [ 79.332969, 19.145171 ], [ 79.307271, 19.095202 ], [ 79.255875, 19.153737 ], [ 79.241598, 19.070932 ], [ 79.207334, 19.05951 ], [ 78.947685, 19.250478 ], [ 78.942232, 19.195407 ], [ 78.894643, 19.151625 ], [ 78.894643, 19.083097 ], [ 78.932714, 19.104036 ], [ 78.95381, 19.0721 ], [ 78.9113, 19.03409 ], [ 78.82655, 19.05632 ], [ 78.75982, 19.01494 ], [ 78.68763, 19.02804 ], [ 78.63692, 18.98164 ], [ 78.59193, 18.98859 ], [ 78.53429, 18.94425 ], [ 78.49943, 18.96624 ], [ 78.44384, 18.96109 ], [ 78.40587, 18.9903 ], [ 78.37001, 18.98725 ], [ 78.3043, 18.94691 ], [ 78.23805, 19.00487 ], [ 78.16242, 18.98238 ], [ 78.07403, 18.93761 ], [ 78.03416, 18.88211 ], [ 77.97319, 18.87747 ], [ 77.94886, 18.84447 ], [ 77.842, 18.80958 ], [ 77.79101, 18.69656 ], [ 77.73726, 18.67821 ], [ 77.75162, 18.59143 ], [ 77.73604, 18.55533 ], [ 77.66186, 18.52955 ], [ 77.64473, 18.55622 ], [ 77.60145, 18.54979 ], [ 77.55344, 18.39016 ], [ 77.53143, 18.34188 ], [ 77.55413, 18.29393 ], [ 77.46939, 18.2625 ], [ 77.41167, 18.30198 ], [ 77.39666, 18.3429 ], [ 77.40432, 18.40009 ], [ 77.36814, 18.43204 ], [ 77.31689, 18.44152 ], [ 77.26807, 18.42051 ], [ 77.24369, 18.41077 ], [ 77.20962, 18.28023 ], [ 77.18121, 18.28408 ], [ 77.1428, 18.20954 ], [ 77.09874, 18.19737 ], [ 77.11214, 18.15503 ], [ 77.0608, 18.15466 ], [ 76.95699, 18.18706 ], [ 76.92538, 18.11833 ], [ 76.95629, 18.11237 ], [ 76.95498, 18.04007 ], [ 76.92056, 18.03556 ], [ 76.91608, 17.93966 ], [ 76.88397, 17.89553 ], [ 76.85656, 17.90029 ], [ 76.77709, 17.87938 ], [ 76.7431, 17.90036 ], [ 76.73991, 17.85946 ], [ 76.79076, 17.82895 ], [ 76.7419, 17.78163 ], [ 76.69475, 17.70782 ], [ 76.69293, 17.68253 ], [ 76.6062, 17.75823 ], [ 76.52562, 17.76123 ], [ 76.52557, 17.71763 ], [ 76.4882, 17.71589 ], [ 76.48649, 17.67206 ], [ 76.4304, 17.64683 ], [ 76.38207, 17.66039 ], [ 76.38007, 17.68637 ], [ 76.32002, 17.69785 ], [ 76.29997, 17.72983 ], [ 76.19065, 17.68316 ], [ 76.15043, 17.6998 ], [ 76.14629, 17.75506 ], [ 76.09722, 17.77944 ], [ 76.00389, 17.75439 ], [ 76.01927, 17.82982 ], [ 75.94054, 17.85248 ], [ 75.92036, 17.83326 ], [ 75.87712, 17.84681 ], [ 75.84618, 17.89269 ], [ 75.84029, 17.97924 ], [ 75.87054, 18.01397 ], [ 75.91371, 17.97909 ], [ 75.9974, 17.99328 ], [ 76.01703, 18.04029 ], [ 75.96249, 18.09046 ], [ 75.94408, 18.12969 ], [ 75.96122, 18.15968 ], [ 75.92811, 18.26148 ], [ 75.9252, 18.30302 ], [ 75.88792, 18.36431 ], [ 75.79965, 18.38484 ], [ 75.76461, 18.44073 ], [ 75.72934, 18.43477 ], [ 75.71218, 18.3937 ], [ 75.73276, 18.36125 ], [ 75.69057, 18.32497 ], [ 75.65634, 18.33365 ], [ 75.6198, 18.27506 ], [ 75.5757, 18.24084 ], [ 75.53424, 18.13516 ], [ 75.49196, 18.17477 ], [ 75.46622, 18.162 ], [ 75.43012, 18.18538 ], [ 75.42986, 18.26474 ], [ 75.3612, 18.37075 ], [ 75.30766, 18.39291 ], [ 75.30045, 18.49903 ], [ 75.31529, 18.51926 ], [ 75.26221, 18.50956 ], [ 75.24088, 18.5442 ], [ 75.16035, 18.52061 ], [ 75.10656, 18.48997 ], [ 75.09358, 18.43455 ], [ 74.91677, 18.37785 ], [ 74.90831, 18.35693 ], [ 74.8344, 18.33808 ], [ 74.83411, 18.24705 ], [ 74.95204, 18.26417 ], [ 74.99411, 18.24173 ], [ 75.02291, 18.18823 ], [ 75.08293, 18.21866 ], [ 75.11511, 18.20026 ], [ 75.09472, 18.12298 ], [ 75.1467, 18.12409 ], [ 75.13122, 18.07614 ], [ 75.09321, 18.06908 ], [ 75.02597, 17.98178 ], [ 75.13594, 17.97034 ], [ 75.01898, 17.90816 ], [ 74.87053, 17.95168 ], [ 74.85487, 17.99558 ], [ 74.71125, 18.03025 ], [ 74.66571, 18.00137 ], [ 74.66907, 17.97613 ], [ 74.62672, 17.83135 ], [ 74.67978, 17.85075 ], [ 74.68631, 17.81074 ], [ 74.82048, 17.74778 ], [ 74.88976, 17.67579 ], [ 74.90647, 17.62731 ], [ 74.85965, 17.55677 ], [ 74.86225, 17.5072 ], [ 74.81117, 17.45264 ], [ 74.71055, 17.48483 ], [ 74.71243, 17.38849 ], [ 74.64575, 17.39617 ], [ 74.61152, 17.44324 ], [ 74.57979, 17.4114 ], [ 74.53565, 17.41696 ], [ 74.49558, 17.38371 ], [ 74.29905, 17.42185 ], [ 74.26318, 17.38503 ], [ 74.29544, 17.31629 ], [ 74.25802, 17.29406 ], [ 74.29011, 17.23778 ], [ 74.2798, 17.17305 ], [ 74.24903, 17.14068 ], [ 74.18719, 17.14959 ], [ 74.09795, 17.10214 ], [ 74.03756, 17.09192 ], [ 73.98303, 17.12979 ], [ 73.88812, 17.15523 ], [ 73.87323, 17.19003 ], [ 73.80986, 17.23218 ], [ 73.76613, 17.18903 ], [ 73.77397, 17.17821 ], [ 73.74797, 17.13211 ], [ 73.81834, 17.06433 ], [ 73.83498, 16.99147 ], [ 73.78882, 16.9936 ] ] ] } },
{ "type": "Feature", "properties": { "state": "Manipur" }, "geometry": { "type": "Polygon", "coordinates": [ [ [ 93.61215, 23.99948 ], [ 93.5849, 23.95349 ], [ 93.547, 23.95691 ], [ 93.50674, 23.93511 ], [ 93.46327, 23.95607 ], [ 93.44672, 24.00803 ], [ 93.4007, 24.07316 ], [ 93.32207, 24.09042 ], [ 93.31524, 24.04203 ], [ 93.26018, 24.02125 ], [ 93.2162, 24.04754 ], [ 93.16777, 24.055 ], [ 93.1496, 24.07812 ], [ 93.10217, 24.04012 ], [ 93.06274, 24.09112 ], [ 93.02824, 24.07985 ], [ 92.96878, 24.09489 ], [ 92.966837, 24.096402 ], [ 92.96613, 24.09742 ], [ 93.00542, 24.14753 ], [ 93.02807, 24.21874 ], [ 93.01261, 24.25897 ], [ 93.04286, 24.31574 ], [ 93.01386, 24.39972 ], [ 93.04642, 24.4726 ], [ 93.05911, 24.57193 ], [ 93.08476, 24.60837 ], [ 93.10275, 24.67234 ], [ 93.08686, 24.70622 ], [ 93.11086, 24.79921 ], [ 93.19113, 24.80307 ], [ 93.21237, 24.85874 ], [ 93.25138, 24.91556 ], [ 93.25106, 24.9719 ], [ 93.16935, 24.99692 ], [ 93.07066, 24.99756 ], [ 93.01638, 25.06146 ], [ 93.01793, 25.0956 ], [ 92.9005, 25.07975 ], [ 92.84006, 25.05343 ], [ 92.78243, 25.08687 ], [ 92.75535, 25.1389 ], [ 92.7249, 25.11241 ], [ 92.64231, 25.11712 ], [ 92.54218, 25.09762 ], [ 92.5809, 25.12983 ], [ 92.62078, 25.11559 ], [ 92.66213, 25.17081 ], [ 92.74624, 25.20545 ], [ 92.77862, 25.20074 ], [ 92.76889, 25.26659 ], [ 92.79136, 25.28281 ], [ 92.73635, 25.37897 ], [ 92.67321, 25.41498 ], [ 92.60653, 25.41648 ], [ 92.59776, 25.4696 ], [ 92.60922, 25.51055 ], [ 92.64431, 25.53533 ], [ 92.66037, 25.57972 ], [ 92.66629, 25.57322 ], [ 92.69468, 25.59677 ], [ 92.74955, 25.60041 ], [ 92.83742, 25.74967 ], [ 92.92088, 25.771 ], [ 92.93134, 25.80322 ], [ 93.01906, 25.79604 ], [ 93.07133, 25.77483 ], [ 93.1077, 25.77446 ], [ 93.1498, 25.73778 ], [ 93.144015, 25.714108 ], [ 93.143858, 25.713266 ], [ 93.14384, 25.71317 ], [ 93.13208, 25.68402 ], [ 93.19068, 25.62556 ], [ 93.17179, 25.59558 ], [ 93.19944, 25.55732 ], [ 93.30565, 25.52885 ], [ 93.33052, 25.54356 ], [ 93.38167, 25.49421 ], [ 93.38902, 25.46578 ], [ 93.45534, 25.43843 ], [ 93.47658, 25.37629 ], [ 93.45024, 25.34064 ], [ 93.45258, 25.29117 ], [ 93.48913, 25.23327 ], [ 93.5394, 25.23634 ], [ 93.57428, 25.21026 ], [ 93.61507, 25.22253 ], [ 93.68182, 25.33983 ], [ 93.72368, 25.36735 ], [ 93.77396, 25.43684 ], [ 93.81038, 25.46228 ], [ 93.87106, 25.41168 ], [ 93.92006, 25.38949 ], [ 93.98062, 25.376919 ], [ 94.001127, 25.341496 ], [ 93.979905, 25.29302 ], [ 94.019913, 25.253531 ], [ 94.042821, 25.176097 ], [ 94.090507, 25.158894 ], [ 94.189959, 25.174026 ], [ 94.11934, 25.09838 ], [ 94.14689, 25.03536 ], [ 94.156547, 24.960563 ], [ 94.176214, 24.931099 ], [ 94.26154, 24.948067 ], [ 94.330567, 24.990847 ], [ 94.406971, 24.994202 ], [ 94.507538, 25.015635 ], [ 94.590266, 25.083594 ], [ 94.614971, 25.093184 ], [ 94.733218, 25.103634 ], [ 94.7114, 25.150151 ], [ 94.74038, 25.13923 ], [ 94.74928, 25.05264 ], [ 94.71122, 24.99608 ], [ 94.71551, 24.95613 ], [ 94.69489, 24.89377 ], [ 94.64523, 24.84815 ], [ 94.63818, 24.75439 ], [ 94.61348, 24.70833 ], [ 94.55843, 24.71258 ], [ 94.55667, 24.64773 ], [ 94.52568, 24.59613 ], [ 94.47595, 24.573 ], [ 94.43246, 24.48113 ], [ 94.41026, 24.47748 ], [ 94.4172, 24.43798 ], [ 94.36369, 24.33746 ], [ 94.33459, 24.32823 ], [ 94.33609, 24.27906 ], [ 94.27225, 24.16052 ], [ 94.265005, 24.097924 ], [ 94.2466, 24.04216 ], [ 94.17245, 23.93434 ], [ 94.15623, 23.84754 ], [ 94.11665, 23.83529 ], [ 94.09755, 23.88812 ], [ 94.07283, 23.88309 ], [ 94.0186, 23.92071 ], [ 93.95794, 23.9294 ], [ 93.93616, 23.95368 ], [ 93.89559, 23.95369 ], [ 93.82102, 23.92351 ], [ 93.74344, 24.00021 ], [ 93.61215, 23.99948 ] ] ] } },
{ "type": "Feature", "properties": { "state": "Meghalaya" }, "geometry": { "type": "Polygon", "coordinates": [ [ [ 92.46526, 25.05529 ], [ 92.40066, 25.03586 ], [ 92.20987, 25.10824 ], [ 92.19346, 25.1345 ], [ 92.13548, 25.14245 ], [ 92.12329, 25.16999 ], [ 92.02637, 25.18449 ], [ 91.97973, 25.16859 ], [ 91.9206, 25.18147 ], [ 91.83931, 25.17571 ], [ 91.69309, 25.13928 ], [ 91.64248, 25.11797 ], [ 91.57569, 25.17189 ], [ 91.50047, 25.13579 ], [ 91.41142, 25.17207 ], [ 91.3277, 25.17771 ], [ 91.26883, 25.20877 ], [ 91.17017, 25.19651 ], [ 91.07297, 25.19882 ], [ 90.96458, 25.17303 ], [ 90.85108, 25.15814 ], [ 90.75854, 25.17017 ], [ 90.66558, 25.16611 ], [ 90.49914, 25.17103 ], [ 90.4435, 25.14578 ], [ 90.37064, 25.16402 ], [ 90.3306, 25.19338 ], [ 90.28582, 25.19489 ], [ 90.29407, 25.26831 ], [ 90.26939, 25.29458 ], [ 90.29131, 25.3448 ], [ 90.2579, 25.36047 ], [ 90.24466, 25.39843 ], [ 90.27692, 25.49423 ], [ 90.33912, 25.47317 ], [ 90.41018, 25.47046 ], [ 90.53894, 25.43755 ], [ 90.59107, 25.43784 ], [ 90.61725, 25.40792 ], [ 90.64949, 25.42181 ], [ 90.69968, 25.4745 ], [ 90.75008, 25.49994 ], [ 90.77955, 25.54103 ], [ 90.79543, 25.57985 ], [ 90.8771, 25.60504 ], [ 90.92654, 25.64966 ], [ 90.98218, 25.73764 ], [ 90.94994, 25.77294 ], [ 91.00279, 25.82195 ], [ 91.05109, 25.84848 ], [ 91.06848, 25.82542 ], [ 91.15474, 25.84966 ], [ 91.20443, 25.84009 ], [ 91.18167, 25.7759 ], [ 91.19039, 25.73851 ], [ 91.2255, 25.72297 ], [ 91.27723, 25.74644 ], [ 91.34412, 25.83553 ], [ 91.34638, 25.81301 ], [ 91.46572, 25.77962 ], [ 91.57188, 25.80516 ], [ 91.67204, 25.8083 ], [ 91.71335, 25.79282 ], [ 91.7493, 25.82137 ], [ 91.7898, 25.79097 ], [ 91.77497, 25.74565 ], [ 91.82057, 25.72333 ], [ 91.80358, 25.68467 ], [ 91.75268, 25.67339 ], [ 91.82135, 25.61782 ], [ 91.87809, 25.63295 ], [ 91.96911, 25.68239 ], [ 91.98882, 25.65537 ], [ 92.03061, 25.64616 ], [ 92.07202, 25.66073 ], [ 92.13754, 25.65207 ], [ 92.16477, 25.68342 ], [ 92.15368, 25.81135 ], [ 92.18051, 25.86873 ], [ 92.224855, 25.908038 ], [ 92.16063, 25.91379 ], [ 92.16634, 25.96303 ], [ 92.25648, 26.02743 ], [ 92.302324, 26.074937 ], [ 92.372478, 26.130918 ], [ 92.4013, 26.13878 ], [ 92.40713, 26.12589 ], [ 92.404821, 26.118189 ], [ 92.42517, 26.115 ], [ 92.43354, 26.11547 ], [ 92.46996, 26.14649 ], [ 92.52938, 26.14307 ], [ 92.534905, 26.095846 ], [ 92.546026, 26.104997 ], [ 92.59683, 26.06904 ], [ 92.555603, 25.975332 ], [ 92.59251, 25.96471 ], [ 92.669485, 26.02812 ], [ 92.71274, 26.01831 ], [ 92.72904, 26.05877 ], [ 92.76428, 26.030315 ], [ 92.763552, 25.988232 ], [ 92.769835, 25.98693 ], [ 92.764474, 25.961993 ], [ 92.799752, 25.96291 ], [ 92.793138, 25.936603 ], [ 92.848299, 25.905017 ], [ 92.87079, 25.86666 ], [ 92.98589, 25.87538 ], [ 93.028135, 25.814382 ], [ 93.07133, 25.77483 ], [ 93.01906, 25.79604 ], [ 92.93134, 25.80322 ], [ 92.92088, 25.771 ], [ 92.83742, 25.74967 ], [ 92.74955, 25.60041 ], [ 92.69468, 25.59677 ], [ 92.66629, 25.57322 ], [ 92.66037, 25.57972 ], [ 92.64431, 25.53533 ], [ 92.60922, 25.51055 ], [ 92.59776, 25.4696 ], [ 92.60653, 25.41648 ], [ 92.67321, 25.41498 ], [ 92.73635, 25.37897 ], [ 92.79136, 25.28281 ], [ 92.76889, 25.26659 ], [ 92.77862, 25.20074 ], [ 92.74624, 25.20545 ], [ 92.66213, 25.17081 ], [ 92.62078, 25.11559 ], [ 92.5809, 25.12983 ], [ 92.54218, 25.09762 ], [ 92.48363, 25.10617 ], [ 92.46526, 25.05529 ] ] ] } },
{ "type": "Feature", "properties": { "state": "Mizoram" }, "geometry": { "type": "Polygon", "coordinates": [ [ [ 92.76594, 22.11822 ], [ 92.70379, 22.16695 ], [ 92.68071, 22.11058 ], [ 92.67784, 22.01722 ], [ 92.60921, 21.99726 ], [ 92.60226, 22.05333 ], [ 92.56555, 22.13338 ], [ 92.59769, 22.15204 ], [ 92.59188, 22.23965 ], [ 92.57328, 22.34787 ], [ 92.55221, 22.41569 ], [ 92.53748, 22.59403 ], [ 92.51639, 22.72292 ], [ 92.4938, 22.74288 ], [ 92.4542, 22.81898 ], [ 92.46441, 22.85423 ], [ 92.42106, 22.90954 ], [ 92.37758, 22.93155 ], [ 92.37427, 22.97152 ], [ 92.39221, 23.05647 ], [ 92.35786, 23.10328 ], [ 92.3667, 23.18428 ], [ 92.3607, 23.24106 ], [ 92.39254, 23.26895 ], [ 92.36796, 23.32568 ], [ 92.34657, 23.43332 ], [ 92.32061, 23.47503 ], [ 92.30856, 23.57797 ], [ 92.27324, 23.64234 ], [ 92.29107, 23.69103 ], [ 92.26222, 23.72311 ], [ 92.25593, 23.8063 ], [ 92.26775, 23.8453 ], [ 92.3069, 23.85939 ], [ 92.32452, 23.9164 ], [ 92.30562, 23.93025 ], [ 92.32319, 23.98175 ], [ 92.30869, 24.03986 ], [ 92.32284, 24.1101 ], [ 92.32134, 24.19514 ], [ 92.29999, 24.25054 ], [ 92.42089, 24.25144 ], [ 92.41744, 24.19272 ], [ 92.46431, 24.13304 ], [ 92.5119, 24.17177 ], [ 92.52569, 24.12787 ], [ 92.52288, 24.03582 ], [ 92.57645, 24.04455 ], [ 92.60722, 24.01959 ], [ 92.60409, 23.9284 ], [ 92.6396, 23.89942 ], [ 92.61705, 23.87103 ], [ 92.63949, 23.82808 ], [ 92.70378, 23.8412 ], [ 92.76903, 23.83639 ], [ 92.80527, 23.8845 ], [ 92.7929, 23.91623 ], [ 92.80255, 23.97755 ], [ 92.83334, 24.00536 ], [ 92.88708, 24.16455 ], [ 92.90023, 24.22533 ], [ 92.86338, 24.2346 ], [ 92.86921, 24.31425 ], [ 92.89242, 24.39274 ], [ 92.97818, 24.40695 ], [ 93.01386, 24.39972 ], [ 93.04286, 24.31574 ], [ 93.01261, 24.25897 ], [ 93.02807, 24.21874 ], [ 93.00542, 24.14753 ], [ 92.96613, 24.09742 ], [ 92.966837, 24.096402 ], [ 92.96878, 24.09489 ], [ 93.02824, 24.07985 ], [ 93.06274, 24.09112 ], [ 93.10217, 24.04012 ], [ 93.1496, 24.07812 ], [ 93.16777, 24.055 ], [ 93.2162, 24.04754 ], [ 93.26018, 24.02125 ], [ 93.31524, 24.04203 ], [ 93.356726, 23.925759 ], [ 93.38927, 23.90997 ], [ 93.37632, 23.84345 ], [ 93.38084, 23.74179 ], [ 93.40088, 23.6763 ], [ 93.41846, 23.57317 ], [ 93.38887, 23.49688 ], [ 93.382755, 23.421687 ], [ 93.356985, 23.315734 ], [ 93.36197, 23.24472 ], [ 93.37966, 23.21291 ], [ 93.36669, 23.13233 ], [ 93.32518, 23.02926 ], [ 93.29419, 23.00464 ], [ 93.25041, 23.00229 ], [ 93.17829, 23.05993 ], [ 93.13138, 23.04883 ], [ 93.11836, 23.00233 ], [ 93.13768, 22.91468 ], [ 93.08689, 22.79067 ], [ 93.10573, 22.76486 ], [ 93.08318, 22.71523 ], [ 93.08863, 22.67998 ], [ 93.14148, 22.59363 ], [ 93.10441, 22.53752 ], [ 93.13157, 22.48887 ], [ 93.12498, 22.46409 ], [ 93.18789, 22.42036 ], [ 93.18712, 22.33082 ], [ 93.20021, 22.24756 ], [ 93.16566, 22.24742 ], [ 93.15556, 22.17274 ], [ 93.11149, 22.19883 ], [ 93.04321, 22.19751 ], [ 93.03866, 22.13855 ], [ 93.01064, 22.0936 ], [ 92.98421, 21.99257 ], [ 92.9625, 22.03375 ], [ 92.88587, 22.02343 ], [ 92.84521, 22.07133 ], [ 92.76594, 22.11822 ] ] ] } },
{ "type": "Feature", "properties": { "state": "Nagaland" }, "geometry": { "type": "Polygon", "coordinates": [ [ [ 94.090507, 25.158894 ], [ 94.042821, 25.176097 ], [ 94.019913, 25.253531 ], [ 93.979905, 25.29302 ], [ 94.001127, 25.341496 ], [ 93.98062, 25.376919 ], [ 93.92006, 25.38949 ], [ 93.87106, 25.41168 ], [ 93.81038, 25.46228 ], [ 93.77396, 25.43684 ], [ 93.72368, 25.36735 ], [ 93.68182, 25.33983 ], [ 93.61507, 25.22253 ], [ 93.57428, 25.21026 ], [ 93.5394, 25.23634 ], [ 93.48913, 25.23327 ], [ 93.45258, 25.29117 ], [ 93.45024, 25.34064 ], [ 93.47658, 25.37629 ], [ 93.45534, 25.43843 ], [ 93.38902, 25.46578 ], [ 93.38167, 25.49421 ], [ 93.33052, 25.54356 ], [ 93.30565, 25.52885 ], [ 93.19944, 25.55732 ], [ 93.17179, 25.59558 ], [ 93.19068, 25.62556 ], [ 93.13208, 25.68402 ], [ 93.14384, 25.71317 ], [ 93.221642, 25.725521 ], [ 93.250652, 25.786712 ], [ 93.24396, 25.83699 ], [ 93.18665, 25.90251 ], [ 93.15888, 25.99068 ], [ 93.11827, 26.03472 ], [ 93.106949, 26.070347 ], [ 93.051707, 26.085348 ], [ 93.04941, 26.08739 ], [ 92.99866, 26.12092 ], [ 92.944716, 26.136387 ], [ 92.93148, 26.14521 ], [ 92.934039, 26.146709 ], [ 92.93529, 26.15059 ], [ 92.94306, 26.20098 ], [ 92.88316, 26.20859 ], [ 92.80202, 26.20232 ], [ 92.8266, 26.27155 ], [ 92.84015, 26.28069 ], [ 92.88019, 26.28585 ], [ 92.94282, 26.32686 ], [ 92.91348, 26.39251 ], [ 92.98007, 26.42148 ], [ 93.05561, 26.4244 ], [ 93.13025, 26.46459 ], [ 93.02135, 26.47768 ], [ 93.04575, 26.53561 ], [ 93.10645, 26.53106 ], [ 93.18794, 26.56766 ], [ 93.20896, 26.51808 ], [ 93.25264, 26.5683 ], [ 93.30317, 26.57844 ], [ 93.30792, 26.6983 ], [ 93.34796, 26.73173 ], [ 93.50975, 26.76054 ], [ 93.56612, 26.72401 ], [ 93.65012, 26.70511 ], [ 93.69383, 26.73174 ], [ 93.70361, 26.77024 ], [ 93.763444, 26.784036 ], [ 93.79193, 26.75412 ], [ 93.87699, 26.72305 ], [ 93.94648, 26.74089 ], [ 93.99124, 26.7664 ], [ 94.04786, 26.72864 ], [ 94.05041, 26.67309 ], [ 94.09587, 26.64544 ], [ 94.07243, 26.59692 ], [ 94.11643, 26.55439 ], [ 94.09813, 26.49173 ], [ 94.12998, 26.44512 ], [ 94.11715, 26.39994 ], [ 94.13688, 26.35013 ], [ 94.16652, 26.349 ], [ 94.18556, 26.45626 ], [ 94.28133, 26.5592 ], [ 94.30217, 26.46281 ], [ 94.40135, 26.53421 ], [ 94.40886, 26.61191 ], [ 94.45349, 26.63443 ], [ 94.54404, 26.70621 ], [ 94.59414, 26.72513 ], [ 94.62162, 26.7147 ], [ 94.68545, 26.72764 ], [ 94.74463, 26.77711 ], [ 94.76037, 26.70944 ], [ 94.68619, 26.6687 ], [ 94.72861, 26.63868 ], [ 94.74426, 26.57784 ], [ 94.71238, 26.52615 ], [ 94.72767, 26.46677 ], [ 94.78469, 26.46618 ], [ 94.86401, 26.39742 ], [ 94.92033, 26.38801 ], [ 94.91463, 26.34367 ], [ 94.97295, 26.2899 ], [ 95.01176, 26.28498 ], [ 95.07879, 26.32255 ], [ 95.13879, 26.32436 ], [ 95.12265, 26.21116 ], [ 95.14975, 26.191 ], [ 95.12279, 26.13738 ], [ 95.1268, 26.07537 ], [ 95.17682, 26.0706 ], [ 95.19555, 26.04989 ], [ 95.16885, 26.00282 ], [ 95.10228, 25.92903 ], [ 95.0582, 25.91661 ], [ 95.02401, 25.8824 ], [ 95.04178, 25.80028 ], [ 95.05947, 25.77963 ], [ 95.05237, 25.7257 ], [ 94.9501, 25.65092 ], [ 94.93208, 25.59458 ], [ 94.89637, 25.57342 ], [ 94.83266, 25.53041 ], [ 94.81373, 25.48095 ], [ 94.69128, 25.4516 ], [ 94.68116, 25.43172 ], [ 94.64166, 25.39658 ], [ 94.64391, 25.36429 ], [ 94.59857, 25.28327 ], [ 94.58535, 25.2172 ], [ 94.61473, 25.19136 ], [ 94.7114, 25.150151 ], [ 94.733218, 25.103634 ], [ 94.614971, 25.093184 ], [ 94.590266, 25.083594 ], [ 94.507538, 25.015635 ], [ 94.406971, 24.994202 ], [ 94.330567, 24.990847 ], [ 94.26154, 24.948067 ], [ 94.176214, 24.931099 ], [ 94.156547, 24.960563 ], [ 94.14689, 25.03536 ], [ 94.11934, 25.09838 ], [ 94.189959, 25.174026 ], [ 94.090507, 25.158894 ] ] ] } },
{ "type": "Feature", "properties": { "state": "Odisha" }, "geometry": { "type": "Polygon", "coordinates": [ [ [ 84.3395, 18.80195 ], [ 84.25336, 18.7833 ], [ 84.22406, 18.7971 ], [ 84.08925, 18.75444 ], [ 84.05542, 18.79317 ], [ 84.01488, 18.81379 ], [ 83.94732, 18.80614 ], [ 83.87776, 18.82786 ], [ 83.85123, 18.86073 ], [ 83.84245, 18.9185 ], [ 83.79585, 19.01676 ], [ 83.81412, 19.03201 ], [ 83.86278, 18.97999 ], [ 83.89777, 18.98421 ], [ 83.91331, 19.01807 ], [ 83.95191, 18.98975 ], [ 83.98777, 19.02107 ], [ 83.96514, 19.04513 ], [ 84.0134, 19.09411 ], [ 84.02417, 19.14218 ], [ 83.98444, 19.16209 ], [ 83.98284, 19.20957 ], [ 84.02154, 19.28523 ], [ 84.02987, 19.34602 ], [ 84.01718, 19.37474 ], [ 83.9469, 19.39821 ], [ 83.94405, 19.42045 ], [ 83.97851, 19.48614 ], [ 83.97706, 19.53092 ], [ 83.94387, 19.55055 ], [ 83.92708, 19.63093 ], [ 83.94306, 19.6357 ], [ 83.92043, 19.67981 ], [ 83.87387, 19.67472 ], [ 83.84342, 19.71023 ], [ 83.76898, 19.71357 ], [ 83.74042, 19.65514 ], [ 83.70086, 19.68685 ], [ 83.64543, 19.69885 ], [ 83.62818, 19.74314 ], [ 83.61944, 19.81564 ], [ 83.54518, 19.84343 ], [ 83.52853, 19.87763 ], [ 83.56232, 19.9253 ], [ 83.49608, 19.9602 ], [ 83.5031, 19.99255 ], [ 83.54428, 20.02257 ], [ 83.57463, 20.08828 ], [ 83.63555, 20.0905 ], [ 83.67804, 20.1132 ], [ 83.71089, 20.10305 ], [ 83.73402, 20.14991 ], [ 83.79066, 20.18133 ], [ 83.72035, 20.23954 ], [ 83.70561, 20.3709 ], [ 83.6525, 20.38998 ], [ 83.62507, 20.35126 ], [ 83.5771, 20.36567 ], [ 83.56566, 20.39139 ], [ 83.49079, 20.41629 ], [ 83.48769, 20.45461 ], [ 83.42347, 20.40393 ], [ 83.41218, 20.3731 ], [ 83.34379, 20.31736 ], [ 83.3003, 20.30408 ], [ 83.24117, 20.25921 ], [ 83.22637, 20.20557 ], [ 83.18365, 20.17339 ], [ 83.14553, 20.17084 ], [ 83.09097, 20.19925 ], [ 83.01342, 20.17105 ], [ 82.93238, 20.17987 ], [ 82.91127, 20.14907 ], [ 82.82497, 20.16611 ], [ 82.86275, 20.23563 ], [ 82.85051, 20.28809 ], [ 82.81439, 20.29572 ], [ 82.81428, 20.35499 ], [ 82.74541, 20.36274 ], [ 82.68674, 20.45063 ], [ 82.70748, 20.50075 ], [ 82.71577, 20.57086 ], [ 82.74322, 20.62356 ], [ 82.70294, 20.72625 ], [ 82.69164, 20.77325 ], [ 82.6863, 20.88405 ], [ 82.70138, 20.94086 ], [ 82.69377, 21.02225 ], [ 82.63922, 21.09059 ], [ 82.64329, 21.15297 ], [ 82.76484, 21.1622 ], [ 82.78942, 21.14471 ], [ 82.8473, 21.16708 ], [ 82.88654, 21.15287 ], [ 82.96334, 21.17929 ], [ 83.04784, 21.12293 ], [ 83.12707, 21.10517 ], [ 83.1973, 21.13965 ], [ 83.24961, 21.28034 ], [ 83.27718, 21.3788 ], [ 83.22164, 21.38285 ], [ 83.16028, 21.34711 ], [ 83.1227, 21.3699 ], [ 83.10974, 21.40381 ], [ 83.04807, 21.40329 ], [ 83.02831, 21.45434 ], [ 82.99905, 21.45719 ], [ 82.93454, 21.49495 ], [ 82.92695, 21.5518 ], [ 82.98447, 21.64228 ], [ 82.97753, 21.66917 ], [ 83.03255, 21.6706 ], [ 83.05251, 21.68939 ], [ 83.13118, 21.69526 ], [ 83.22981, 21.66355 ], [ 83.29124, 21.68167 ], [ 83.24003, 21.79037 ], [ 83.18408, 21.84566 ], [ 83.21939, 21.88368 ], [ 83.18362, 21.92287 ], [ 83.15186, 21.91196 ], [ 83.11706, 21.93191 ], [ 83.09354, 21.97309 ], [ 83.00787, 21.96397 ], [ 83.02434, 22.00824 ], [ 83.01492, 22.0743 ], [ 82.94088, 22.12252 ], [ 82.96889, 22.16286 ], [ 83.03047, 22.16944 ], [ 83.05419, 22.20511 ], [ 83.03775, 22.2497 ], [ 83.11088, 22.3651 ], [ 83.114, 22.42396 ], [ 83.089, 22.47415 ], [ 83.10889, 22.51154 ], [ 83.09417, 22.57607 ], [ 83.11439, 22.67729 ], [ 83.12193, 22.72786 ], [ 83.16542, 22.77294 ], [ 83.23717, 22.78608 ], [ 83.25359, 22.76961 ], [ 83.31886, 22.76083 ], [ 83.35244, 22.73357 ], [ 83.40093, 22.73197 ], [ 83.38788, 22.65823 ], [ 83.43762, 22.67244 ], [ 83.40664, 22.55417 ], [ 83.47033, 22.50677 ], [ 83.59604, 22.53322 ], [ 83.57742, 22.47223 ], [ 83.65079, 22.39533 ], [ 83.74094, 22.37886 ], [ 83.76791, 22.32496 ], [ 83.80461, 22.29228 ], [ 83.86792, 22.34639 ], [ 84.00803, 22.37234 ], [ 84.04685, 22.43551 ], [ 84.04839, 22.46666 ], [ 83.98298, 22.50465 ], [ 84.00937, 22.52329 ], [ 84.06443, 22.51264 ], [ 84.14423, 22.46973 ], [ 84.14266, 22.42338 ], [ 84.20085, 22.37465 ], [ 84.25326, 22.37657 ], [ 84.2959, 22.34028 ], [ 84.43243, 22.35508 ], [ 84.51239, 22.4192 ], [ 84.63856, 22.43172 ], [ 84.66805, 22.41705 ], [ 84.75025, 22.41794 ], [ 84.75908, 22.44515 ], [ 84.80761, 22.44688 ], [ 84.88654, 22.42086 ], [ 85.06866, 22.48171 ], [ 85.06321, 22.44806 ], [ 85.08922, 22.38193 ], [ 85.0802, 22.35211 ], [ 85.1114, 22.29478 ], [ 85.07664, 22.27581 ], [ 85.0756, 22.23438 ], [ 85.03155, 22.15782 ], [ 85.05003, 22.1146 ], [ 85.1051, 22.10009 ], [ 85.21674, 22.04731 ], [ 85.23692, 22.00449 ], [ 85.28011, 22.08421 ], [ 85.36909, 22.1586 ], [ 85.41615, 22.16013 ], [ 85.49159, 22.12066 ], [ 85.59677, 22.07875 ], [ 85.65026, 22.09459 ], [ 85.67755, 22.05585 ], [ 85.72792, 22.06253 ], [ 85.80757, 22.11518 ], [ 85.78445, 22.04073 ], [ 85.76164, 22.01289 ], [ 85.78977, 21.98318 ], [ 85.88715, 21.97945 ], [ 85.95688, 22.03619 ], [ 86.00791, 22.11746 ], [ 85.99996, 22.13619 ], [ 86.03202, 22.18955 ], [ 85.97515, 22.24764 ], [ 86.01383, 22.29681 ], [ 85.99825, 22.34221 ], [ 86.02685, 22.38575 ], [ 85.95892, 22.45981 ], [ 85.96618, 22.48241 ], [ 85.97468, 22.50356 ], [ 86.06715, 22.55227 ], [ 86.10666, 22.494 ], [ 86.20758, 22.4742 ], [ 86.22555, 22.45305 ], [ 86.29305, 22.42939 ], [ 86.35775, 22.3496 ], [ 86.44425, 22.31008 ], [ 86.50478, 22.34521 ], [ 86.52938, 22.30716 ], [ 86.58324, 22.30216 ], [ 86.65027, 22.26579 ], [ 86.65288, 22.24015 ], [ 86.7274, 22.21977 ], [ 86.72004, 22.14812 ], [ 86.79485, 22.15858 ], [ 86.81072, 22.11886 ], [ 86.85233, 22.10307 ], [ 86.96157, 22.08816 ], [ 87.02201, 22.04598 ], [ 87.03854, 21.99414 ], [ 87.0022, 21.91259 ], [ 87.03445, 21.87048 ], [ 87.09877, 21.86553 ], [ 87.09769, 21.913 ], [ 87.16399, 21.93899 ], [ 87.16463, 21.96746 ], [ 87.22948, 21.96174 ], [ 87.2297, 21.96213 ], [ 87.23275, 21.96112 ], [ 87.25478, 21.92703 ], [ 87.23879, 21.90073 ], [ 87.28453, 21.80446 ], [ 87.35592, 21.79106 ], [ 87.3773, 21.77178 ], [ 87.44301, 21.76973 ], [ 87.47451, 21.71265 ], [ 87.46233, 21.65051 ], [ 87.48681, 21.61122 ], [ 87.40995, 21.56031 ], [ 87.35183, 21.548 ], [ 87.20689, 21.54526 ], [ 87.11691, 21.50899 ], [ 86.98923, 21.41572 ], [ 86.89635, 21.31749 ], [ 86.84815, 21.23971 ], [ 86.82407, 21.17538 ], [ 86.83247, 21.10857 ], [ 86.90246, 20.98937 ], [ 86.91179, 20.95371 ], [ 86.96166, 20.85835 ], [ 86.95747, 20.78506 ], [ 86.87894, 20.80025 ], [ 86.82261, 20.7699 ], [ 86.79754, 20.73911 ], [ 86.84877, 20.76979 ], [ 86.99882, 20.76354 ], [ 87.01421, 20.69498 ], [ 86.80308, 20.55007 ], [ 86.76235, 20.50781 ], [ 86.73322, 20.45602 ], [ 86.73271, 20.41113 ], [ 86.77322, 20.391 ], [ 86.78236, 20.33834 ], [ 86.71618, 20.30115 ], [ 86.68044, 20.25903 ], [ 86.60694, 20.23152 ], [ 86.52453, 20.17147 ], [ 86.4361, 20.05629 ], [ 86.42177, 19.9881 ], [ 86.37196, 19.95592 ], [ 86.28611, 19.93074 ], [ 86.23037, 19.90262 ], [ 86.04455, 19.84694 ], [ 85.92462, 19.82319 ], [ 85.79443, 19.78492 ], [ 85.66953, 19.74041 ], [ 85.33603, 19.57861 ], [ 85.17431, 19.46788 ], [ 85.10443, 19.41358 ], [ 85.08189, 19.37596 ], [ 84.97387, 19.31117 ], [ 84.86192, 19.21605 ], [ 84.8048, 19.14905 ], [ 84.76758, 19.08116 ], [ 84.66806, 19.13135 ], [ 84.61631, 19.1269 ], [ 84.62676, 19.08607 ], [ 84.51695, 19.04702 ], [ 84.48491, 19.01747 ], [ 84.43692, 19.01073 ], [ 84.42281, 18.94753 ], [ 84.43652, 18.92346 ], [ 84.3933, 18.89281 ], [ 84.35158, 18.84258 ], [ 84.3395, 18.80195 ] ] ] } },
{ "type": "Feature", "properties": { "state": "Puducherry" }, "geometry": { "type": "MultiPolygon", "coordinates": [ [ [ [ 79.80613, 10.90287 ], [ 79.73726, 10.93544 ], [ 79.73242, 10.97399 ], [ 79.76376, 11.0025 ], [ 79.69147, 11.01708 ], [ 79.63174, 10.98646 ], [ 79.55333, 10.96614 ], [ 79.51563, 10.96893 ], [ 79.54284, 10.99753 ], [ 79.51579, 11.04124 ], [ 79.57428, 11.14623 ], [ 79.52556, 11.18321 ], [ 79.59941, 11.21865 ], [ 79.64411, 11.28396 ], [ 79.75904, 11.37309 ], [ 79.80548, 11.38364 ], [ 79.81348, 11.41907 ], [ 79.83774, 11.3529 ], [ 79.83741, 11.30205 ], [ 79.85716, 11.16483 ], [ 79.8549, 10.98524 ], [ 79.85222, 10.82465 ], [ 79.80613, 10.90287 ] ] ], [ [ [ 79.73153, 11.83647 ], [ 79.8073, 11.83132 ], [ 79.79694, 11.78889 ], [ 79.75427, 11.77643 ], [ 79.73153, 11.83647 ] ] ], [ [ [ 79.70811, 11.88855 ], [ 79.7412, 11.9117 ], [ 79.69447, 11.95559 ], [ 79.72081, 11.9949 ], [ 79.75719, 11.94681 ], [ 79.80265, 11.9668 ], [ 79.84052, 11.95621 ], [ 79.80896, 11.83676 ], [ 79.76217, 11.87587 ], [ 79.70811, 11.88855 ] ] ], [ [ [ 79.62512, 11.90162 ], [ 79.61596, 11.98593 ], [ 79.63639, 12.0263 ], [ 79.63678, 11.97807 ], [ 79.65577, 11.90699 ], [ 79.62512, 11.90162 ] ] ], [ [ [ 79.84569, 12.07517 ], [ 79.88599, 12.06463 ], [ 79.8623, 12.0171 ], [ 79.83485, 12.02047 ], [ 79.84569, 12.07517 ] ] ] ] } },
{ "type": "Feature", "properties": { "state": "Punjab" }, "geometry": { "type": "MultiPolygon", "coordinates": [ [ [ [ 75.34682, 30.1295 ], [ 75.27194, 30.10907 ], [ 75.26159, 30.01624 ], [ 75.28027, 30.00002 ], [ 75.23555, 29.95661 ], [ 75.18508, 29.96825 ], [ 75.18969, 29.8348 ], [ 75.11328, 29.80057 ], [ 75.11384, 29.89512 ], [ 75.00072, 29.85659 ], [ 74.9542, 29.90098 ], [ 74.9352, 29.94004 ], [ 74.8607, 29.95783 ], [ 74.81225, 29.9914 ], [ 74.73495, 29.96084 ], [ 74.70831, 29.9702 ], [ 74.63713, 29.90517 ], [ 74.52833, 29.94285 ], [ 74.45262, 29.94674 ], [ 74.35279, 29.95185 ], [ 74.07951, 29.96953 ], [ 73.90133, 29.97122 ], [ 73.89132, 29.99749 ], [ 73.90872, 30.05487 ], [ 73.96847, 30.12069 ], [ 73.97403, 30.17299 ], [ 73.94608, 30.17762 ], [ 73.97259, 30.19828 ], [ 73.96224, 30.26375 ], [ 73.93094, 30.32014 ], [ 73.88315, 30.36528 ], [ 73.9646, 30.42458 ], [ 73.96419, 30.45644 ], [ 73.9928, 30.51421 ], [ 74.0501, 30.53717 ], [ 74.07234, 30.52287 ], [ 74.12854, 30.63195 ], [ 74.14882, 30.63141 ], [ 74.21924, 30.69347 ], [ 74.23246, 30.7244 ], [ 74.27486, 30.73717 ], [ 74.26077, 30.76977 ], [ 74.3014, 30.80382 ], [ 74.32484, 30.84952 ], [ 74.36948, 30.85734 ], [ 74.36589, 30.893 ], [ 74.42278, 30.90779 ], [ 74.42831, 30.94241 ], [ 74.47979, 30.97423 ], [ 74.50874, 30.96728 ], [ 74.54606, 30.99341 ], [ 74.54726, 31.02903 ], [ 74.67111, 31.05355 ], [ 74.69808, 31.10379 ], [ 74.60339, 31.13366 ], [ 74.60064, 31.08795 ], [ 74.56087, 31.08278 ], [ 74.54847, 31.12195 ], [ 74.51039, 31.13199 ], [ 74.50996, 31.17346 ], [ 74.53272, 31.24966 ], [ 74.52115, 31.27209 ], [ 74.55385, 31.36647 ], [ 74.59653, 31.41627 ], [ 74.64347, 31.41606 ], [ 74.64772, 31.46553 ], [ 74.61359, 31.49474 ], [ 74.61613, 31.55743 ], [ 74.59212, 31.57404 ], [ 74.50203, 31.69559 ], [ 74.50395, 31.7403 ], [ 74.54729, 31.75211 ], [ 74.57075, 31.83713 ], [ 74.61998, 31.88729 ], [ 74.67718, 31.92617 ], [ 74.71902, 31.92376 ], [ 74.82159, 31.96439 ], [ 74.83048, 32.00338 ], [ 74.91271, 32.05389 ], [ 74.92559, 32.0665 ], [ 75.0124, 32.03569 ], [ 75.12268, 32.0774 ], [ 75.19664, 32.08568 ], [ 75.21038, 32.11419 ], [ 75.26126, 32.10136 ], [ 75.29945, 32.15334 ], [ 75.32825, 32.21549 ], [ 75.40202, 32.18985 ], [ 75.43578, 32.14869 ], [ 75.48336, 32.15965 ], [ 75.50923, 32.14449 ], [ 75.58813, 32.13823 ], [ 75.61629, 32.09327 ], [ 75.59453, 32.08107 ], [ 75.61432, 32.06534 ], [ 75.66519, 32.0764 ], [ 75.74977, 32.03633 ], [ 75.81087, 31.98739 ], [ 75.85212, 31.98036 ], [ 75.94628, 31.92935 ], [ 75.92836, 31.91505 ], [ 75.95982, 31.85588 ], [ 75.94873, 31.81337 ], [ 76.01832, 31.64393 ], [ 76.09904, 31.53492 ], [ 76.14311, 31.44132 ], [ 76.17157, 31.40198 ], [ 76.14886, 31.38014 ], [ 76.18748, 31.30409 ], [ 76.29208, 31.30711 ], [ 76.34485, 31.34242 ], [ 76.33075, 31.39959 ], [ 76.3966, 31.40773 ], [ 76.44284, 31.32213 ], [ 76.48153, 31.30708 ], [ 76.5607, 31.25258 ], [ 76.58255, 31.27452 ], [ 76.65015, 31.20953 ], [ 76.60503, 31.17952 ], [ 76.60387, 31.12423 ], [ 76.63826, 31.11448 ], [ 76.61339, 31.05 ], [ 76.6244, 31.00063 ], [ 76.73952, 30.9402 ], [ 76.61239, 30.89048 ], [ 76.52568, 30.75934 ], [ 76.52281, 30.72933 ], [ 76.57435, 30.67038 ], [ 76.63584, 30.62022 ], [ 76.69262, 30.56885 ], [ 76.7326, 30.57082 ], [ 76.76323, 30.60418 ], [ 76.78212, 30.51938 ], [ 76.74054, 30.41691 ], [ 76.71341, 30.3894 ], [ 76.75176, 30.35539 ], [ 76.67552, 30.29535 ], [ 76.60328, 30.24997 ], [ 76.65182, 30.2017 ], [ 76.6404, 30.1508 ], [ 76.63818, 30.14789 ], [ 76.57529, 30.10075 ], [ 76.54626, 30.0786 ], [ 76.46667, 30.09628 ], [ 76.4351, 30.15902 ], [ 76.40261, 30.12358 ], [ 76.34091, 30.10563 ], [ 76.26195, 30.10344 ], [ 76.21121, 30.03108 ], [ 76.19104, 29.94249 ], [ 76.19475, 29.89007 ], [ 76.23735, 29.88118 ], [ 76.21627, 29.8407 ], [ 76.13322, 29.79569 ], [ 76.10237, 29.80709 ], [ 76.05315, 29.74508 ], [ 75.94698, 29.72929 ], [ 75.87531, 29.74891 ], [ 75.84938, 29.81538 ], [ 75.78323, 29.82217 ], [ 75.73754, 29.80837 ], [ 75.77557, 29.8344 ], [ 75.76095, 29.8917 ], [ 75.73365, 29.93292 ], [ 75.67438, 29.90847 ], [ 75.64746, 29.95177 ], [ 75.69241, 30.00729 ], [ 75.6432, 30.03008 ], [ 75.64618, 30.10245 ], [ 75.62489, 30.14264 ], [ 75.57706, 30.14422 ], [ 75.50848, 30.14528 ], [ 75.4652, 30.19621 ], [ 75.42851, 30.18654 ], [ 75.37324, 30.20028 ], [ 75.34682, 30.1295 ] ] ], [ [ [ 74.9406, 32.64908 ], [ 74.96196, 32.69955 ], [ 74.91364, 32.76435 ], [ 74.95522, 32.77241 ], [ 74.98202, 32.80469 ], [ 75.04287, 32.74126 ], [ 75.08709, 32.72574 ], [ 75.15921, 32.67246 ], [ 75.28744, 32.64443 ], [ 75.34371, 32.59312 ], [ 75.2079, 32.56448 ], [ 75.1269, 32.4917 ], [ 75.11344, 32.45825 ], [ 75.02368, 32.49442 ], [ 75.00561, 32.45762 ], [ 74.95187, 32.44654 ], [ 74.87943, 32.49287 ], [ 74.90074, 32.53496 ], [ 74.95072, 32.56477 ], [ 74.90422, 32.62247 ], [ 74.9406, 32.64908 ] ] ] ] } },
{ "type": "Feature", "properties": { "state": "Rajasthan" }, "geometry": { "type": "Polygon", "coordinates": [ [ [ 74.12242, 23.71172 ], [ 74.13698, 23.69209 ], [ 74.1195, 23.61006 ], [ 74.07216, 23.59922 ], [ 74.03341, 23.54455 ], [ 74.01352, 23.4415 ], [ 73.96053, 23.37995 ], [ 73.93685, 23.34002 ], [ 73.89209, 23.3358 ], [ 73.8646, 23.39447 ], [ 73.82469, 23.4456 ], [ 73.78074, 23.43344 ], [ 73.76238, 23.45742 ], [ 73.71468, 23.41777 ], [ 73.7017, 23.45473 ], [ 73.63002, 23.45146 ], [ 73.63441, 23.53018 ], [ 73.65836, 23.62189 ], [ 73.61657, 23.65049 ], [ 73.56818, 23.65266 ], [ 73.52396, 23.60986 ], [ 73.49831, 23.63311 ], [ 73.50769, 23.69623 ], [ 73.47655, 23.70829 ], [ 73.44808, 23.75195 ], [ 73.36758, 23.81389 ], [ 73.35704, 23.85415 ], [ 73.38385, 23.90525 ], [ 73.41759, 23.92281 ], [ 73.41143, 24.05049 ], [ 73.33273, 24.1147 ], [ 73.32402, 24.0621 ], [ 73.28833, 24.02706 ], [ 73.24297, 24.01048 ], [ 73.19821, 24.05725 ], [ 73.22104, 24.09803 ], [ 73.14424, 24.12251 ], [ 73.0797, 24.1851 ], [ 73.08883, 24.22098 ], [ 73.14235, 24.30784 ], [ 73.1846, 24.33484 ], [ 73.08237, 24.3946 ], [ 73.10376, 24.42041 ], [ 73.09198, 24.49485 ], [ 73.04849, 24.46548 ], [ 73.01017, 24.48271 ], [ 72.97824, 24.45143 ], [ 72.98782, 24.42125 ], [ 72.96126, 24.39262 ], [ 72.96239, 24.35151 ], [ 72.92076, 24.32681 ], [ 72.86488, 24.36644 ], [ 72.72891, 24.36223 ], [ 72.655, 24.4576 ], [ 72.5847, 24.47386 ], [ 72.54071, 24.50833 ], [ 72.49646, 24.45188 ], [ 72.50585, 24.41989 ], [ 72.46038, 24.40879 ], [ 72.43241, 24.46227 ], [ 72.44399, 24.49506 ], [ 72.38199, 24.50243 ], [ 72.35363, 24.55452 ], [ 72.2906, 24.54061 ], [ 72.24645, 24.58248 ], [ 72.27484, 24.60224 ], [ 72.30967, 24.58753 ], [ 72.33599, 24.62507 ], [ 72.31076, 24.61102 ], [ 72.22548, 24.63527 ], [ 72.18122, 24.61195 ], [ 72.14599, 24.63673 ], [ 72.08001, 24.65558 ], [ 72.08048, 24.69986 ], [ 72.04762, 24.70875 ], [ 71.98898, 24.68067 ], [ 71.9881, 24.65625 ], [ 71.92911, 24.63014 ], [ 71.90673, 24.67298 ], [ 71.86562, 24.67573 ], [ 71.86308, 24.62698 ], [ 71.80598, 24.6255 ], [ 71.79328, 24.67426 ], [ 71.71033, 24.65834 ], [ 71.65534, 24.63744 ], [ 71.61032, 24.67503 ], [ 71.48166, 24.67865 ], [ 71.37592, 24.62682 ], [ 71.34958, 24.6593 ], [ 71.29031, 24.61308 ], [ 71.1894, 24.64876 ], [ 71.11303, 24.67051 ], [ 71.09727, 24.68884 ], [ 71.0657, 24.71739 ], [ 70.98862, 24.86947 ], [ 70.9456, 24.9227 ], [ 70.91774, 25.00657 ], [ 70.88868, 25.14757 ], [ 70.75176, 25.27774 ], [ 70.73686, 25.33227 ], [ 70.66534, 25.39702 ], [ 70.67866, 25.52307 ], [ 70.66784, 25.53055 ], [ 70.6743, 25.6755 ], [ 70.64688, 25.713 ], [ 70.60811, 25.71496 ], [ 70.52842, 25.68358 ], [ 70.38691, 25.67375 ], [ 70.26883, 25.71392 ], [ 70.22211, 25.79316 ], [ 70.17438, 25.82786 ], [ 70.09853, 25.93984 ], [ 70.08415, 26.08309 ], [ 70.14239, 26.15864 ], [ 70.1752, 26.25123 ], [ 70.16355, 26.29445 ], [ 70.18561, 26.37353 ], [ 70.17718, 26.42397 ], [ 70.1849, 26.48095 ], [ 70.17416, 26.55171 ], [ 70.11776, 26.58701 ], [ 70.05595, 26.60091 ], [ 69.895, 26.57879 ], [ 69.78743, 26.60153 ], [ 69.72589, 26.65209 ], [ 69.5103, 26.74375 ], [ 69.48475, 26.80504 ], [ 69.49857, 26.87198 ], [ 69.51354, 27.01023 ], [ 69.58663, 27.18317 ], [ 69.64275, 27.22341 ], [ 69.70501, 27.28619 ], [ 69.7604, 27.32119 ], [ 69.86218, 27.40162 ], [ 69.93377, 27.49786 ], [ 70.02542, 27.5621 ], [ 70.12315, 27.78755 ], [ 70.14531, 27.8204 ], [ 70.22686, 27.9013 ], [ 70.29716, 27.93683 ], [ 70.37233, 28.01187 ], [ 70.50668, 28.0371 ], [ 70.58927, 28.01057 ], [ 70.67733, 27.92197 ], [ 70.68429, 27.82829 ], [ 70.75947, 27.72125 ], [ 70.87168, 27.70563 ], [ 70.90647, 27.70961 ], [ 71.20566, 27.83539 ], [ 71.38384, 27.8726 ], [ 71.66652, 27.8778 ], [ 71.89833, 27.96125 ], [ 71.92752, 28.12187 ], [ 72.00427, 28.21849 ], [ 72.13203, 28.31276 ], [ 72.20637, 28.3946 ], [ 72.29933, 28.66975 ], [ 72.40382, 28.78292 ], [ 72.47952, 28.81191 ], [ 72.64894, 28.90319 ], [ 72.73202, 28.94758 ], [ 72.94588, 29.02792 ], [ 73.00431, 29.15282 ], [ 73.08436, 29.23618 ], [ 73.28201, 29.57159 ], [ 73.39707, 29.94595 ], [ 73.59718, 30.01897 ], [ 73.80659, 30.06796 ], [ 73.82721, 30.09169 ], [ 73.94608, 30.17762 ], [ 73.97403, 30.17299 ], [ 73.96847, 30.12069 ], [ 73.90872, 30.05487 ], [ 73.89132, 29.99749 ], [ 73.90133, 29.97122 ], [ 74.07951, 29.96953 ], [ 74.35279, 29.95185 ], [ 74.3046, 29.87837 ], [ 74.26304, 29.87269 ], [ 74.28662, 29.81774 ], [ 74.14921, 29.71645 ], [ 74.13728, 29.68724 ], [ 74.06316, 29.70735 ], [ 74.0652, 29.65428 ], [ 74.02462, 29.65608 ], [ 73.9125, 29.61935 ], [ 73.86849, 29.62043 ], [ 73.81821, 29.57525 ], [ 73.76779, 29.5689 ], [ 73.76475, 29.52534 ], [ 73.83215, 29.52949 ], [ 73.83217, 29.49338 ], [ 73.87875, 29.45005 ], [ 73.87673, 29.41276 ], [ 73.82053, 29.38072 ], [ 73.85145, 29.31717 ], [ 73.98603, 29.30576 ], [ 74.12761, 29.24341 ], [ 74.14692, 29.11398 ], [ 74.09936, 29.10379 ], [ 74.09666, 29.04875 ], [ 74.03014, 29.00709 ], [ 74.11322, 28.94015 ], [ 74.13132, 28.8752 ], [ 74.0977, 28.78293 ], [ 74.13702, 28.79553 ], [ 74.16192, 28.77714 ], [ 74.19545, 28.7114 ], [ 74.10078, 28.67942 ], [ 74.08385, 28.65025 ], [ 74.10948, 28.5891 ], [ 74.06169, 28.52904 ], [ 74.06866, 28.41581 ], [ 74.03261, 28.39872 ], [ 74.04752, 28.34554 ], [ 74.12061, 28.33861 ], [ 74.16663, 28.30928 ], [ 74.20146, 28.3119 ], [ 74.21575, 28.25668 ], [ 74.23982, 28.2309 ], [ 74.30957, 28.23147 ], [ 74.35302, 28.20427 ], [ 74.34765, 28.15973 ], [ 74.29899, 28.13489 ], [ 74.28979, 28.04068 ], [ 74.23973, 28.00083 ], [ 74.23401, 27.92048 ], [ 74.20876, 27.89805 ], [ 74.22523, 27.85054 ], [ 74.21785, 27.81182 ], [ 74.12808, 27.78878 ], [ 74.05027, 27.72057 ], [ 73.98334, 27.74968 ], [ 73.9692, 27.79573 ], [ 73.91799, 27.77387 ], [ 73.832, 27.77081 ], [ 73.83734, 27.69425 ], [ 73.85978, 27.60774 ], [ 73.85267, 27.55111 ], [ 73.90324, 27.49631 ], [ 73.97484, 27.50597 ], [ 74.03133, 27.5349 ], [ 74.08321, 27.47907 ], [ 74.13833, 27.46064 ], [ 74.15517, 27.41059 ], [ 74.20573, 27.42381 ], [ 74.20706, 27.5061 ], [ 74.23972, 27.52646 ], [ 74.27698, 27.61028 ], [ 74.34481, 27.67939 ], [ 74.4431, 27.6916 ], [ 74.49659, 27.66564 ], [ 74.6078, 27.67635 ], [ 74.62932, 27.64824 ], [ 74.68206, 27.66723 ], [ 74.73201, 27.676 ], [ 74.74231, 27.76445 ], [ 74.8183, 27.79968 ], [ 74.79777, 27.83689 ], [ 74.74166, 27.85516 ], [ 74.73929, 27.88914 ], [ 74.80186, 27.89633 ], [ 74.82204, 27.93798 ], [ 74.78217, 27.9556 ], [ 74.80929, 28.05826 ], [ 74.78899, 28.07776 ], [ 74.86904, 28.14511 ], [ 74.89358, 28.19183 ], [ 74.94904, 28.18725 ], [ 75.03049, 28.19811 ], [ 75.07531, 28.1921 ], [ 75.09055, 28.1594 ], [ 75.12965, 28.13481 ], [ 75.10367, 28.06427 ], [ 75.14944, 28.0257 ], [ 75.19629, 27.9105 ], [ 75.23104, 27.87769 ], [ 75.24284, 27.81044 ], [ 75.28847, 27.81611 ], [ 75.29023, 27.716 ], [ 75.35078, 27.70024 ], [ 75.41887, 27.64397 ], [ 75.53734, 27.70912 ], [ 75.62066, 27.70276 ], [ 75.6381, 27.71621 ], [ 75.68989, 27.67352 ], [ 75.71251, 27.75603 ], [ 75.7708, 27.83344 ], [ 75.93433, 27.92897 ], [ 75.98784, 27.90371 ], [ 75.97142, 27.85229 ], [ 76.04892, 27.83497 ], [ 76.08765, 27.84794 ], [ 76.18375, 27.79776 ], [ 76.22686, 27.83324 ], [ 76.17004, 27.90326 ], [ 76.18848, 27.96537 ], [ 76.15944, 27.98709 ], [ 76.19138, 28.05633 ], [ 76.22983, 28.04803 ], [ 76.26178, 28.06749 ], [ 76.32261, 28.01577 ], [ 76.33502, 28.13344 ], [ 76.3124, 28.17802 ], [ 76.40162, 28.14498 ], [ 76.47652, 28.14854 ], [ 76.50008, 28.10019 ], [ 76.46232, 28.0405 ], [ 76.53102, 28.04012 ], [ 76.56448, 27.96588 ], [ 76.60687, 28.00372 ], [ 76.66891, 28.01381 ], [ 76.6524, 28.0616 ], [ 76.71642, 28.12778 ], [ 76.74434, 28.12154 ], [ 76.79592, 28.14841 ], [ 76.80599, 28.20558 ], [ 76.85367, 28.22059 ], [ 76.96618, 28.12849 ], [ 76.9406, 28.04235 ], [ 76.93149, 27.95304 ], [ 76.9437, 27.85357 ], [ 76.90299, 27.77534 ], [ 76.89895, 27.67782 ], [ 76.97885, 27.65408 ], [ 77.00196, 27.73687 ], [ 77.04693, 27.74318 ], [ 77.0455, 27.82098 ], [ 77.10917, 27.78548 ], [ 77.18398, 27.78678 ], [ 77.20398, 27.82356 ], [ 77.24362, 27.78428 ], [ 77.28468, 27.80164 ], [ 77.31367, 27.78242 ], [ 77.34335, 27.70231 ], [ 77.35167, 27.64742 ], [ 77.33502, 27.59128 ], [ 77.34941, 27.51917 ], [ 77.38537, 27.51298 ], [ 77.40555, 27.47219 ], [ 77.43874, 27.45641 ], [ 77.44093, 27.39357 ], [ 77.50634, 27.37569 ], [ 77.58362, 27.32104 ], [ 77.62545, 27.3326 ], [ 77.61563, 27.26701 ], [ 77.64816, 27.24143 ], [ 77.66356, 27.16988 ], [ 77.62372, 27.1691 ], [ 77.60611, 27.12338 ], [ 77.55322, 27.10996 ], [ 77.53799, 27.06156 ], [ 77.60753, 27.02319 ], [ 77.66576, 27.01707 ], [ 77.71232, 26.99464 ], [ 77.58831, 26.92526 ], [ 77.49092, 26.89821 ], [ 77.42581, 26.83727 ], [ 77.45655, 26.74123 ], [ 77.38477, 26.70702 ], [ 77.3497, 26.71156 ], [ 77.38847, 26.63349 ], [ 77.35879, 26.59386 ], [ 77.22782, 26.53102 ], [ 77.26332, 26.42875 ], [ 77.31161, 26.43964 ], [ 77.34859, 26.41431 ], [ 77.37394, 26.36615 ], [ 77.32597, 26.34069 ], [ 77.31574, 26.30967 ], [ 77.2705, 26.26768 ], [ 77.20155, 26.23022 ], [ 77.13685, 26.23441 ], [ 77.11451, 26.21636 ], [ 77.09183, 26.18197 ], [ 77.05397, 26.18006 ], [ 77.00153, 26.13264 ], [ 76.94567, 26.10098 ], [ 76.90221, 26.09295 ], [ 76.84762, 26.03276 ], [ 76.84696, 26.00626 ], [ 76.8014, 25.93924 ], [ 76.7398, 25.89763 ], [ 76.64778, 25.90136 ], [ 76.57297, 25.83486 ], [ 76.53542, 25.79319 ], [ 76.53257, 25.72629 ], [ 76.48834, 25.71341 ], [ 76.51672, 25.66811 ], [ 76.51559, 25.57512 ], [ 76.52608, 25.52525 ], [ 76.57996, 25.43202 ], [ 76.56231, 25.41411 ], [ 76.45005, 25.39954 ], [ 76.44177, 25.37948 ], [ 76.37208, 25.38872 ], [ 76.332, 25.37459 ], [ 76.28885, 25.24673 ], [ 76.2547, 25.23791 ], [ 76.25554, 25.18904 ], [ 76.23562, 25.16046 ], [ 76.21884, 25.0844 ], [ 76.24841, 25.041 ], [ 76.32496, 24.95901 ], [ 76.3411, 24.98379 ], [ 76.42224, 24.9773 ], [ 76.45289, 24.92275 ], [ 76.48736, 24.92055 ], [ 76.57623, 24.85846 ], [ 76.55765, 24.80421 ], [ 76.49113, 24.82216 ], [ 76.44388, 24.78323 ], [ 76.4455, 24.83082 ], [ 76.40063, 24.83824 ], [ 76.36613, 24.87129 ], [ 76.31444, 24.84021 ], [ 76.22816, 24.83223 ], [ 76.20519, 24.75987 ], [ 76.18945, 24.62416 ], [ 76.11539, 24.69332 ], [ 76.0695, 24.67577 ], [ 76.06584, 24.62342 ], [ 76.08248, 24.57684 ], [ 76.0353, 24.55936 ], [ 75.96518, 24.56243 ], [ 75.92425, 24.53989 ], [ 75.90698, 24.44227 ], [ 75.83245, 24.41871 ], [ 75.78951, 24.45462 ], [ 75.73909, 24.3997 ], [ 75.74112, 24.34427 ], [ 75.76828, 24.30696 ], [ 75.81627, 24.29693 ], [ 75.8085, 24.22601 ], [ 75.78196, 24.22073 ], [ 75.74646, 24.13597 ], [ 75.79262, 24.10616 ], [ 75.83372, 24.10427 ], [ 75.83255, 24.06831 ], [ 75.78257, 24.05847 ], [ 75.76487, 23.99439 ], [ 75.70311, 23.96555 ], [ 75.67192, 24.03003 ], [ 75.63734, 23.99635 ], [ 75.57424, 24.01396 ], [ 75.51681, 24.04532 ], [ 75.46704, 23.97739 ], [ 75.46241, 23.91451 ], [ 75.37033, 23.85693 ], [ 75.25729, 23.83529 ], [ 75.21953, 23.85562 ], [ 75.20246, 23.8271 ], [ 75.055, 23.82348 ], [ 75.02929, 23.7809 ], [ 74.96994, 23.79645 ], [ 74.94086, 23.76307 ], [ 74.94146, 23.7321 ], [ 74.9112, 23.68524 ], [ 74.90652, 23.62208 ], [ 74.85197, 23.55479 ], [ 74.80324, 23.53149 ], [ 74.77434, 23.54077 ], [ 74.77392, 23.58908 ], [ 74.72253, 23.61502 ], [ 74.67416, 23.66557 ], [ 74.59043, 23.62606 ], [ 74.53164, 23.63545 ], [ 74.54705, 23.70982 ], [ 74.54722, 23.86203 ], [ 74.48085, 23.92443 ], [ 74.43506, 23.9064 ], [ 74.3851, 23.90611 ], [ 74.31858, 23.85726 ], [ 74.23971, 23.81481 ], [ 74.14872, 23.78156 ], [ 74.12242, 23.71172 ] ] ] } },
{ "type": "Feature", "properties": { "state": "Sikkim" }, "geometry": { "type": "Polygon", "coordinates": [ [ [ 88.84882, 27.3778 ], [ 88.92867, 27.32621 ], [ 88.90547, 27.27485 ], [ 88.80742, 27.24747 ], [ 88.79093, 27.18188 ], [ 88.75792, 27.14811 ], [ 88.73879, 27.13724 ], [ 88.69074, 27.18009 ], [ 88.66593, 27.16208 ], [ 88.59792, 27.1943 ], [ 88.52725, 27.178 ], [ 88.52818, 27.15017 ], [ 88.437996, 27.081712 ], [ 88.28479, 27.1306 ], [ 88.2392, 27.11952 ], [ 88.18575, 27.13444 ], [ 88.16219, 27.11184 ], [ 88.09952, 27.13597 ], [ 88.06518, 27.21354 ], [ 88.01889, 27.2251 ], [ 88.03172, 27.28628 ], [ 88.06661, 27.33598 ], [ 88.04181, 27.37024 ], [ 88.05042, 27.41276 ], [ 88.07862, 27.43209 ], [ 88.04374, 27.49604 ], [ 88.08964, 27.59518 ], [ 88.11496, 27.61875 ], [ 88.1441, 27.66499 ], [ 88.15842, 27.74086 ], [ 88.17855, 27.7471 ], [ 88.19993, 27.83641 ], [ 88.13914, 27.87784 ], [ 88.12153, 27.91712 ], [ 88.14705, 27.96299 ], [ 88.18156, 27.94425 ], [ 88.21143, 27.96617 ], [ 88.25177, 27.94811 ], [ 88.34563, 27.9876 ], [ 88.39761, 27.97771 ], [ 88.46941, 28.01947 ], [ 88.49095, 28.04526 ], [ 88.54111, 28.03631 ], [ 88.58267, 28.08532 ], [ 88.64549, 28.10411 ], [ 88.6745, 28.07383 ], [ 88.75872, 28.07309 ], [ 88.8483, 27.99082 ], [ 88.84357, 27.93181 ], [ 88.88862, 27.89236 ], [ 88.88814, 27.83878 ], [ 88.86138, 27.81634 ], [ 88.86937, 27.73883 ], [ 88.85353, 27.66872 ], [ 88.81329, 27.63201 ], [ 88.81234, 27.60307 ], [ 88.77415, 27.56657 ], [ 88.79569, 27.52596 ], [ 88.79003, 27.45538 ], [ 88.81255, 27.41409 ], [ 88.84882, 27.3778 ] ] ] } },
{ "type": "Feature", "properties": { "state": "Tamil Nadu" }, "geometry": { "type": "MultiPolygon", "coordinates": [ [ [ [ 77.59198, 8.14275 ], [ 77.56284, 8.1592 ], [ 77.54498, 8.21014 ], [ 77.5674, 8.28168 ], [ 77.54556, 8.39384 ], [ 77.49339, 8.38173 ], [ 77.46559, 8.42964 ], [ 77.47285, 8.45741 ], [ 77.44819, 8.49964 ], [ 77.38148, 8.52323 ], [ 77.33998, 8.55329 ], [ 77.271, 8.58077 ], [ 77.21756, 8.65077 ], [ 77.18581, 8.71726 ], [ 77.20166, 8.77083 ], [ 77.23337, 8.78558 ], [ 77.26567, 8.84183 ], [ 77.25836, 8.87801 ], [ 77.292231, 8.887194 ], [ 77.324687, 8.831158 ], [ 77.306055, 8.793077 ], [ 77.386726, 8.744711 ], [ 77.446991, 8.743728 ], [ 77.481567, 8.870125 ], [ 77.590134, 8.830555 ], [ 77.598206, 8.872944 ], [ 77.565686, 8.87979 ], [ 77.64017, 8.961304 ], [ 77.702527, 8.926914 ], [ 77.72433, 9.00172 ], [ 77.69567, 9.03256 ], [ 77.70978, 9.07187 ], [ 77.67946, 9.10622 ], [ 77.70824, 9.18756 ], [ 77.73896, 9.21005 ], [ 77.74364, 9.26735 ], [ 77.71316, 9.29081 ], [ 77.62605, 9.29306 ], [ 77.59239, 9.34516 ], [ 77.51193, 9.335 ], [ 77.47707, 9.34169 ], [ 77.43084, 9.40107 ], [ 77.3901, 9.39291 ], [ 77.34124, 9.41864 ], [ 77.33789, 9.36152 ], [ 77.28414, 9.30114 ], [ 77.28501, 9.27265 ], [ 77.22994, 9.29755 ], [ 77.24963, 9.37714 ], [ 77.2084, 9.45023 ], [ 77.15637, 9.47073 ], [ 77.06917, 9.45344 ], [ 77.05432, 9.41793 ], [ 76.97113, 9.46493 ], [ 76.88948, 9.54666 ], [ 76.89056, 9.60884 ], [ 76.92865, 9.6532 ], [ 76.88961, 9.71729 ], [ 76.86166, 9.72965 ], [ 76.80709, 9.79141 ], [ 76.74386, 9.80444 ], [ 76.63071, 9.85587 ], [ 76.56293, 9.82045 ], [ 76.51621, 9.84831 ], [ 76.46005, 9.84848 ], [ 76.42896, 9.82445 ], [ 76.37422, 9.83697 ], [ 76.35419, 9.88426 ], [ 76.29427, 9.89163 ], [ 76.27702, 9.79006 ], [ 76.26055, 9.8818 ], [ 76.22604, 9.97232 ], [ 76.16328, 10.17876 ], [ 76.22152, 10.20696 ], [ 76.3137, 10.1843 ], [ 76.34102, 10.23097 ], [ 76.38119, 10.24514 ], [ 76.43913, 10.29459 ], [ 76.55621, 10.2832 ], [ 76.57836, 10.30303 ], [ 76.62304, 10.27401 ], [ 76.69729, 10.26434 ], [ 76.81122, 10.28595 ], [ 76.90537, 10.25258 ], [ 76.83286, 10.30458 ], [ 76.83927, 10.3377 ], [ 76.85243, 10.36909 ], [ 76.82016, 10.42422 ], [ 76.83025, 10.44782 ], [ 76.84221, 10.5944 ], [ 76.81729, 10.63564 ], [ 76.88514, 10.63887 ], [ 76.8874, 10.71616 ], [ 76.90977, 10.78028 ], [ 76.87206, 10.8092 ], [ 76.82933, 10.87108 ], [ 76.74415, 10.89006 ], [ 76.65844, 10.93787 ], [ 76.7014, 11.02647 ], [ 76.74554, 11.07294 ], [ 76.75156, 11.11896 ], [ 76.69666, 11.16662 ], [ 76.73722, 11.21546 ], [ 76.7075, 11.24026 ], [ 76.76928, 11.26233 ], [ 76.80021, 11.29238 ], [ 76.84388, 11.2875 ], [ 76.85752, 11.3452 ], [ 76.90938, 11.34873 ], [ 76.96033, 11.37913 ], [ 76.9779, 11.40104 ], [ 76.99044, 11.49468 ], [ 77.00805, 11.54478 ], [ 76.94124, 11.57712 ], [ 76.89054, 11.57119 ], [ 76.84753, 11.58357 ], [ 76.83979, 11.63839 ], [ 76.86358, 11.70785 ], [ 76.89092, 11.7337 ], [ 76.90967, 11.7924 ], [ 76.95457, 11.79056 ], [ 77.0147, 11.81235 ], [ 77.07237, 11.78153 ], [ 77.0845, 11.73906 ], [ 77.1246, 11.77142 ], [ 77.25274, 11.8123 ], [ 77.29593, 11.8083 ], [ 77.33743, 11.769 ], [ 77.3665, 11.78848 ], [ 77.44222, 11.78266 ], [ 77.46779, 11.84941 ], [ 77.46532, 11.9008 ], [ 77.49577, 11.94269 ], [ 77.53556, 11.9323 ], [ 77.67654, 11.95039 ], [ 77.73876, 11.93806 ], [ 77.76296, 11.91254 ], [ 77.84743, 11.89415 ], [ 77.86804, 11.9136 ], [ 77.97435, 11.89372 ], [ 78.03695, 11.929 ], [ 78.13754, 11.96258 ], [ 78.23588, 11.97617 ], [ 78.25687, 11.93616 ], [ 78.32174, 11.92828 ], [ 78.35678, 11.86084 ], [ 78.40662, 11.87367 ], [ 78.45466, 11.82504 ], [ 78.54301, 11.80162 ], [ 78.59657, 11.81974 ], [ 78.62747, 11.86472 ], [ 78.63687, 11.88498 ], [ 78.72494, 11.91652 ], [ 78.70588, 11.93493 ], [ 78.71878, 11.98073 ], [ 78.70231, 12.01074 ], [ 78.74105, 12.13502 ], [ 78.68825, 12.10799 ], [ 78.63688, 12.14433 ], [ 78.63512, 12.17705 ], [ 78.67049, 12.20968 ], [ 78.65272, 12.2589 ], [ 78.71074, 12.30218 ], [ 78.73642, 12.37777 ], [ 78.77121, 12.42489 ], [ 78.76476, 12.44707 ], [ 78.80744, 12.5085 ], [ 78.859302, 12.627715 ], [ 78.816375, 12.634108 ], [ 78.773235, 12.681031 ], [ 78.840536, 12.712439 ], [ 78.852048, 12.76542 ], [ 78.907806, 12.777254 ], [ 78.897625, 12.863828 ], [ 78.92574, 12.916072 ], [ 78.784148, 12.852415 ], [ 78.735863, 12.818247 ], [ 78.662507, 12.722528 ], [ 78.615238, 12.743229 ], [ 78.594883, 12.786932 ], [ 78.594527, 12.784907 ], [ 78.59414, 12.7827 ], [ 78.55787, 12.7405 ], [ 78.55363, 12.69694 ], [ 78.46984, 12.67403 ], [ 78.47187, 12.62924 ], [ 78.40967, 12.62528 ], [ 78.38043, 12.62347 ], [ 78.30231, 12.66433 ], [ 78.27616, 12.70317 ], [ 78.2391, 12.70053 ], [ 78.23218, 12.76375 ], [ 78.25251, 12.85852 ], [ 78.31464, 12.85844 ], [ 78.35691, 12.9393 ], [ 78.38994, 12.90654 ], [ 78.41266, 12.94411 ], [ 78.46954, 12.97467 ], [ 78.46141, 13.03715 ], [ 78.51614, 13.06419 ], [ 78.52021, 13.13095 ], [ 78.58057, 13.16792 ], [ 78.57124, 13.24469 ], [ 78.57846, 13.28307 ], [ 78.51234, 13.28835 ], [ 78.44699, 13.30934 ], [ 78.44003, 13.32806 ], [ 78.36598, 13.36595 ], [ 78.38201, 13.40174 ], [ 78.37785, 13.50579 ], [ 78.40827, 13.57677 ], [ 78.39076, 13.59184 ], [ 78.25987, 13.58457 ], [ 78.2186, 13.59206 ], [ 78.1991, 13.56656 ], [ 78.20395, 13.62627 ], [ 78.16564, 13.6587 ], [ 78.08973, 13.66023 ], [ 78.11907, 13.72005 ], [ 78.09451, 13.74325 ], [ 78.12783, 13.78667 ], [ 78.23026, 13.78124 ], [ 78.26302, 13.79826 ], [ 78.24635, 13.85181 ], [ 78.2778, 13.89276 ], [ 78.38809, 13.94173 ], [ 78.4284, 13.97865 ], [ 78.47166, 13.99383 ], [ 78.49218, 13.94035 ], [ 78.54647, 13.99122 ], [ 78.5991, 13.95909 ], [ 78.5889, 13.91168 ], [ 78.72463, 13.8872 ], [ 78.76722, 13.83026 ], [ 78.80012, 13.87982 ], [ 78.8831, 13.89805 ], [ 79.03115, 13.88796 ], [ 79.08134, 13.87858 ], [ 79.10147, 13.84922 ], [ 79.15101, 13.86096 ], [ 79.21866, 13.8108 ], [ 79.22751, 13.75765 ], [ 79.29549, 13.75837 ], [ 79.31173, 13.72445 ], [ 79.38938, 13.75996 ], [ 79.42791, 13.84598 ], [ 79.40949, 13.89782 ], [ 79.42902, 13.95011 ], [ 79.38458, 13.95482 ], [ 79.38583, 14.04997 ], [ 79.43656, 14.03485 ], [ 79.4556, 13.98459 ], [ 79.45685, 13.92159 ], [ 79.4816, 13.91082 ], [ 79.58947, 13.91963 ], [ 79.62294, 13.88571 ], [ 79.63519, 13.84406 ], [ 79.67086, 13.83552 ], [ 79.68226, 13.92388 ], [ 79.73189, 13.90237 ], [ 79.73063, 13.86796 ], [ 79.76267, 13.80895 ], [ 79.813, 13.79698 ], [ 79.8533, 13.76815 ], [ 79.87188, 13.70858 ], [ 79.94956, 13.70871 ], [ 79.97492, 13.689 ], [ 79.97361, 13.64736 ], [ 80.04698, 13.57649 ], [ 80.04233, 13.53762 ], [ 80.08559, 13.54802 ], [ 80.1136, 13.50916 ], [ 80.24211, 13.46904 ], [ 80.26847, 13.56335 ], [ 80.2992, 13.47749 ], [ 80.32335, 13.45591 ], [ 80.34658, 13.31355 ], [ 80.3427, 13.25631 ], [ 80.30379, 13.14234 ], [ 80.26667, 12.97258 ], [ 80.24899, 12.85025 ], [ 80.25527, 12.78193 ], [ 80.16725, 12.52853 ], [ 80.15517, 12.46205 ], [ 80.02991, 12.29536 ], [ 80.00938, 12.25575 ], [ 79.88599, 12.06463 ], [ 79.84569, 12.07517 ], [ 79.83485, 12.02047 ], [ 79.8623, 12.0171 ], [ 79.84052, 11.95621 ], [ 79.80265, 11.9668 ], [ 79.75719, 11.94681 ], [ 79.72081, 11.9949 ], [ 79.69447, 11.95559 ], [ 79.7412, 11.9117 ], [ 79.70811, 11.88855 ], [ 79.76217, 11.87587 ], [ 79.80896, 11.83676 ], [ 79.8073, 11.83132 ], [ 79.73153, 11.83647 ], [ 79.75427, 11.77643 ], [ 79.79694, 11.78889 ], [ 79.76123, 11.62122 ], [ 79.7601, 11.54852 ], [ 79.81348, 11.41907 ], [ 79.80548, 11.38364 ], [ 79.75904, 11.37309 ], [ 79.64411, 11.28396 ], [ 79.59941, 11.21865 ], [ 79.52556, 11.18321 ], [ 79.57428, 11.14623 ], [ 79.51579, 11.04124 ], [ 79.54284, 10.99753 ], [ 79.51563, 10.96893 ], [ 79.55333, 10.96614 ], [ 79.63174, 10.98646 ], [ 79.69147, 11.01708 ], [ 79.76376, 11.0025 ], [ 79.73242, 10.97399 ], [ 79.73726, 10.93544 ], [ 79.80613, 10.90287 ], [ 79.85222, 10.82465 ], [ 79.8545, 10.63403 ], [ 79.86476, 10.44118 ], [ 79.88392, 10.30557 ], [ 79.87017, 10.28334 ], [ 79.77645, 10.27265 ], [ 79.67838, 10.28054 ], [ 79.54242, 10.30244 ], [ 79.53598, 10.33573 ], [ 79.51227, 10.30849 ], [ 79.40536, 10.31722 ], [ 79.33167, 10.28441 ], [ 79.2684, 10.22783 ], [ 79.22971, 10.14153 ], [ 79.22655, 10.09978 ], [ 79.26704, 10.03766 ], [ 79.24113, 10.02265 ], [ 79.15452, 9.93175 ], [ 79.11456, 9.84748 ], [ 79.05762, 9.77264 ], [ 79.03587, 9.76068 ], [ 78.98089, 9.68972 ], [ 78.95983, 9.62748 ], [ 78.93615, 9.59989 ], [ 78.9262, 9.52894 ], [ 78.90256, 9.46888 ], [ 78.93606, 9.41094 ], [ 79.01378, 9.33334 ], [ 79.06945, 9.29858 ], [ 79.09625, 9.26016 ], [ 78.96667, 9.27194 ], [ 78.90848, 9.24941 ], [ 78.87482, 9.25637 ], [ 78.67983, 9.19586 ], [ 78.6503, 9.15931 ], [ 78.57905, 9.12999 ], [ 78.51844, 9.13524 ], [ 78.45748, 9.12565 ], [ 78.39015, 9.09607 ], [ 78.30427, 9.02645 ], [ 78.21644, 8.96663 ], [ 78.1681, 8.87495 ], [ 78.1616, 8.73327 ], [ 78.13741, 8.69166 ], [ 78.12881, 8.61149 ], [ 78.13864, 8.58748 ], [ 78.12258, 8.52554 ], [ 78.13048, 8.49659 ], [ 78.07249, 8.42908 ], [ 78.0678, 8.37291 ], [ 77.97757, 8.33578 ], [ 77.88588, 8.27141 ], [ 77.80229, 8.2396 ], [ 77.77865, 8.19799 ], [ 77.71431, 8.1639 ], [ 77.59198, 8.14275 ] ], [ [ 79.63639, 12.0263 ], [ 79.61596, 11.98593 ], [ 79.62512, 11.90162 ], [ 79.65577, 11.90699 ], [ 79.63678, 11.97807 ], [ 79.63639, 12.0263 ] ] ], [ [ [ 79.3381, 9.2493 ], [ 79.22525, 9.25963 ], [ 79.31086, 9.32817 ], [ 79.32467, 9.29275 ], [ 79.3381, 9.2493 ] ] ] ] } },
{ "type": "Feature", "properties": { "state": "Telangana" }, "geometry": { "type": "Polygon", "coordinates": [ [ [ 78.04629, 15.90515 ], [ 78.00861, 15.86592 ], [ 77.89414, 15.90239 ], [ 77.80548, 15.8717 ], [ 77.72221, 15.8928 ], [ 77.68955, 15.88008 ], [ 77.59422, 15.913 ], [ 77.51504, 15.92674 ], [ 77.51561, 16.00801 ], [ 77.49617, 16.03633 ], [ 77.50838, 16.07888 ], [ 77.49204, 16.12133 ], [ 77.50024, 16.19261 ], [ 77.49281, 16.2552 ], [ 77.58612, 16.29153 ], [ 77.59545, 16.340798 ], [ 77.4865, 16.38297 ], [ 77.41672, 16.36782 ], [ 77.2893, 16.40791 ], [ 77.23965, 16.47284 ], [ 77.37107, 16.48901 ], [ 77.42019, 16.5234 ], [ 77.4258, 16.57003 ], [ 77.4691, 16.5891 ], [ 77.46044, 16.62484 ], [ 77.42133, 16.66753 ], [ 77.46988, 16.68292 ], [ 77.43148, 16.72303 ], [ 77.43998, 16.78221 ], [ 77.476436, 16.791458 ], [ 77.47648, 16.79551 ], [ 77.45693, 16.88605 ], [ 77.46864, 16.93176 ], [ 77.48303, 16.99459 ], [ 77.5041, 17.01166 ], [ 77.4672, 17.10823 ], [ 77.44142, 17.1175 ], [ 77.42798, 17.11816 ], [ 77.36428, 17.16558 ], [ 77.38465, 17.22367 ], [ 77.4592, 17.27974 ], [ 77.43836, 17.29186 ], [ 77.46076, 17.3488 ], [ 77.52536, 17.36592 ], [ 77.51462, 17.43102 ], [ 77.57717, 17.43334 ], [ 77.61562, 17.47375 ], [ 77.69043, 17.5095 ], [ 77.66136, 17.52513 ], [ 77.44416, 17.58493 ], [ 77.3795, 17.58422 ], [ 77.30172, 17.59846 ], [ 77.27791, 17.62764 ], [ 77.23137, 17.63297 ], [ 77.19152, 17.61642 ], [ 77.15541, 17.62954 ], [ 77.11724, 17.68555 ], [ 77.08945, 17.66062 ], [ 77.03898, 17.66882 ], [ 76.99592, 17.69617 ], [ 76.98141, 17.65054 ], [ 76.94061, 17.60861 ], [ 76.9023, 17.64694 ], [ 76.772, 17.64755 ], [ 76.69293, 17.68253 ], [ 76.69475, 17.70782 ], [ 76.7419, 17.78163 ], [ 76.79076, 17.82895 ], [ 76.73991, 17.85946 ], [ 76.7431, 17.90036 ], [ 76.77709, 17.87938 ], [ 76.85656, 17.90029 ], [ 76.88397, 17.89553 ], [ 76.91608, 17.93966 ], [ 76.92056, 18.03556 ], [ 76.95498, 18.04007 ], [ 76.95629, 18.11237 ], [ 76.92538, 18.11833 ], [ 76.95699, 18.18706 ], [ 77.0608, 18.15466 ], [ 77.11214, 18.15503 ], [ 77.09874, 18.19737 ], [ 77.1428, 18.20954 ], [ 77.18121, 18.28408 ], [ 77.20962, 18.28023 ], [ 77.24369, 18.41077 ], [ 77.26807, 18.42051 ], [ 77.31689, 18.44152 ], [ 77.36814, 18.43204 ], [ 77.40432, 18.40009 ], [ 77.39666, 18.3429 ], [ 77.41167, 18.30198 ], [ 77.46939, 18.2625 ], [ 77.55413, 18.29393 ], [ 77.53143, 18.34188 ], [ 77.55344, 18.39016 ], [ 77.60145, 18.54979 ], [ 77.64473, 18.55622 ], [ 77.66186, 18.52955 ], [ 77.73604, 18.55533 ], [ 77.75162, 18.59143 ], [ 77.73726, 18.67821 ], [ 77.79101, 18.69656 ], [ 77.842, 18.80958 ], [ 77.94886, 18.84447 ], [ 77.97319, 18.87747 ], [ 78.03416, 18.88211 ], [ 78.07403, 18.93761 ], [ 78.16242, 18.98238 ], [ 78.23805, 19.00487 ], [ 78.3043, 18.94691 ], [ 78.37001, 18.98725 ], [ 78.40587, 18.9903 ], [ 78.44384, 18.96109 ], [ 78.49943, 18.96624 ], [ 78.53429, 18.94425 ], [ 78.59193, 18.98859 ], [ 78.63692, 18.98164 ], [ 78.68763, 19.02804 ], [ 78.75982, 19.01494 ], [ 78.82655, 19.05632 ], [ 78.9113, 19.03409 ], [ 78.95381, 19.0721 ], [ 78.932714, 19.104036 ], [ 78.894643, 19.083097 ], [ 78.894643, 19.151625 ], [ 78.942232, 19.195407 ], [ 78.947685, 19.250478 ], [ 79.207334, 19.05951 ], [ 79.241598, 19.070932 ], [ 79.255875, 19.153737 ], [ 79.307271, 19.095202 ], [ 79.332969, 19.145171 ], [ 79.367234, 19.125183 ], [ 79.401498, 19.138033 ], [ 79.341535, 19.210844 ], [ 79.48002, 19.17658 ], [ 79.534272, 19.192284 ], [ 79.519995, 19.257957 ], [ 79.562825, 19.25653 ], [ 79.611366, 19.282228 ], [ 79.674154, 19.210874 ], [ 79.730667, 19.193028 ], [ 79.784204, 19.193028 ], [ 79.807404, 19.151387 ], [ 79.837147, 19.168044 ], [ 79.902583, 19.169233 ], [ 79.9213, 19.15341 ], [ 79.86516, 19.10807 ], [ 79.86824, 19.06399 ], [ 79.93318, 19.04664 ], [ 79.9482, 18.94201 ], [ 79.94628, 18.86338 ], [ 79.90126, 18.83533 ], [ 79.9393, 18.78904 ], [ 80.01974, 18.77151 ], [ 80.0538, 18.72579 ], [ 80.11408, 18.68255 ], [ 80.16564, 18.70101 ], [ 80.25426, 18.70649 ], [ 80.27515, 18.72314 ], [ 80.30397, 18.69091 ], [ 80.34439, 18.59602 ], [ 80.269356, 18.588312 ], [ 80.229393, 18.552616 ], [ 80.226784, 18.427996 ], [ 80.218895, 18.390228 ], [ 80.174652, 18.348743 ], [ 80.147247, 18.373295 ], [ 80.092489, 18.369428 ], [ 80.059792, 18.400871 ], [ 79.960391, 18.382821 ], [ 79.908365, 18.397697 ], [ 79.877763, 18.363855 ], [ 79.932217, 18.32564 ], [ 79.930206, 18.30103 ], [ 79.874318, 18.294933 ], [ 79.844985, 18.237975 ], [ 79.83148, 18.182448 ], [ 79.841433, 18.1434 ], [ 79.825042, 18.090772 ], [ 79.958887, 18.076496 ], [ 79.973163, 18.108618 ], [ 80.019563, 18.112187 ], [ 79.994207, 17.988351 ], [ 79.984689, 17.897932 ], [ 79.932341, 17.826548 ], [ 79.922823, 17.750405 ], [ 79.80385, 17.707575 ], [ 79.689636, 17.688539 ], [ 79.637288, 17.626673 ], [ 79.547584, 17.627799 ], [ 79.518315, 17.617155 ], [ 79.53079, 17.51998 ], [ 79.51905, 17.49595 ], [ 79.46873, 17.51647 ], [ 79.40802, 17.50434 ], [ 79.435652, 17.360537 ], [ 79.450916, 17.307112 ], [ 79.5223, 17.221451 ], [ 79.600822, 17.09296 ], [ 79.643653, 16.971608 ], [ 79.665068, 16.878809 ], [ 79.68701, 16.69635 ], [ 79.65655, 16.66999 ], [ 79.60837, 16.67117 ], [ 79.54513, 16.63942 ], [ 79.50556, 16.63831 ], [ 79.43492, 16.59029 ], [ 79.34155, 16.58615 ], [ 79.27426, 16.56903 ], [ 79.2386, 16.52685 ], [ 79.24441, 16.46623 ], [ 79.22727, 16.44586 ], [ 79.21974, 16.37062 ], [ 79.23616, 16.34468 ], [ 79.23346, 16.25809 ], [ 79.20039, 16.23072 ], [ 79.14146, 16.24427 ], [ 79.02826, 16.25197 ], [ 78.91609, 16.19864 ], [ 78.92144, 16.11658 ], [ 78.88071, 16.11785 ], [ 78.816, 16.05387 ], [ 78.74691, 16.02874 ], [ 78.69438, 16.04787 ], [ 78.64417, 16.09878 ], [ 78.61111, 16.10371 ], [ 78.55446, 16.06344 ], [ 78.45839, 16.08809 ], [ 78.41296, 16.08794 ], [ 78.3234, 16.03607 ], [ 78.27524, 16.0416 ], [ 78.26578, 16.01195 ], [ 78.25001, 15.944 ], [ 78.20373, 15.91916 ], [ 78.17174, 15.85595 ], [ 78.10811, 15.83481 ], [ 78.07055, 15.85138 ], [ 78.04629, 15.90515 ] ] ] } },
{ "type": "Feature", "properties": { "state": "Tripura" }, "geometry": { "type": "Polygon", "coordinates": [ [ [ 91.73771, 22.99249 ], [ 91.6401, 22.97053 ], [ 91.5695, 22.9807 ], [ 91.54419, 23.00056 ], [ 91.55165, 23.03833 ], [ 91.49766, 23.14709 ], [ 91.50411, 23.19335 ], [ 91.45492, 23.26095 ], [ 91.41827, 23.26827 ], [ 91.38425, 23.19335 ], [ 91.38345, 23.15582 ], [ 91.4121, 23.07679 ], [ 91.37073, 23.07153 ], [ 91.32529, 23.15865 ], [ 91.32558, 23.25426 ], [ 91.31148, 23.27595 ], [ 91.30863, 23.36043 ], [ 91.281, 23.37791 ], [ 91.27978, 23.43038 ], [ 91.16052, 23.61944 ], [ 91.16294, 23.65379 ], [ 91.20508, 23.65673 ], [ 91.20979, 23.68799 ], [ 91.15674, 23.6909 ], [ 91.16815, 23.74843 ], [ 91.22494, 23.74641 ], [ 91.22731, 23.78726 ], [ 91.25377, 23.83992 ], [ 91.22982, 23.89783 ], [ 91.28254, 23.9771 ], [ 91.37582, 24.00401 ], [ 91.39776, 24.04753 ], [ 91.37577, 24.10809 ], [ 91.41241, 24.11596 ], [ 91.48897, 24.09569 ], [ 91.58356, 24.0729 ], [ 91.63699, 24.10215 ], [ 91.6482, 24.16847 ], [ 91.76152, 24.14176 ], [ 91.74786, 24.23614 ], [ 91.84781, 24.20588 ], [ 91.87664, 24.14621 ], [ 91.90422, 24.13722 ], [ 91.94782, 24.26417 ], [ 91.92412, 24.33069 ], [ 91.9961, 24.38748 ], [ 92.07292, 24.37408 ], [ 92.1223, 24.38106 ], [ 92.13778, 24.42393 ], [ 92.16897, 24.43577 ], [ 92.15304, 24.498 ], [ 92.16977, 24.53062 ], [ 92.22137, 24.51285 ], [ 92.23498, 24.44882 ], [ 92.27195, 24.38701 ], [ 92.21165, 24.248 ], [ 92.29999, 24.25054 ], [ 92.32134, 24.19514 ], [ 92.32284, 24.1101 ], [ 92.30869, 24.03986 ], [ 92.32319, 23.98175 ], [ 92.30562, 23.93025 ], [ 92.32452, 23.9164 ], [ 92.3069, 23.85939 ], [ 92.26775, 23.8453 ], [ 92.25593, 23.8063 ], [ 92.26222, 23.72311 ], [ 92.22719, 23.66721 ], [ 92.17502, 23.73593 ], [ 92.10289, 23.70323 ], [ 92.07479, 23.66779 ], [ 92.02378, 23.66101 ], [ 91.98547, 23.71018 ], [ 91.94841, 23.73368 ], [ 91.93434, 23.67616 ], [ 91.95333, 23.61335 ], [ 91.96573, 23.48377 ], [ 91.93983, 23.43972 ], [ 91.88627, 23.43106 ], [ 91.83645, 23.39725 ], [ 91.81896, 23.35382 ], [ 91.76274, 23.30979 ], [ 91.75944, 23.2769 ], [ 91.78871, 23.22589 ], [ 91.82106, 23.08467 ], [ 91.77709, 23.07247 ], [ 91.77481, 23.04021 ], [ 91.73771, 22.99249 ] ] ] } },
{ "type": "Feature", "properties": { "state": "Uttar Pradesh" }, "geometry": { "type": "Polygon", "coordinates": [ [ [ 77.94842, 26.65708 ], [ 77.91, 26.65979 ], [ 77.88782, 26.61469 ], [ 77.83879, 26.60707 ], [ 77.83249, 26.56114 ], [ 77.74757, 26.53715 ], [ 77.73517, 26.50982 ], [ 77.67916, 26.50422 ], [ 77.60709, 26.44874 ], [ 77.51378, 26.40748 ], [ 77.43864, 26.40336 ], [ 77.44018, 26.35961 ], [ 77.37394, 26.36615 ], [ 77.34859, 26.41431 ], [ 77.31161, 26.43964 ], [ 77.26332, 26.42875 ], [ 77.22782, 26.53102 ], [ 77.35879, 26.59386 ], [ 77.38847, 26.63349 ], [ 77.3497, 26.71156 ], [ 77.38477, 26.70702 ], [ 77.45655, 26.74123 ], [ 77.42581, 26.83727 ], [ 77.49092, 26.89821 ], [ 77.58831, 26.92526 ], [ 77.71232, 26.99464 ], [ 77.66576, 27.01707 ], [ 77.60753, 27.02319 ], [ 77.53799, 27.06156 ], [ 77.55322, 27.10996 ], [ 77.60611, 27.12338 ], [ 77.62372, 27.1691 ], [ 77.66356, 27.16988 ], [ 77.64816, 27.24143 ], [ 77.61563, 27.26701 ], [ 77.62545, 27.3326 ], [ 77.58362, 27.32104 ], [ 77.50634, 27.37569 ], [ 77.44093, 27.39357 ], [ 77.43874, 27.45641 ], [ 77.40555, 27.47219 ], [ 77.38537, 27.51298 ], [ 77.34941, 27.51917 ], [ 77.33502, 27.59128 ], [ 77.35167, 27.64742 ], [ 77.34335, 27.70231 ], [ 77.31367, 27.78242 ], [ 77.28468, 27.80164 ], [ 77.24362, 27.78428 ], [ 77.20398, 27.82356 ], [ 77.18398, 27.78678 ], [ 77.10917, 27.78548 ], [ 77.0455, 27.82098 ], [ 77.04693, 27.74318 ], [ 77.00196, 27.73687 ], [ 76.97885, 27.65408 ], [ 76.89895, 27.67782 ], [ 76.90299, 27.77534 ], [ 76.9437, 27.85357 ], [ 76.93149, 27.95304 ], [ 76.9406, 28.04235 ], [ 76.96618, 28.12849 ], [ 76.85367, 28.22059 ], [ 76.84916, 28.23925 ], [ 76.79741, 28.25579 ], [ 76.76863, 28.2407 ], [ 76.67398, 28.27008 ], [ 76.66966, 28.37898 ], [ 76.70813, 28.40102 ], [ 76.71797, 28.43744 ], [ 76.81523, 28.47984 ], [ 76.82913, 28.50427 ], [ 76.88624, 28.50077 ], [ 76.95472, 28.50493 ], [ 77.00712, 28.54144 ], [ 77.092758, 28.513799 ], [ 77.119457, 28.488951 ], [ 77.12909, 28.44119 ], [ 77.17523, 28.40447 ], [ 77.25022, 28.42419 ], [ 77.23943, 28.46767 ], [ 77.265019, 28.484971 ], [ 77.32651, 28.48972 ], [ 77.34349, 28.51467 ], [ 77.29924, 28.575318 ], [ 77.33042, 28.63122 ], [ 77.32383, 28.676205 ], [ 77.295917, 28.704574 ], [ 77.29081, 28.72221 ], [ 77.20756, 28.78845 ], [ 77.207288, 28.788581 ], [ 77.22029, 28.83006 ], [ 77.20755, 28.85688 ], [ 77.23239, 28.92004 ], [ 77.19685, 28.93802 ], [ 77.20314, 28.98562 ], [ 77.16445, 29.07932 ], [ 77.14398, 29.16681 ], [ 77.13418, 29.22335 ], [ 77.15305, 29.29744 ], [ 77.13196, 29.34114 ], [ 77.13259, 29.48487 ], [ 77.0966, 29.5205 ], [ 77.12172, 29.56633 ], [ 77.10675, 29.63232 ], [ 77.1502, 29.68903 ], [ 77.12363, 29.75041 ], [ 77.17935, 29.81213 ], [ 77.20274, 29.86848 ], [ 77.19042, 29.91302 ], [ 77.2302, 29.93945 ], [ 77.27833, 30.00002 ], [ 77.29733, 30.05289 ], [ 77.33497, 30.05355 ], [ 77.38349, 30.09126 ], [ 77.40675, 30.08773 ], [ 77.43546, 30.16379 ], [ 77.48118, 30.18402 ], [ 77.54114, 30.27606 ], [ 77.58347, 30.30717 ], [ 77.58843, 30.37763 ], [ 77.5807, 30.39477 ], [ 77.64998, 30.40079 ], [ 77.69231, 30.37221 ], [ 77.72366, 30.32657 ], [ 77.84923, 30.26768 ], [ 77.96336, 30.23889 ], [ 77.92046, 30.20752 ], [ 77.91222, 30.17609 ], [ 77.86156, 30.10938 ], [ 77.79824, 30.07666 ], [ 77.77323, 30.04218 ], [ 77.71704, 29.88078 ], [ 77.78287, 29.76153 ], [ 77.7714, 29.71394 ], [ 77.81197, 29.69822 ], [ 77.82447, 29.66816 ], [ 77.88436, 29.69869 ], [ 77.95629, 29.68323 ], [ 77.98705, 29.6572 ], [ 77.99778, 29.59245 ], [ 78.02222, 29.55555 ], [ 77.99651, 29.53769 ], [ 77.99411, 29.49313 ], [ 78.0659, 29.4018 ], [ 78.06878, 29.35901 ], [ 78.1104, 29.32358 ], [ 78.13773, 29.25328 ], [ 78.13646, 29.16516 ], [ 78.10986, 29.14004 ], [ 78.10649, 29.08333 ], [ 78.14356, 29.07881 ], [ 78.23473, 29.04075 ], [ 78.27751, 29.04827 ], [ 78.36744, 29.02924 ], [ 78.46927, 29.06614 ], [ 78.52566, 29.06967 ], [ 78.57251, 29.01697 ], [ 78.52961, 28.95499 ], [ 78.6307, 28.9226 ], [ 78.6532, 28.83643 ], [ 78.67949, 28.77433 ], [ 78.65996, 28.7408 ], [ 78.64541, 28.6675 ], [ 78.68345, 28.64561 ], [ 78.70217, 28.60764 ], [ 78.6725, 28.5228 ], [ 78.71049, 28.49313 ], [ 78.78546, 28.55522 ], [ 78.80038, 28.5322 ], [ 78.9194, 28.57701 ], [ 78.94135, 28.51691 ], [ 78.92083, 28.47937 ], [ 79.00056, 28.38471 ], [ 79.00055, 28.43142 ], [ 79.03871, 28.43809 ], [ 79.07892, 28.48294 ], [ 79.14085, 28.48981 ], [ 79.18371, 28.55691 ], [ 79.22233, 28.57239 ], [ 79.23772, 28.63711 ], [ 79.2863, 28.6802 ], [ 79.30477, 28.71873 ], [ 79.38845, 28.75723 ], [ 79.38563, 28.79388 ], [ 79.43438, 28.87222 ], [ 79.54118, 28.87424 ], [ 79.56401, 28.90368 ], [ 79.6332, 28.85941 ], [ 79.71065, 28.84772 ], [ 79.80207, 28.88312 ], [ 79.84734, 28.86977 ], [ 79.9081, 28.79935 ], [ 79.94088, 28.72002 ], [ 80.00031, 28.71089 ], [ 80.04557, 28.75525 ], [ 80.03786, 28.79372 ], [ 80.07107, 28.82946 ], [ 80.11822, 28.82885 ], [ 80.21616, 28.75543 ], [ 80.25156, 28.75743 ], [ 80.27813, 28.70982 ], [ 80.31738, 28.69989 ], [ 80.32588, 28.6702 ], [ 80.36148, 28.63525 ], [ 80.4155, 28.6393 ], [ 80.46061, 28.62168 ], [ 80.47172, 28.59063 ], [ 80.52158, 28.57726 ], [ 80.50359, 28.66527 ], [ 80.5399, 28.6907 ], [ 80.61162, 28.63936 ], [ 80.65128, 28.63397 ], [ 80.71468, 28.56794 ], [ 80.76802, 28.56568 ], [ 80.7846, 28.52934 ], [ 80.85534, 28.49717 ], [ 80.90867, 28.49764 ], [ 80.90908, 28.46169 ], [ 80.97915, 28.43441 ], [ 80.99977, 28.45407 ], [ 81.0407, 28.41169 ], [ 81.08615, 28.38298 ], [ 81.21346, 28.35834 ], [ 81.23278, 28.28905 ], [ 81.32065, 28.19733 ], [ 81.31808, 28.13362 ], [ 81.37135, 28.14245 ], [ 81.37476, 28.17702 ], [ 81.44655, 28.16096 ], [ 81.4841, 28.11832 ], [ 81.47847, 28.08261 ], [ 81.64353, 27.99389 ], [ 81.69839, 27.98827 ], [ 81.74947, 27.94776 ], [ 81.90127, 27.85373 ], [ 81.96829, 27.92902 ], [ 82.07103, 27.9227 ], [ 82.12342, 27.86509 ], [ 82.20789, 27.84334 ], [ 82.30396, 27.77267 ], [ 82.36723, 27.74272 ], [ 82.40169, 27.70293 ], [ 82.4488, 27.67876 ], [ 82.5412, 27.68577 ], [ 82.60509, 27.706 ], [ 82.70521, 27.71661 ], [ 82.75435, 27.58607 ], [ 82.73987, 27.50236 ], [ 82.92949, 27.50124 ], [ 82.95427, 27.46801 ], [ 83.03419, 27.44894 ], [ 83.16454, 27.45771 ], [ 83.27233, 27.38369 ], [ 83.29242, 27.33661 ], [ 83.3525, 27.33997 ], [ 83.40562, 27.41892 ], [ 83.38891, 27.47974 ], [ 83.615, 27.46953 ], [ 83.83001, 27.37037 ], [ 83.86282, 27.34673 ], [ 83.88783, 27.35844 ], [ 83.86743, 27.42471 ], [ 83.94552, 27.44132 ], [ 84.05208, 27.44282 ], [ 84.10865, 27.52178 ], [ 84.14892, 27.48599 ], [ 84.25421, 27.45218 ], [ 84.2949, 27.38449 ], [ 84.39184, 27.36822 ], [ 84.42425, 27.37204 ], [ 84.62044, 27.33904 ], [ 84.68967, 27.22337 ], [ 84.66605, 27.08773 ], [ 84.64278, 27.04651 ], [ 84.75675, 27.00289 ], [ 84.78266, 27.01386 ], [ 84.75945, 26.97644 ], [ 84.69905, 26.93241 ], [ 84.70561, 26.89122 ], [ 84.7421, 26.85143 ], [ 84.72162, 26.78161 ], [ 84.72726, 26.75012 ], [ 84.70138, 26.71615 ], [ 84.63477, 26.70113 ], [ 84.5259, 26.66238 ], [ 84.48137, 26.6104 ], [ 84.49119, 26.53657 ], [ 84.56347, 26.43524 ], [ 84.62175, 26.46116 ], [ 84.67977, 26.41334 ], [ 84.71287, 26.34079 ], [ 84.761, 26.30735 ], [ 84.84703, 26.21979 ], [ 84.8455, 26.20239 ], [ 84.72005, 26.18231 ], [ 84.70205, 26.13824 ], [ 84.66569, 26.11893 ], [ 84.65648, 26.08135 ], [ 84.5515, 26.0753 ], [ 84.51578, 26.04694 ], [ 84.45186, 26.03482 ], [ 84.40549, 26.04682 ], [ 84.43037, 25.96948 ], [ 84.4531, 25.96472 ], [ 84.45398, 25.88819 ], [ 84.53684, 25.87618 ], [ 84.55502, 25.83979 ], [ 84.62832, 25.79267 ], [ 84.6086, 25.75924 ], [ 84.63862, 25.72699 ], [ 84.56369, 25.735 ], [ 84.56642, 25.69829 ], [ 84.52443, 25.67633 ], [ 84.3626, 25.74205 ], [ 84.33261, 25.73167 ], [ 84.32673, 25.67041 ], [ 84.28717, 25.66006 ], [ 84.30639, 25.6209 ], [ 84.29345, 25.58112 ], [ 84.30413, 25.50789 ], [ 84.34239, 25.45125 ], [ 84.33463, 25.41596 ], [ 84.28862, 25.41501 ], [ 84.28757, 25.37731 ], [ 84.25883, 25.35496 ], [ 84.32149, 25.32153 ], [ 84.33308, 25.23495 ], [ 84.32064, 25.21332 ], [ 84.44443, 25.17947 ], [ 84.45649, 25.14799 ], [ 84.41794, 25.07417 ], [ 84.30355, 25.00989 ], [ 84.18848, 24.87051 ], [ 84.10002, 24.78802 ], [ 84.03178, 24.69359 ], [ 84.00514, 24.63597 ], [ 83.93607, 24.54734 ], [ 83.86591, 24.53668 ], [ 83.80216, 24.52879 ], [ 83.72437, 24.50426 ], [ 83.69015, 24.51484 ], [ 83.6079, 24.51244 ], [ 83.50531, 24.52831 ], [ 83.40081, 24.50025 ], [ 83.3892, 24.45474 ], [ 83.40673, 24.41124 ], [ 83.43764, 24.40298 ], [ 83.44202, 24.34675 ], [ 83.38361, 24.31368 ], [ 83.40957, 24.26535 ], [ 83.35666, 24.12592 ], [ 83.33119, 24.10083 ], [ 83.29847, 24.07358 ], [ 83.28555, 24.02403 ], [ 83.22366, 23.98896 ], [ 83.19719, 23.92072 ], [ 83.13503, 23.88964 ], [ 82.96127, 23.87226 ], [ 82.89804, 23.90395 ], [ 82.82848, 23.96421 ], [ 82.8053, 23.96097 ], [ 82.75357, 23.9171 ], [ 82.66319, 23.9051 ], [ 82.67002, 23.86864 ], [ 82.63728, 23.83506 ], [ 82.55597, 23.8261 ], [ 82.55309, 23.78811 ], [ 82.49957, 23.783 ], [ 82.47763, 23.80681 ], [ 82.396, 23.80046 ], [ 82.23932, 23.80674 ], [ 82.21249, 23.84698 ], [ 82.18196, 23.81859 ], [ 82.05321, 23.81935 ], [ 82.00857, 23.8618 ], [ 81.90779, 23.84353 ], [ 81.82516, 23.80539 ], [ 81.77487, 23.81387 ], [ 81.71053, 23.86181 ], [ 81.66947, 23.9239 ], [ 81.60695, 23.88288 ], [ 81.54383, 23.91256 ], [ 81.54812, 23.96814 ], [ 81.49826, 24.00329 ], [ 81.50548, 24.06053 ], [ 81.52821, 24.08613 ], [ 81.47379, 24.17764 ], [ 81.4941, 24.24141 ], [ 81.45679, 24.25792 ], [ 81.39008, 24.26128 ], [ 81.35212, 24.24656 ], [ 81.31226, 24.30744 ], [ 81.31066, 24.38408 ], [ 81.26583, 24.38837 ], [ 81.23767, 24.41678 ], [ 81.22514, 24.46467 ], [ 81.17248, 24.48282 ], [ 81.15844, 24.51968 ], [ 81.16661, 24.6357 ], [ 81.17757, 24.6856 ], [ 81.09238, 24.77202 ], [ 81.05554, 24.78274 ], [ 81.09717, 24.8285 ], [ 81.12478, 24.89657 ], [ 81.08481, 24.9489 ], [ 81.03533, 24.94993 ], [ 81.02401, 24.92519 ], [ 80.94942, 24.93834 ], [ 80.95073, 24.96238 ], [ 80.83982, 24.91672 ], [ 80.81108, 24.95031 ], [ 80.85361, 24.98559 ], [ 80.83366, 25.03021 ], [ 80.87908, 25.06742 ], [ 80.87345, 25.11996 ], [ 80.91406, 25.16079 ], [ 80.8508, 25.16746 ], [ 80.82711, 25.12683 ], [ 80.75932, 25.13793 ], [ 80.72744, 25.10025 ], [ 80.72282, 25.06403 ], [ 80.61255, 25.0919 ], [ 80.55469, 25.05981 ], [ 80.50922, 25.08206 ], [ 80.50471, 25.03964 ], [ 80.54874, 25.03198 ], [ 80.55172, 24.99894 ], [ 80.5012, 25.00355 ], [ 80.47662, 24.97072 ], [ 80.3942, 25.06115 ], [ 80.37611, 25.02151 ], [ 80.32237, 24.99958 ], [ 80.27556, 25.02332 ], [ 80.35335, 25.05459 ], [ 80.35694, 25.13622 ], [ 80.43359, 25.17495 ], [ 80.40587, 25.2408 ], [ 80.38551, 25.23461 ], [ 80.32288, 25.30803 ], [ 80.31772, 25.38507 ], [ 80.2801, 25.41822 ], [ 80.25586, 25.39802 ], [ 80.19928, 25.40126 ], [ 80.13551, 25.33628 ], [ 80.10453, 25.3472 ], [ 80.14131, 25.41096 ], [ 80.13972, 25.45653 ], [ 80.19426, 25.46599 ], [ 80.08771, 25.51225 ], [ 80.06041, 25.54995 ], [ 80.0201, 25.53825 ], [ 79.97552, 25.59497 ], [ 79.91417, 25.59676 ], [ 79.86669, 25.56956 ], [ 79.82767, 25.59156 ], [ 79.74388, 25.54688 ], [ 79.71452, 25.56661 ], [ 79.6604, 25.54193 ], [ 79.64271, 25.48437 ], [ 79.60455, 25.49615 ], [ 79.53544, 25.48335 ], [ 79.3894, 25.52202 ], [ 79.41077, 25.54533 ], [ 79.36199, 25.64663 ], [ 79.38597, 25.68852 ], [ 79.37592, 25.74644 ], [ 79.39836, 25.79637 ], [ 79.44509, 25.78827 ], [ 79.46021, 25.82406 ], [ 79.50837, 25.85651 ], [ 79.53794, 25.82197 ], [ 79.61359, 25.89843 ], [ 79.61114, 25.92888 ], [ 79.69921, 25.94552 ], [ 79.73463, 25.92294 ], [ 79.82109, 25.89726 ], [ 79.86709, 25.93579 ], [ 79.85114, 25.97168 ], [ 79.91261, 25.97021 ], [ 79.95478, 26.00701 ], [ 79.94681, 26.05745 ], [ 79.92191, 26.09093 ], [ 79.86842, 26.11461 ], [ 79.83937, 26.10114 ], [ 79.78724, 26.10855 ], [ 79.74601, 26.14453 ], [ 79.7306, 26.18432 ], [ 79.65895, 26.20834 ], [ 79.65258, 26.24243 ], [ 79.5495, 26.27533 ], [ 79.52668, 26.34268 ], [ 79.50408, 26.36388 ], [ 79.56305, 26.40959 ], [ 79.59949, 26.48051 ], [ 79.63978, 26.5081 ], [ 79.64277, 26.60628 ], [ 79.67493, 26.61454 ], [ 79.72357, 26.66562 ], [ 79.72176, 26.75106 ], [ 79.75952, 26.7834 ], [ 79.72652, 26.80221 ], [ 79.66567, 26.86524 ], [ 79.61118, 26.89219 ], [ 79.56092, 26.86073 ], [ 79.4605, 26.90317 ], [ 79.4521, 26.92864 ], [ 79.33782, 26.93835 ], [ 79.32755, 26.96045 ], [ 79.30736, 26.98194 ], [ 79.19763, 26.97521 ], [ 79.1932, 27.00057 ], [ 79.08041, 26.99814 ], [ 79.0303, 26.96922 ], [ 78.97524, 26.98252 ], [ 78.83102, 26.98236 ], [ 78.77081, 26.94273 ], [ 78.74901, 26.91393 ], [ 78.78354, 26.86494 ], [ 78.81111, 26.86857 ], [ 78.85204, 26.80949 ], [ 78.7943, 26.79756 ], [ 78.77988, 26.75847 ], [ 78.74937, 26.78729 ], [ 78.68502, 26.78799 ], [ 78.57767, 26.74897 ], [ 78.54845, 26.76443 ], [ 78.4598, 26.79231 ], [ 78.43493, 26.82656 ], [ 78.39207, 26.82084 ], [ 78.37138, 26.86548 ], [ 78.30371, 26.86254 ], [ 78.26455, 26.81455 ], [ 78.2188, 26.8305 ], [ 78.18216, 26.82685 ], [ 78.18495, 26.78577 ], [ 78.11241, 26.79487 ], [ 78.09672, 26.681 ], [ 78.00081, 26.69699 ], [ 77.94842, 26.65708 ] ] ] } },
{ "type": "Feature", "properties": { "state": "Uttarakhand" }, "geometry": { "type": "Polygon", "coordinates": [ [ [ 78.80038, 28.5322 ], [ 78.78546, 28.55522 ], [ 78.71049, 28.49313 ], [ 78.6725, 28.5228 ], [ 78.70217, 28.60764 ], [ 78.68345, 28.64561 ], [ 78.64541, 28.6675 ], [ 78.65996, 28.7408 ], [ 78.67949, 28.77433 ], [ 78.6532, 28.83643 ], [ 78.6307, 28.9226 ], [ 78.52961, 28.95499 ], [ 78.57251, 29.01697 ], [ 78.52566, 29.06967 ], [ 78.46927, 29.06614 ], [ 78.36744, 29.02924 ], [ 78.27751, 29.04827 ], [ 78.23473, 29.04075 ], [ 78.14356, 29.07881 ], [ 78.10649, 29.08333 ], [ 78.10986, 29.14004 ], [ 78.13646, 29.16516 ], [ 78.13773, 29.25328 ], [ 78.1104, 29.32358 ], [ 78.06878, 29.35901 ], [ 78.0659, 29.4018 ], [ 77.99411, 29.49313 ], [ 77.99651, 29.53769 ], [ 78.02222, 29.55555 ], [ 77.99778, 29.59245 ], [ 77.98705, 29.6572 ], [ 77.95629, 29.68323 ], [ 77.88436, 29.69869 ], [ 77.82447, 29.66816 ], [ 77.81197, 29.69822 ], [ 77.7714, 29.71394 ], [ 77.78287, 29.76153 ], [ 77.71704, 29.88078 ], [ 77.77323, 30.04218 ], [ 77.79824, 30.07666 ], [ 77.86156, 30.10938 ], [ 77.91222, 30.17609 ], [ 77.92046, 30.20752 ], [ 77.96336, 30.23889 ], [ 77.84923, 30.26768 ], [ 77.72366, 30.32657 ], [ 77.69231, 30.37221 ], [ 77.64998, 30.40079 ], [ 77.5807, 30.39477 ], [ 77.59535, 30.42353 ], [ 77.69249, 30.44435 ], [ 77.78916, 30.49773 ], [ 77.82079, 30.50478 ], [ 77.82006, 30.55747 ], [ 77.77542, 30.55458 ], [ 77.75859, 30.58237 ], [ 77.78912, 30.63863 ], [ 77.74964, 30.67649 ], [ 77.75817, 30.70327 ], [ 77.70911, 30.75931 ], [ 77.76318, 30.82247 ], [ 77.76467, 30.87647 ], [ 77.80065, 30.86436 ], [ 77.80697, 30.91995 ], [ 77.76755, 30.91666 ], [ 77.77459, 30.97074 ], [ 77.80893, 30.95426 ], [ 77.84418, 30.99077 ], [ 77.81807, 31.04712 ], [ 77.85213, 31.07056 ], [ 77.9023, 31.14621 ], [ 77.9702, 31.16914 ], [ 78.02209, 31.1472 ], [ 78.04346, 31.17486 ], [ 78.10476, 31.18164 ], [ 78.16104, 31.22157 ], [ 78.24366, 31.22553 ], [ 78.31338, 31.27927 ], [ 78.37219, 31.28251 ], [ 78.4093, 31.25259 ], [ 78.4639, 31.23265 ], [ 78.50078, 31.1944 ], [ 78.58826, 31.21855 ], [ 78.74938, 31.1839 ], [ 78.79831, 31.19293 ], [ 78.83183, 31.13699 ], [ 78.89174, 31.09306 ], [ 78.99901, 31.10623 ], [ 78.98517, 31.17183 ], [ 78.92312, 31.22111 ], [ 78.92267, 31.25333 ], [ 78.96512, 31.32228 ], [ 79.01811, 31.34386 ], [ 79.01815, 31.41975 ], [ 79.09815, 31.44788 ], [ 79.14131, 31.42969 ], [ 79.17048, 31.39269 ], [ 79.16942, 31.3571 ], [ 79.21467, 31.34584 ], [ 79.22462, 31.2594 ], [ 79.30253, 31.21603 ], [ 79.31216, 31.15036 ], [ 79.33076, 31.12908 ], [ 79.41659, 31.10304 ], [ 79.41961, 31.08063 ], [ 79.42938, 31.01961 ], [ 79.47428, 31.03101 ], [ 79.51076, 31.01126 ], [ 79.55558, 30.9536 ], [ 79.60302, 30.93695 ], [ 79.66743, 30.96435 ], [ 79.73841, 30.97755 ], [ 79.75497, 31.00267 ], [ 79.81767, 30.96838 ], [ 79.87682, 30.96277 ], [ 79.89064, 30.91394 ], [ 79.93175, 30.87763 ], [ 80.01082, 30.87073 ], [ 80.10207, 30.78982 ], [ 80.11516, 30.77726 ], [ 80.18176, 30.80598 ], [ 80.20238, 30.76092 ], [ 80.24046, 30.75881 ], [ 80.2515, 30.71656 ], [ 80.19489, 30.66328 ], [ 80.22185, 30.63937 ], [ 80.21088, 30.58512 ], [ 80.25626, 30.56145 ], [ 80.31734, 30.56125 ], [ 80.34771, 30.51699 ], [ 80.41185, 30.52162 ], [ 80.46761, 30.48692 ], [ 80.49934, 30.48393 ], [ 80.54163, 30.44498 ], [ 80.60699, 30.4671 ], [ 80.69032, 30.41024 ], [ 80.7346, 30.39652 ], [ 80.78591, 30.34164 ], [ 80.83395, 30.30967 ], [ 81.022508, 30.246205 ], [ 81.028689, 30.195371 ], [ 80.940158, 30.17975 ], [ 80.91022, 30.22325 ], [ 80.86218, 30.16951 ], [ 80.87762, 30.12852 ], [ 80.80566, 30.08949 ], [ 80.73815, 29.99951 ], [ 80.67417, 29.95718 ], [ 80.59546, 29.95304 ], [ 80.54859, 29.85009 ], [ 80.49343, 29.79554 ], [ 80.40698, 29.79445 ], [ 80.36813, 29.75065 ], [ 80.38459, 29.67441 ], [ 80.41663, 29.65097 ], [ 80.40808, 29.59539 ], [ 80.34136, 29.50998 ], [ 80.29977, 29.49061 ], [ 80.24354, 29.44129 ], [ 80.2423, 29.41165 ], [ 80.31853, 29.30196 ], [ 80.30475, 29.28484 ], [ 80.29797, 29.2055 ], [ 80.26324, 29.20574 ], [ 80.27382, 29.14506 ], [ 80.23227, 29.11714 ], [ 80.18369, 29.13674 ], [ 80.14447, 29.10304 ], [ 80.12691, 29.00607 ], [ 80.07693, 28.94495 ], [ 80.05858, 28.91645 ], [ 80.07107, 28.82946 ], [ 80.03786, 28.79372 ], [ 80.04557, 28.75525 ], [ 80.00031, 28.71089 ], [ 79.94088, 28.72002 ], [ 79.9081, 28.79935 ], [ 79.84734, 28.86977 ], [ 79.80207, 28.88312 ], [ 79.71065, 28.84772 ], [ 79.6332, 28.85941 ], [ 79.56401, 28.90368 ], [ 79.54118, 28.87424 ], [ 79.43438, 28.87222 ], [ 79.38563, 28.79388 ], [ 79.38845, 28.75723 ], [ 79.30477, 28.71873 ], [ 79.2863, 28.6802 ], [ 79.23772, 28.63711 ], [ 79.22233, 28.57239 ], [ 79.18371, 28.55691 ], [ 79.14085, 28.48981 ], [ 79.07892, 28.48294 ], [ 79.03871, 28.43809 ], [ 79.00055, 28.43142 ], [ 79.00056, 28.38471 ], [ 78.92083, 28.47937 ], [ 78.94135, 28.51691 ], [ 78.9194, 28.57701 ], [ 78.80038, 28.5322 ] ] ] } },
{ "type": "Feature", "properties": { "state": "West Bengal" }, "geometry": { "type": "MultiPolygon", "coordinates": [ [ [ [ 88.04931, 21.91189 ], [ 87.92562, 21.79977 ], [ 87.8932, 21.79425 ], [ 87.83725, 21.71813 ], [ 87.6761, 21.65302 ], [ 87.64419, 21.65176 ], [ 87.48681, 21.61122 ], [ 87.46233, 21.65051 ], [ 87.47451, 21.71265 ], [ 87.44301, 21.76973 ], [ 87.3773, 21.77178 ], [ 87.35592, 21.79106 ], [ 87.28453, 21.80446 ], [ 87.23879, 21.90073 ], [ 87.25478, 21.92703 ], [ 87.23275, 21.96112 ], [ 87.2297, 21.96213 ], [ 87.22948, 21.96174 ], [ 87.16463, 21.96746 ], [ 87.16399, 21.93899 ], [ 87.09769, 21.913 ], [ 87.09877, 21.86553 ], [ 87.03445, 21.87048 ], [ 87.0022, 21.91259 ], [ 87.03854, 21.99414 ], [ 87.02201, 22.04598 ], [ 86.96157, 22.08816 ], [ 86.85233, 22.10307 ], [ 86.81072, 22.11886 ], [ 86.79485, 22.15858 ], [ 86.72004, 22.14812 ], [ 86.7274, 22.21977 ], [ 86.80463, 22.21817 ], [ 86.82486, 22.26507 ], [ 86.89012, 22.25661 ], [ 86.89009, 22.29993 ], [ 86.83371, 22.32895 ], [ 86.84327, 22.4056 ], [ 86.76852, 22.42707 ], [ 86.74978, 22.47464 ], [ 86.80321, 22.5029 ], [ 86.76065, 22.57821 ], [ 86.65646, 22.5797 ], [ 86.6391, 22.60113 ], [ 86.64108, 22.65939 ], [ 86.56, 22.71156 ], [ 86.61181, 22.79933 ], [ 86.61964, 22.82606 ], [ 86.70409, 22.87256 ], [ 86.69196, 22.93008 ], [ 86.73286, 23.02595 ], [ 86.74458, 23.09479 ], [ 86.71572, 23.12188 ], [ 86.77426, 23.2313 ], [ 86.78341, 23.34212 ], [ 86.84158, 23.38266 ], [ 86.84882, 23.44279 ], [ 86.87439, 23.49754 ], [ 86.88699, 23.62669 ], [ 86.89897, 23.6404 ], [ 86.8497, 23.67883 ], [ 86.8007, 23.69578 ], [ 86.82481, 23.76329 ], [ 86.79936, 23.8329 ], [ 86.85089, 23.82339 ], [ 86.90145, 23.88143 ], [ 86.94816, 23.845 ], [ 86.96799, 23.8669 ], [ 87.08931, 23.80749 ], [ 87.15836, 23.80071 ], [ 87.17117, 23.82182 ], [ 87.14059, 23.87031 ], [ 87.22717, 23.85984 ], [ 87.29722, 23.89232 ], [ 87.29649, 23.95779 ], [ 87.26424, 23.97198 ], [ 87.23744, 24.02656 ], [ 87.24836, 24.0441 ], [ 87.32006, 24.00645 ], [ 87.39434, 24.00401 ], [ 87.44363, 23.98022 ], [ 87.50644, 24.03019 ], [ 87.50114, 24.11773 ], [ 87.57465, 24.08959 ], [ 87.58424, 24.16343 ], [ 87.69394, 24.15176 ], [ 87.6462, 24.25166 ], [ 87.68578, 24.24825 ], [ 87.76066, 24.30534 ], [ 87.8019, 24.38385 ], [ 87.79254, 24.43371 ], [ 87.82228, 24.47003 ], [ 87.80207, 24.52614 ], [ 87.82899, 24.56095 ], [ 87.89175, 24.56419 ], [ 87.95021, 24.51656 ], [ 87.97395, 24.47035 ], [ 87.97788, 24.4154 ], [ 87.96189, 24.33985 ], [ 88.01461, 24.31438 ], [ 88.02314, 24.24344 ], [ 87.99545, 24.243 ], [ 87.98599, 24.19454 ], [ 87.93666, 24.1777 ], [ 87.90016, 24.14605 ], [ 87.90961, 24.09914 ], [ 87.8752, 24.01681 ], [ 87.86897, 23.91747 ], [ 87.85449, 23.8867 ], [ 87.89465, 23.83632 ], [ 87.92607, 23.84041 ], [ 87.96552, 23.80366 ], [ 87.98015, 23.84122 ], [ 88.02457, 23.82488 ], [ 88.03603, 23.75919 ], [ 88.06136, 23.72082 ], [ 88.09355, 23.75138 ], [ 88.14425, 23.73012 ], [ 88.19703, 23.76513 ], [ 88.27118, 23.81015 ], [ 88.33926, 23.80702 ], [ 88.41009, 23.8182 ], [ 88.48378, 23.90521 ], [ 88.46985, 23.938 ], [ 88.52154, 23.94803 ], [ 88.51285, 23.98356 ], [ 88.58412, 24.0285 ], [ 88.62914, 23.98454 ], [ 88.65309, 24.06975 ], [ 88.70469, 24.09936 ], [ 88.73941, 24.03254 ], [ 88.7269, 24.00197 ], [ 88.73139, 23.92265 ], [ 88.70729, 23.91797 ], [ 88.65045, 23.86977 ], [ 88.58708, 23.87298 ], [ 88.59033, 23.80011 ], [ 88.5593, 23.71165 ], [ 88.60602, 23.59855 ], [ 88.63063, 23.60708 ], [ 88.65205, 23.55525 ], [ 88.75501, 23.47689 ], [ 88.75786, 23.38388 ], [ 88.70697, 23.29137 ], [ 88.71867, 23.25533 ], [ 88.75232, 23.23976 ], [ 88.77793, 23.21973 ], [ 88.90919, 23.2332 ], [ 88.94229, 23.20439 ], [ 88.92964, 23.14694 ], [ 88.869, 23.10157 ], [ 88.87877, 23.00981 ], [ 88.85498, 22.95622 ], [ 88.8903, 22.92742 ], [ 88.90964, 22.87781 ], [ 88.94796, 22.87498 ], [ 88.96287, 22.81848 ], [ 88.91384, 22.7604 ], [ 88.92652, 22.71732 ], [ 88.96033, 22.69384 ], [ 88.92455, 22.65676 ], [ 88.94, 22.55809 ], [ 88.96193, 22.54915 ], [ 88.99015, 22.44491 ], [ 88.98464, 22.32769 ], [ 89.02512, 22.29682 ], [ 89.03784, 22.23291 ], [ 89.0696, 22.18205 ], [ 89.08894, 22.14014 ], [ 89.04436, 22.09142 ], [ 89.07648, 22.0277 ], [ 89.08336, 21.95194 ], [ 89.02409, 21.89776 ], [ 89.04357, 21.83672 ], [ 89.03058, 21.7869 ], [ 89.0825, 21.73071 ], [ 89.12079, 21.66089 ], [ 89.06313, 21.62199 ], [ 88.99902, 21.60507 ], [ 88.94579, 21.63938 ], [ 88.88553, 21.65781 ], [ 88.84518, 21.62686 ], [ 88.898316, 21.557306 ], [ 88.843454, 21.558263 ], [ 88.831652, 21.598558 ], [ 88.73304, 21.57677 ], [ 88.66401, 21.59523 ], [ 88.59442, 21.5941 ], [ 88.50525, 21.54193 ], [ 88.48496, 21.58513 ], [ 88.52229, 21.63054 ], [ 88.38497, 21.63336 ], [ 88.37948, 21.68248 ], [ 88.34366, 21.66603 ], [ 88.34642, 21.63113 ], [ 88.29609, 21.56362 ], [ 88.200584, 21.573902 ], [ 88.158758, 21.520035 ], [ 88.071938, 21.507361 ], [ 88.000961, 21.524471 ], [ 87.944559, 21.562495 ], [ 87.953431, 21.656286 ], [ 88.012368, 21.745641 ], [ 88.06706, 21.91007 ], [ 88.04931, 21.91189 ] ] ], [ [ [ 87.77763, 25.10003 ], [ 87.77603, 25.15315 ], [ 87.79268, 25.22132 ], [ 87.82778, 25.23516 ], [ 87.8564, 25.26985 ], [ 87.83623, 25.30292 ], [ 87.78676, 25.33912 ], [ 87.76777, 25.38968 ], [ 87.79176, 25.44932 ], [ 87.86865, 25.46601 ], [ 87.93122, 25.53679 ], [ 87.96077, 25.53864 ], [ 88.00929, 25.49467 ], [ 88.0754, 25.48115 ], [ 88.07386, 25.51367 ], [ 88.03214, 25.55385 ], [ 88.04099, 25.6415 ], [ 88.05602, 25.68628 ], [ 87.96632, 25.72512 ], [ 87.90638, 25.7807 ], [ 87.91641, 25.85208 ], [ 87.82663, 25.87761 ], [ 87.81265, 25.93018 ], [ 87.82958, 25.94669 ], [ 87.81258, 25.98966 ], [ 87.83621, 26.0227 ], [ 87.86304, 26.09662 ], [ 87.70058, 26.14116 ], [ 87.67945, 26.12958 ], [ 87.67041, 26.15919 ], [ 87.67578, 26.23966 ], [ 87.6406, 26.29476 ], [ 87.64203, 26.33411 ], [ 87.60315, 26.34518 ], [ 87.58713, 26.38221 ], [ 87.65184, 26.39358 ], [ 87.71115, 26.42744 ], [ 87.73367, 26.40787 ], [ 87.77473, 26.42469 ], [ 87.79294, 26.46892 ], [ 87.84865, 26.43657 ], [ 87.86349, 26.46806 ], [ 87.90003, 26.47756 ], [ 87.93119, 26.41838 ], [ 87.99162, 26.39264 ], [ 88.03462, 26.39184 ], [ 88.09615, 26.4321 ], [ 88.09086, 26.50386 ], [ 88.1024, 26.542 ], [ 88.14059, 26.62025 ], [ 88.1654, 26.64049 ], [ 88.16716, 26.69965 ], [ 88.18954, 26.76062 ], [ 88.16755, 26.83778 ], [ 88.17352, 26.86554 ], [ 88.13638, 26.89876 ], [ 88.11027, 26.99167 ], [ 88.07763, 27.03539 ], [ 88.03764, 27.03666 ], [ 87.99503, 27.10354 ], [ 88.01889, 27.2251 ], [ 88.06518, 27.21354 ], [ 88.09952, 27.13597 ], [ 88.16219, 27.11184 ], [ 88.18575, 27.13444 ], [ 88.2392, 27.11952 ], [ 88.28479, 27.1306 ], [ 88.437996, 27.081712 ], [ 88.52818, 27.15017 ], [ 88.52725, 27.178 ], [ 88.59792, 27.1943 ], [ 88.66593, 27.16208 ], [ 88.69074, 27.18009 ], [ 88.73879, 27.13724 ], [ 88.75792, 27.14811 ], [ 88.87597, 27.10865 ], [ 88.88466, 27.04104 ], [ 88.87802, 26.96461 ], [ 88.92486, 26.99617 ], [ 88.95438, 26.9761 ], [ 88.94916, 26.93675 ], [ 88.9769, 26.92051 ], [ 89.03059, 26.94027 ], [ 89.05205, 26.90366 ], [ 89.09137, 26.89736 ], [ 89.117097, 26.825018 ], [ 89.13443, 26.80923 ], [ 89.25986, 26.81668 ], [ 89.38236, 26.86633 ], [ 89.39467, 26.84189 ], [ 89.45432, 26.8339 ], [ 89.46432, 26.80631 ], [ 89.53337, 26.81904 ], [ 89.64202, 26.78294 ], [ 89.64736, 26.74752 ], [ 89.70797, 26.73717 ], [ 89.78149, 26.69936 ], [ 89.81177, 26.71506 ], [ 89.86141, 26.70382 ], [ 89.87587, 26.68357 ], [ 89.88157, 26.6131 ], [ 89.8663, 26.57794 ], [ 89.85806, 26.42874 ], [ 89.83741, 26.4124 ], [ 89.83113, 26.36678 ], [ 89.72754, 26.29491 ], [ 89.708366, 26.187755 ], [ 89.68737, 26.22614 ], [ 89.6285, 26.22542 ], [ 89.65676, 26.17714 ], [ 89.59606, 26.16234 ], [ 89.60671, 26.08774 ], [ 89.6302, 26.06395 ], [ 89.54106, 26.00733 ], [ 89.45825, 26.00116 ], [ 89.43374, 26.03858 ], [ 89.35847, 26.0106 ], [ 89.28395, 26.06419 ], [ 89.23015, 26.1249 ], [ 89.15623, 26.14141 ], [ 89.13825, 26.18622 ], [ 89.14342, 26.23757 ], [ 89.1117, 26.27447 ], [ 89.13725, 26.32286 ], [ 89.10283, 26.33726 ], [ 89.0878, 26.39962 ], [ 89.03887, 26.40162 ], [ 88.96702, 26.4588 ], [ 88.90607, 26.38025 ], [ 88.97337, 26.34837 ], [ 88.97922, 26.30883 ], [ 89.04544, 26.27381 ], [ 89.03385, 26.24782 ], [ 88.95694, 26.24047 ], [ 88.93038, 26.28023 ], [ 88.87987, 26.28823 ], [ 88.86, 26.23365 ], [ 88.8148, 26.25727 ], [ 88.82031, 26.29396 ], [ 88.7583, 26.30704 ], [ 88.7471, 26.34759 ], [ 88.70531, 26.34253 ], [ 88.68722, 26.40624 ], [ 88.63075, 26.43631 ], [ 88.62376, 26.47247 ], [ 88.56538, 26.45898 ], [ 88.52142, 26.51253 ], [ 88.47607, 26.5461 ], [ 88.43274, 26.55062 ], [ 88.41434, 26.63517 ], [ 88.37609, 26.59793 ], [ 88.33539, 26.49597 ], [ 88.36169, 26.4537 ], [ 88.39344, 26.48824 ], [ 88.47934, 26.47034 ], [ 88.5205, 26.39054 ], [ 88.51191, 26.36507 ], [ 88.44435, 26.36443 ], [ 88.34827, 26.28313 ], [ 88.34879, 26.22315 ], [ 88.17485, 26.14977 ], [ 88.15678, 26.09775 ], [ 88.17282, 26.02409 ], [ 88.13605, 26.01409 ], [ 88.11165, 25.96104 ], [ 88.09927, 25.89835 ], [ 88.09923, 25.82933 ], [ 88.14262, 25.79169 ], [ 88.2367, 25.81026 ], [ 88.26419, 25.78095 ], [ 88.37095, 25.71434 ], [ 88.40206, 25.67069 ], [ 88.45219, 25.66287 ], [ 88.44724, 25.59535 ], [ 88.5382, 25.51705 ], [ 88.62158, 25.49584 ], [ 88.64453, 25.47649 ], [ 88.70009, 25.47007 ], [ 88.71734, 25.4982 ], [ 88.7624, 25.49361 ], [ 88.8063, 25.51797 ], [ 88.83622, 25.45506 ], [ 88.82278, 25.39985 ], [ 88.83656, 25.36789 ], [ 88.8828, 25.32425 ], [ 88.9839, 25.27326 ], [ 88.9499, 25.2474 ], [ 88.93261, 25.18266 ], [ 88.89054, 25.186 ], [ 88.84345, 25.21573 ], [ 88.80253, 25.17224 ], [ 88.75602, 25.18085 ], [ 88.71882, 25.20727 ], [ 88.61428, 25.20697 ], [ 88.57801, 25.17923 ], [ 88.49988, 25.21162 ], [ 88.44342, 25.19754 ], [ 88.46003, 25.15895 ], [ 88.43955, 25.11784 ], [ 88.44828, 25.06484 ], [ 88.40144, 24.9509 ], [ 88.36342, 24.94904 ], [ 88.32408, 24.91657 ], [ 88.33289, 24.87099 ], [ 88.26546, 24.89482 ], [ 88.2251, 24.96145 ], [ 88.16985, 24.95169 ], [ 88.13868, 24.91281 ], [ 88.16491, 24.86168 ], [ 88.10954, 24.81311 ], [ 88.0642, 24.75057 ], [ 88.05776, 24.71887 ], [ 88.00777, 24.66664 ], [ 87.96478, 24.68113 ], [ 87.96992, 24.75704 ], [ 87.90163, 24.85554 ], [ 87.97109, 24.88247 ], [ 87.97459, 24.9247 ], [ 87.86916, 25.04085 ], [ 87.7978, 25.07669 ], [ 87.77763, 25.10003 ] ] ] ] } }
]
}
