rank,district,state,risk_score,dominant_hazard,dominant_hazard_score,explanation,recommendation,population_at_risk,children_under5_at_risk,adaptive_capacity,wash_sanitation_pct,wash_disruption_days
1,Araria,Bihar,9.3,flood,4.8,High flood hazard (4.8) compounded by poor sanitation (32%) and high population (4.0M).,Upgrade to flood-resilient sealed sanitation (DEWATS/sealed septic); protect water sources from contamination.,4009040,521176,0.614,32.2,87.0
2,Puducherry,Puducherry,9.11,wet-bulb heat,9.11,High wet-bulb heat hazard (9.1).,Stock cooling equipment at PHCs; community wet-bulb awareness campaigns.,870620,60943,0.939,84.6,127.7
3,Chengalputtu,Tamil Nadu,9.01,flood,5.33,High flood hazard (5.3) compounded by poor water access (0%) and poor sanitation (0%).,Protect water infrastructure from flood damage; deploy emergency tanker supply protocol.,8808855,616620,0.0,0.0,133.9
4,Sheohar,Bihar,8.63,flood,4.33,High flood hazard (4.3) compounded by poor sanitation (58%) and high population (1.2M).,Upgrade to flood-resilient sealed sanitation (DEWATS/sealed septic); protect water sources from contamination.,1160057,150807,0.705,57.9,89.1
5,Supaul,Bihar,8.52,flood,4.49,High flood hazard (4.5) compounded by poor sanitation (51%) and high population (4.8M).,Upgrade to flood-resilient sealed sanitation (DEWATS/sealed septic); protect water sources from contamination.,4758613,618620,0.679,50.7,83.6
6,Sitamarhi,Bihar,8.51,flood,4.4,High flood hazard (4.4) compounded by poor sanitation (51%) and high population (5.6M).,Upgrade to flood-resilient sealed sanitation (DEWATS/sealed septic); protect water sources from contamination.,5557567,722483,0.666,50.7,85.0
7,Purnia,Bihar,8.16,flood,4.86,High flood hazard (4.9) compounded by poor sanitation (36%) and high population (6.3M).,Upgrade to flood-resilient sealed sanitation (DEWATS/sealed septic); protect water sources from contamination.,6338322,752138,0.637,35.6,88.0
8,South Salmara-Mankachar,Assam,8.05,flood,5.25,High flood hazard (5.2) compounded by poor sanitation (59%) and low adaptive capacity.,Upgrade to flood-resilient sealed sanitation (DEWATS/sealed septic); protect water sources from contamination.,932269,88566,0.734,59.0,77.3
9,Leh(Ladakh),Ladakh,7.99,cold wave,7.85,High cold wave hazard (7.8) compounded by poor water access (0%) and poor sanitation (0%).,Night shelters; blanket distribution; hot meal programmes; protect water pipes from freezing.,395934,33491,0.0,0.0,0.0
10,Madhepura,Bihar,7.94,flood,4.02,High flood hazard (4.0) compounded by poor sanitation (35%) and high population (3.9M).,Upgrade to flood-resilient sealed sanitation (DEWATS/sealed septic); protect water sources from contamination.,3895770,506449,0.638,34.6,80.7
11,Purba Champaran,Bihar,7.82,flood,4.24,High flood hazard (4.2) compounded by poor sanitation (48%) and high population (7.3M).,Upgrade to flood-resilient sealed sanitation (DEWATS/sealed septic); protect water sources from contamination.,7339816,954176,0.655,48.3,84.5
12,Kendrapara,Odisha,7.81,wet-bulb heat,5.53,High wet-bulb heat hazard (5.5) compounded by poor sanitation (57%) and high population (2.4M).,Restrict outdoor labour on high wet-bulb days; mobile health units; community awareness.,2434983,206973,0.82,57.3,128.7
13,Nagapattinam,Tamil Nadu,7.78,wet-bulb heat,5.42,High wet-bulb heat hazard (5.4).,Stock cooling equipment at PHCs; community wet-bulb awareness campaigns.,739906,51793,0.897,69.6,124.5
14,DATA NOT AVAILABLE,Jammu And Kashmir,7.73,cold wave,7.68,High cold wave hazard (7.7) compounded by poor water access (0%) and poor sanitation (0%).,Night shelters; blanket distribution; hot meal programmes; protect water pipes from freezing.,4209639,399801,0.131,0.0,0.0
15,Katihar,Bihar,7.68,flood,4.73,High flood hazard (4.7) compounded by poor sanitation (45%) and high population (4.9M).,Upgrade to flood-resilient sealed sanitation (DEWATS/sealed septic); protect water sources from contamination.,4934022,550564,0.666,44.6,87.6
16,Madhubani,Bihar,7.59,flood,4.04,High flood hazard (4.0) compounded by poor sanitation (38%) and high population (6.0M).,Upgrade to flood-resilient sealed sanitation (DEWATS/sealed septic); protect water sources from contamination.,6018867,782456,0.657,38.2,86.9
17,Jagatsinghapur,Odisha,7.58,wet-bulb heat,5.77,High wet-bulb heat hazard (5.8) compounded by poor sanitation (60%) and high population (1.3M).,Restrict outdoor labour on high wet-bulb days; mobile health units; community awareness.,1345402,114359,0.828,60.1,125.1
18,Ahmadabad,Gujarat,7.5,flood,5.85,High flood hazard (5.8) compounded by high population (9.7M) and low adaptive capacity.,Prioritise flood early warning for dense settlements; child-safe evacuation points.,9659132,821027,0.0,86.4,59.1
19,Kargil,Jammu And Kashmir,7.42,cold wave,7.42,High cold wave hazard (7.4) compounded by poor sanitation (42%) and poor water access (90%).,Night shelters; blanket distribution; hot meal programmes; protect water pipes from freezing.,342100,32023,0.773,42.3,0.0
20,Diu,Gujarat,7.31,flood,4.11,High flood hazard (4.1).,Strengthen drainage + emergency WASH response capacity; pre-position ORS and water purification supplies.,125575,10674,0.925,89.7,3.6
21,North Twenty Four Parganas,West Bengal,7.25,wet-bulb heat,6.74,High wet-bulb heat hazard (6.7) compounded by high population (10.4M).,Restrict outdoor labour during high wet-bulb days; deploy mobile health units with IV fluids.,10429398,834353,0.892,80.4,118.4
22,Hardwar,Uttarakhand,7.15,flood,5.65,High flood hazard (5.7) compounded by high population (3.2M) and low adaptive capacity.,Prioritise flood early warning for dense settlements; child-safe evacuation points.,3195671,294033,0.0,69.8,54.2
23,Thiruvarur,Tamil Nadu,7.15,wet-bulb heat,5.52,High wet-bulb heat hazard (5.5) compounded by high population (2.3M).,Restrict outdoor labour during high wet-bulb days; deploy mobile health units with IV fluids.,2262254,158358,0.903,71.0,136.9
24,Lahul & Spiti,Himachal Pradesh,7.08,cold wave,6.94,High cold wave hazard (6.9) compounded by poor sanitation (62%) and poor water access (89%).,Night shelters; blanket distribution; hot meal programmes; protect water pipes from freezing.,412170,28855,0.83,61.7,0.2
25,Puri,Odisha,7.06,wet-bulb heat,5.49,High wet-bulb heat hazard (5.5) compounded by high population (2.8M).,Restrict outdoor labour during high wet-bulb days; deploy mobile health units with IV fluids.,2838292,241255,0.847,67.3,124.5
26,Kancheepuram,Tamil Nadu,6.89,wet-bulb heat,4.9,High wet-bulb heat hazard (4.9) compounded by high population (3.0M).,Restrict outdoor labour during high wet-bulb days; deploy mobile health units with IV fluids.,3009273,210650,0.905,75.9,128.9
27,Mayiladuthurai,Puducherry,6.86,wet-bulb heat,6.57,High wet-bulb heat hazard (6.6) compounded by poor water access (0%) and poor sanitation (0%).,Restrict outdoor labour on high wet-bulb days; mobile health units; community awareness.,1242338,86964,0.0,0.0,133.0
28,Bhadrak,Odisha,6.86,wet-bulb heat,4.63,High wet-bulb heat hazard (4.6) compounded by poor sanitation (62%) and high population (2.0M).,Restrict outdoor labour on high wet-bulb days; mobile health units; community awareness.,2033927,172885,0.823,62.0,119.0
29,Baleshwar,Odisha,6.82,wet-bulb heat,5.13,High wet-bulb heat hazard (5.1) compounded by high population (3.4M).,Restrict outdoor labour during high wet-bulb days; deploy mobile health units with IV fluids.,3384074,287646,0.834,70.9,116.3
30,Porbandar,Gujarat,6.73,flood,4.49,High flood hazard (4.5).,Strengthen drainage + emergency WASH response capacity; pre-position ORS and water purification supplies.,758743,64493,0.905,85.7,79.6
31,Thiruvallur,Andhra Pradesh,6.72,wet-bulb heat,4.77,High wet-bulb heat hazard (4.8) compounded by high population (4.9M).,Restrict outdoor labour during high wet-bulb days; deploy mobile health units with IV fluids.,4947587,347351,0.906,75.6,134.6
32,Barpeta,Assam,6.72,flood,5.04,High flood hazard (5.0) compounded by poor sanitation (64%) and high population (2.7M).,Upgrade to flood-resilient sealed sanitation (DEWATS/sealed septic); protect water sources from contamination.,2719746,258376,0.796,63.7,43.3
33,Surat,Gujarat,6.69,flood,4.51,High flood hazard (4.5) compounded by high population (9.5M).,Prioritise flood early warning for dense settlements; child-safe evacuation points.,9462108,804278,0.898,82.0,93.4
34,Dohad,Madhya Pradesh,6.69,flood,5.2,High flood hazard (5.2) compounded by poor sanitation (36%) and poor water access (91%).,Upgrade to flood-resilient sealed sanitation (DEWATS/sealed septic); protect water sources from contamination.,3050315,315895,0.0,35.9,60.7
35,Bharuch,Gujarat,6.65,wet-bulb heat,4.53,High wet-bulb heat hazard (4.5) compounded by high population (2.4M).,Restrict outdoor labour during high wet-bulb days; deploy mobile health units with IV fluids.,2377163,202059,0.857,77.7,105.8
36,Gopalganj,Bihar,6.62,flood,4.23,High flood hazard (4.2) compounded by poor sanitation (60%) and high population (4.5M).,Upgrade to flood-resilient sealed sanitation (DEWATS/sealed septic); protect water sources from contamination.,4454642,553487,0.754,60.1,93.0
37,Khordha,Odisha,6.59,flood,4.66,High flood hazard (4.7) compounded by high population (3.0M).,Prioritise flood early warning for dense settlements; child-safe evacuation points.,2953205,251023,0.852,73.2,100.6
38,Kamrup Metropolitan,Assam,6.58,flood,5.08,High flood hazard (5.1) compounded by poor water access (87%) and poor sanitation (65%).,Protect water infrastructure from flood damage; deploy emergency tanker supply protocol.,2106877,200154,0.807,65.2,31.6
39,Anand,Gujarat,6.56,flood,4.69,High flood hazard (4.7) compounded by high population (3.8M).,Prioritise flood early warning for dense settlements; child-safe evacuation points.,3800694,323060,0.883,82.1,105.3
40,Pashchim Champaran,Uttar Pradesh,6.55,flood,4.69,High flood hazard (4.7) compounded by poor sanitation (43%) and high population (6.9M).,Upgrade to flood-resilient sealed sanitation (DEWATS/sealed septic); protect water sources from contamination.,6914264,838300,0.689,43.3,87.2
41,South Twenty Four Parganas,West Bengal,6.54,wet-bulb heat,4.91,High wet-bulb heat hazard (4.9) compounded by high population (22.4M).,Restrict outdoor labour during high wet-bulb days; deploy mobile health units with IV fluids.,22370510,1789641,0.857,70.1,119.5
42,Kinnaur,Himachal Pradesh,6.53,cold wave,6.52,High cold wave hazard (6.5).,Distribute blankets and warm clothing; open night shelters; ensure hot water supply.,211788,15008,0.89,80.1,0.5
43,Purba Medinipur,West Bengal,6.52,flood,4.98,High flood hazard (5.0) compounded by poor water access (88%) and high population (8.1M).,Protect water infrastructure from flood damage; deploy emergency tanker supply protocol.,8148116,653794,0.819,69.8,102.5
44,Karbi Anglong West,Meghalaya,6.5,flood,5.15,High flood hazard (5.2) compounded by poor water access (0%) and poor sanitation (0%).,Protect water infrastructure from flood damage; deploy emergency tanker supply protocol.,506365,55403,0.0,0.0,42.6
45,Haora,West Bengal,6.5,wet-bulb heat,4.75,High wet-bulb heat hazard (4.8) compounded by high population (7.6M).,Restrict outdoor labour during high wet-bulb days; deploy mobile health units with IV fluids.,7600194,608015,0.862,72.9,124.5
46,Ernakulam,Tamil Nadu,6.48,flood,4.68,High flood hazard (4.7) compounded by high population (4.0M).,Prioritise flood early warning for dense settlements; child-safe evacuation points.,4005403,277295,0.986,99.3,82.8
47,Karimganj,Assam,6.46,wet-bulb heat,4.9,High wet-bulb heat hazard (4.9) compounded by poor water access (62%) and poor sanitation (62%).,Restrict outdoor labour on high wet-bulb days; mobile health units; community awareness.,1459498,136822,0.716,61.5,97.6
48,Siddharthnagar,Uttar Pradesh,6.44,flood,4.94,High flood hazard (4.9) compounded by poor sanitation (43%) and high population (4.1M).,Upgrade to flood-resilient sealed sanitation (DEWATS/sealed septic); protect water sources from contamination.,4130890,495705,0.668,42.8,95.0
49,Kheda,Gujarat,6.43,flood,4.68,High flood hazard (4.7) compounded by poor sanitation (63%) and high population (2.9M).,Upgrade to flood-resilient sealed sanitation (DEWATS/sealed septic); protect water sources from contamination.,2877624,244596,0.822,63.3,96.2
50,Yanam,Andhra Pradesh,6.42,wet-bulb heat,5.17,High wet-bulb heat hazard (5.2).,Stock cooling equipment at PHCs; community wet-bulb awareness campaigns.,171047,12829,0.913,84.1,106.6
51,Darrang,Assam,6.41,flood,4.91,High flood hazard (4.9) compounded by high population (1.5M).,Prioritise flood early warning for dense settlements; child-safe evacuation points.,1541975,146488,0.807,67.9,50.7
52,Vadodara,Gujarat,6.41,flood,4.85,High flood hazard (4.8) compounded by high population (4.5M).,Prioritise flood early warning for dense settlements; child-safe evacuation points.,4495160,382089,0.903,85.6,86.9
53,Dibrugarh,Assam,6.4,flood,4.9,High flood hazard (4.9) compounded by high population (2.1M).,Prioritise flood early warning for dense settlements; child-safe evacuation points.,2126945,202060,0.841,75.3,63.6
54,Bahraich,Uttar Pradesh,6.33,flood,4.82,High flood hazard (4.8) compounded by poor sanitation (44%) and high population (6.0M).,Upgrade to flood-resilient sealed sanitation (DEWATS/sealed septic); protect water sources from contamination.,6013137,721577,0.641,44.2,93.4
55,Karbi Anglong East,Nagaland,6.33,flood,5.11,High flood hazard (5.1) compounded by poor water access (0%) and poor sanitation (0%).,Protect water infrastructure from flood damage; deploy emergency tanker supply protocol.,1247281,112022,0.0,0.0,37.1
56,Mahrajganj,Uttar Pradesh,6.33,flood,4.83,High flood hazard (4.8) compounded by high population (4.3M).,Prioritise flood early warning for dense settlements; child-safe evacuation points.,4337913,520550,0.793,69.0,87.1
57,Kamrup,Assam,6.29,flood,4.62,High flood hazard (4.6) compounded by high population (2.8M).,Prioritise flood early warning for dense settlements; child-safe evacuation points.,2836931,272050,0.806,68.7,57.2
58,Narmada,Gujarat,6.26,flood,4.84,High flood hazard (4.8) compounded by poor sanitation (55%) and high population (1.0M).,Upgrade to flood-resilient sealed sanitation (DEWATS/sealed septic); protect water sources from contamination.,1039159,88327,0.768,54.6,55.2
59,Cuddalore,Tamil Nadu,6.24,wet-bulb heat,4.56,High wet-bulb heat hazard (4.6) compounded by poor sanitation (61%) and high population (4.1M).,Restrict outdoor labour on high wet-bulb days; mobile health units; community awareness.,4078984,285529,0.86,61.3,136.2
60,Cachar,Manipur,6.23,wet-bulb heat,4.66,High wet-bulb heat hazard (4.7) compounded by poor water access (44%) and poor sanitation (58%).,Restrict outdoor labour on high wet-bulb days; mobile health units; community awareness.,2781823,261666,0.658,57.6,75.5
61,Mahisagar,Gujarat,6.23,flood,4.76,High flood hazard (4.8) compounded by poor sanitation (44%) and high population (1.7M).,Upgrade to flood-resilient sealed sanitation (DEWATS/sealed septic); protect water sources from contamination.,1714549,145737,0.764,44.4,78.7
62,Gir Somnath,Gujarat,6.22,flood,4.48,High flood hazard (4.5) compounded by high population (1.4M).,Prioritise flood early warning for dense settlements; child-safe evacuation points.,1410303,119875,0.844,74.3,73.7
63,Sivasagar,Assam,6.21,flood,4.71,High flood hazard (4.7) compounded by high population (1.1M).,Prioritise flood early warning for dense settlements; child-safe evacuation points.,1107411,105205,0.869,82.3,60.2
64,Karaikal,Puducherry,6.21,flood,6.21,High flood hazard (6.2).,Strengthen drainage + emergency WASH response capacity; pre-position ORS and water purification supplies.,336668,23567,0.936,84.3,101.8
65,Majuli,Arunachal Pradesh,6.19,flood,5.89,High flood hazard (5.9) compounded by poor sanitation (66%).,Upgrade to flood-resilient sealed sanitation (DEWATS/sealed septic); protect water sources from contamination.,573676,54027,0.834,65.6,28.5
66,Kheri,Uttar Pradesh,6.18,flood,4.69,High flood hazard (4.7) compounded by high population (6.9M) and poor sanitation (66%).,Prioritise flood early warning for dense settlements; child-safe evacuation points.,6857649,822917,0.752,65.6,89.1
67,Dimapur,Nagaland,6.18,flood,4.72,High flood hazard (4.7).,Strengthen drainage + emergency WASH response capacity; pre-position ORS and water purification supplies.,400942,36085,0.851,81.1,25.9
68,Dhemaji,Assam,6.17,flood,4.73,High flood hazard (4.7).,Strengthen drainage + emergency WASH response capacity; pre-position ORS and water purification supplies.,988254,93884,0.824,70.8,56.1
69,Mahesana,Gujarat,6.17,flood,4.77,High flood hazard (4.8) compounded by high population (2.8M) and groundwater stress (1.00).,Prioritise flood early warning for dense settlements; child-safe evacuation points.,2781265,236409,0.853,72.1,68.0
70,Jyotiba Phule Nagar,Uttar Pradesh,6.16,flood,4.66,High flood hazard (4.7) compounded by high population (3.3M) and groundwater stress (0.54).,Prioritise flood early warning for dense settlements; child-safe evacuation points.,3263810,391658,0.8,78.9,86.1
71,Banswara,Madhya Pradesh,6.16,flood,4.69,High flood hazard (4.7) compounded by poor sanitation (41%) and high population (3.2M).,Upgrade to flood-resilient sealed sanitation (DEWATS/sealed septic); protect water sources from contamination.,3162295,345772,0.708,40.8,72.3
72,Gandhinagar,Gujarat,6.16,flood,4.66,High flood hazard (4.7) compounded by high population (3.7M) and groundwater stress (1.00).,Prioritise flood early warning for dense settlements; child-safe evacuation points.,3744393,318274,0.9,84.6,68.5
73,Shrawasti,Uttar Pradesh,6.16,flood,4.7,High flood hazard (4.7) compounded by poor sanitation (58%) and high population (1.5M).,Upgrade to flood-resilient sealed sanitation (DEWATS/sealed septic); protect water sources from contamination.,1455261,174631,0.69,58.1,85.6
74,Kushinagar,Uttar Pradesh,6.15,flood,4.65,High flood hazard (4.7) compounded by high population (5.1M).,Prioritise flood early warning for dense settlements; child-safe evacuation points.,5089443,610734,0.795,73.1,98.0
75,Pilibhit,Uttar Pradesh,6.15,flood,4.64,High flood hazard (4.6) compounded by high population (3.4M).,Prioritise flood early warning for dense settlements; child-safe evacuation points.,3389764,406772,0.768,76.8,92.5
76,Goalpara,Assam,6.13,flood,4.47,High flood hazard (4.5) compounded by poor water access (91%) and high population (1.5M).,Protect water infrastructure from flood damage; deploy emergency tanker supply protocol.,1491130,141658,0.817,75.3,77.1
77,Tinsukia,Assam,6.13,flood,4.69,High flood hazard (4.7) compounded by poor sanitation (67%) and high population (1.8M).,Upgrade to flood-resilient sealed sanitation (DEWATS/sealed septic); protect water sources from contamination.,1848094,175569,0.794,66.7,63.4
78,Dhubri,Assam,6.12,flood,4.64,High flood hazard (4.6) compounded by poor sanitation (62%) and high population (1.9M).,Upgrade to flood-resilient sealed sanitation (DEWATS/sealed septic); protect water sources from contamination.,1879416,173493,0.751,61.8,59.5
79,Saharanpur,Uttar Pradesh,6.11,flood,4.62,High flood hazard (4.6) compounded by high population (5.9M).,Prioritise flood early warning for dense settlements; child-safe evacuation points.,5943662,713238,0.83,83.8,74.6
80,Jabalpur,Madhya Pradesh,6.11,flood,4.65,High flood hazard (4.7) compounded by poor sanitation (62%) and high population (4.0M).,Upgrade to flood-resilient sealed sanitation (DEWATS/sealed septic); protect water sources from contamination.,3991156,439025,0.79,61.9,63.7
81,Muzaffarnagar,Uttar Pradesh,6.1,flood,4.6,High flood hazard (4.6) compounded by high population (4.4M).,Prioritise flood early warning for dense settlements; child-safe evacuation points.,4374379,524926,0.83,80.1,94.4
82,Valsad,Maharashtra,6.1,flood,5.0,High flood hazard (5.0) compounded by high population (2.6M).,Prioritise flood early warning for dense settlements; child-safe evacuation points.,2568870,226932,0.904,85.3,66.8
83,Panch Mahals,Gujarat,6.09,flood,4.59,High flood hazard (4.6) compounded by poor sanitation (59%) and poor water access (91%).,Upgrade to flood-resilient sealed sanitation (DEWATS/sealed septic); protect water sources from contamination.,2722712,231432,0.787,58.9,82.4
84,Udham Singh Nagar,Uttarakhand,6.08,flood,4.62,High flood hazard (4.6) compounded by high population (2.8M).,Prioritise flood early warning for dense settlements; child-safe evacuation points.,2786705,259227,0.834,70.9,72.1
85,Samli,Uttar Pradesh,6.08,flood,4.67,High flood hazard (4.7) compounded by poor water access (0%) and poor sanitation (0%).,Protect water infrastructure from flood damage; deploy emergency tanker supply protocol.,1734510,208142,0.0,0.0,90.2
86,Rampur,Uttarakhand,6.08,flood,4.58,High flood hazard (4.6) compounded by high population (4.2M).,Prioritise flood early warning for dense settlements; child-safe evacuation points.,4229709,391640,0.825,79.0,83.9
87,Saraikela-Kharsawan,Jharkhand,6.07,wet-bulb heat,4.52,High wet-bulb heat hazard (4.5) compounded by poor water access (0%) and poor sanitation (0%).,Restrict outdoor labour on high wet-bulb days; mobile health units; community awareness.,3162921,363736,0.0,0.0,83.8
88,Kokrajhar,Assam,6.07,flood,4.59,High flood hazard (4.6) compounded by poor water access (87%) and high population (1.6M).,Protect water infrastructure from flood damage; deploy emergency tanker supply protocol.,1615303,153453,0.79,72.2,76.6
89,Bongaigaon,Assam,6.07,flood,4.57,High flood hazard (4.6) compounded by high population (1.1M).,Prioritise flood early warning for dense settlements; child-safe evacuation points.,1139828,108283,0.817,72.5,61.4
90,Chhota Udaipur,Gujarat,6.05,flood,4.57,High flood hazard (4.6) compounded by poor sanitation (53%) and high population (1.6M).,Upgrade to flood-resilient sealed sanitation (DEWATS/sealed septic); protect water sources from contamination.,1593565,135453,0.753,53.0,65.9
91,Hailakandi,Assam,6.05,flood,4.66,High flood hazard (4.7) compounded by poor water access (41%) and poor sanitation (60%).,Protect water infrastructure from flood damage; deploy emergency tanker supply protocol.,1154244,109222,0.681,60.0,95.3
92,Nalbari,Assam,6.05,flood,4.55,High flood hazard (4.5).,Strengthen drainage + emergency WASH response capacity; pre-position ORS and water purification supplies.,693614,65894,0.836,68.1,57.1
93,Aravali,Gujarat,6.04,flood,4.55,High flood hazard (4.5) compounded by poor sanitation (56%) and high population (1.7M).,Upgrade to flood-resilient sealed sanitation (DEWATS/sealed septic); protect water sources from contamination.,1678969,142713,0.802,56.3,72.0
94,Kishtwar,Jammu And Kashmir,6.03,cold wave,6.03,High cold wave hazard (6.0) compounded by poor sanitation (60%) and poor water access (87%).,Night shelters; blanket distribution; hot meal programmes; protect water pipes from freezing.,529685,48550,0.788,59.6,0.0
95,Shajapur,Madhya Pradesh,6.03,flood,4.53,High flood hazard (4.5) compounded by high population (1.5M).,Prioritise flood early warning for dense settlements; child-safe evacuation points.,1544814,169929,0.799,74.5,51.1
96,North Garo Hills,Meghalaya,6.02,flood,4.55,High flood hazard (4.5) compounded by poor water access (52%) and low adaptive capacity.,Protect water infrastructure from flood damage; deploy emergency tanker supply protocol.,488186,46527,0.742,84.9,47.9
97,Namsai,Assam,6.02,flood,4.54,High flood hazard (4.5).,Strengthen drainage + emergency WASH response capacity; pre-position ORS and water purification supplies.,143064,13591,0.769,75.1,66.0
98,Baksa,Assam,6.01,flood,4.52,High flood hazard (4.5) compounded by poor water access (90%) and high population (1.2M).,Protect water infrastructure from flood damage; deploy emergency tanker supply protocol.,1202265,114214,0.805,68.9,52.8
99,Chirang,Assam,6.01,flood,4.55,High flood hazard (4.5) compounded by high population (1.1M).,Prioritise flood early warning for dense settlements; child-safe evacuation points.,1139131,108218,0.816,77.1,72.1
100,Charaideo,Assam,6.01,flood,4.51,High flood hazard (4.5).,Strengthen drainage + emergency WASH response capacity; pre-position ORS and water purification supplies.,450901,42836,0.822,75.9,55.4
101,Sitapur,Uttar Pradesh,5.99,flood,4.53,High flood hazard (4.5) compounded by poor sanitation (52%) and high population (7.7M).,Upgrade to flood-resilient sealed sanitation (DEWATS/sealed septic); protect water sources from contamination.,7693964,923276,0.7,52.5,92.6
102,Sabar Kantha,Gujarat,5.98,flood,4.55,High flood hazard (4.5) compounded by poor sanitation (61%) and poor water access (91%).,Upgrade to flood-resilient sealed sanitation (DEWATS/sealed septic); protect water sources from contamination.,2091511,177779,0.797,61.0,67.3
103,Bhopal,Madhya Pradesh,5.98,flood,4.51,High flood hazard (4.5) compounded by high population (3.9M).,Prioritise flood early warning for dense settlements; child-safe evacuation points.,3886622,427530,0.854,79.6,34.9
104,Sehore,Madhya Pradesh,5.98,flood,4.68,High flood hazard (4.7) compounded by high population (2.3M).,Prioritise flood early warning for dense settlements; child-safe evacuation points.,2329829,256284,0.805,75.2,51.5
105,Junagadh,Gujarat,5.93,flood,4.38,High flood hazard (4.4) compounded by high population (2.2M).,Prioritise flood early warning for dense settlements; child-safe evacuation points.,2210557,187899,0.89,81.7,81.8
106,Bijnor,Uttarakhand,5.93,flood,4.42,High flood hazard (4.4) compounded by high population (5.5M).,Prioritise flood early warning for dense settlements; child-safe evacuation points.,5490991,514137,0.849,78.2,78.6
107,Barddhaman,West Bengal,5.9,wet-bulb heat,5.56,High wet-bulb heat hazard (5.6) compounded by poor water access (0%) and poor sanitation (0%).,Restrict outdoor labour on high wet-bulb days; mobile health units; community awareness.,7448386,595871,0.0,0.0,109.5
108,Narsimhapur,Madhya Pradesh,5.87,flood,4.61,High flood hazard (4.6) compounded by high population (1.8M).,Prioritise flood early warning for dense settlements; child-safe evacuation points.,1788596,196747,0.827,77.0,60.6
109,Cuttack,Odisha,5.87,flood,3.73,High flood hazard (3.7) compounded by poor sanitation (60%) and high population (4.2M).,Upgrade to flood-resilient sealed sanitation (DEWATS/sealed septic); protect water sources from contamination.,4207786,357662,0.808,60.2,90.2
110,Morigaon,Assam,5.87,flood,4.64,High flood hazard (4.6) compounded by poor sanitation (62%) and high population (1.7M).,Upgrade to flood-resilient sealed sanitation (DEWATS/sealed septic); protect water sources from contamination.,1659317,162109,0.792,62.3,58.5
111,Alappuzha,Kerala,5.85,flood,4.7,High flood hazard (4.7) compounded by high population (2.6M).,Prioritise flood early warning for dense settlements; child-safe evacuation points.,2565667,166768,0.992,99.2,57.3
112,Hoshangabad,Madhya Pradesh,5.81,flood,4.56,High flood hazard (4.6) compounded by high population (2.0M).,Prioritise flood early warning for dense settlements; child-safe evacuation points.,1957568,210055,0.793,68.5,66.2
113,Udalguri,Assam,5.81,flood,4.39,High flood hazard (4.4) compounded by poor water access (82%) and high population (1.1M).,Protect water infrastructure from flood damage; deploy emergency tanker supply protocol.,1147568,109019,0.787,73.8,32.4
114,Jhabua,Madhya Pradesh,5.8,flood,4.46,High flood hazard (4.5) compounded by poor sanitation (58%) and poor water access (85%).,Upgrade to flood-resilient sealed sanitation (DEWATS/sealed septic); protect water sources from contamination.,1848795,203365,0.703,57.6,52.3
115,Bareilly,Uttar Pradesh,5.79,flood,4.57,High flood hazard (4.6) compounded by high population (6.4M).,Prioritise flood early warning for dense settlements; child-safe evacuation points.,6436374,772366,0.779,79.7,88.4
116,Nagaon,Assam,5.72,flood,4.53,High flood hazard (4.5) compounded by poor sanitation (66%) and high population (2.9M).,Upgrade to flood-resilient sealed sanitation (DEWATS/sealed septic); protect water sources from contamination.,2878386,276902,0.806,66.1,65.8
117,Udupi,Karnataka,5.71,flood,4.52,High flood hazard (4.5) compounded by poor water access (82%) and high population (1.1M).,Protect water infrastructure from flood damage; deploy emergency tanker supply protocol.,1108873,85510,0.917,94.5,108.7
118,Dakshin Bastar Dantewada,Chhattisgarh,5.69,flood,4.63,High flood hazard (4.6) compounded by poor sanitation (60%) and low adaptive capacity.,Upgrade to flood-resilient sealed sanitation (DEWATS/sealed septic); protect water sources from contamination.,340741,34074,0.0,60.5,51.6
119,Golaghat,Nagaland,5.69,flood,4.47,High flood hazard (4.5) compounded by high population (1.9M).,Prioritise flood early warning for dense settlements; child-safe evacuation points.,1891764,170260,0.838,73.1,55.2
120,Hugli,West Bengal,5.67,wet-bulb heat,4.21,High wet-bulb heat hazard (4.2) compounded by high population (9.4M).,Restrict outdoor labour during high wet-bulb days; deploy mobile health units with IV fluids.,9388945,751115,0.864,76.2,116.7
121,Gonda,Uttar Pradesh,5.64,flood,4.36,High flood hazard (4.4) compounded by poor sanitation (45%) and high population (5.8M).,Upgrade to flood-resilient sealed sanitation (DEWATS/sealed septic); protect water sources from contamination.,5781736,693807,0.703,44.6,97.8
122,North District,Sikkim,5.61,cold wave,4.38,High cold wave hazard (4.4).,Distribute blankets and warm clothing; open night shelters; ensure hot water supply.,140111,9805,0.901,83.8,1.5
123,Kolasib,Mizoram,5.61,flood,4.38,High flood hazard (4.4).,Strengthen drainage + emergency WASH response capacity; pre-position ORS and water purification supplies.,242870,22851,0.927,96.8,91.5
124,Shahjahanpur,Uttar Pradesh,5.61,flood,4.28,High flood hazard (4.3) compounded by high population (4.8M) and low adaptive capacity.,Prioritise flood early warning for dense settlements; child-safe evacuation points.,4830176,579621,0.731,69.2,94.0
125,Raisen,Madhya Pradesh,5.59,flood,4.5,High flood hazard (4.5) compounded by high population (1.8M).,Prioritise flood early warning for dense settlements; child-safe evacuation points.,1787928,196671,0.81,69.6,55.4
126,Jhargram,West Bengal,5.56,flood,4.27,High flood hazard (4.3) compounded by poor water access (0%) and poor sanitation (0%).,Protect water infrastructure from flood damage; deploy emergency tanker supply protocol.,2053236,181711,0.0,0.0,104.9
127,Ganjam,Odisha,5.54,wet-bulb heat,4.71,High wet-bulb heat hazard (4.7) compounded by poor water access (90%) and high population (5.2M).,Restrict outdoor labour on high wet-bulb days; mobile health units; community awareness.,5243356,449817,0.81,72.9,110.9
128,Dadra & Nagar Haveli,Dadra & Nagar Haveli And Daman & Diu,5.53,flood,4.47,High flood hazard (4.5) compounded by poor sanitation (63%).,Upgrade to flood-resilient sealed sanitation (DEWATS/sealed septic); protect water sources from contamination.,860505,76161,0.828,63.1,85.2
129,Siwan,Uttar Pradesh,5.52,flood,3.74,High flood hazard (3.7) compounded by poor sanitation (48%) and high population (4.2M).,Upgrade to flood-resilient sealed sanitation (DEWATS/sealed septic); protect water sources from contamination.,4186221,522770,0.733,47.7,84.4
130,Thane,Maharashtra,5.51,flood,4.79,High flood hazard (4.8) compounded by high population (8.9M).,Prioritise flood early warning for dense settlements; child-safe evacuation points.,8868819,753849,0.883,74.7,100.1
131,Harda,Madhya Pradesh,5.48,flood,4.3,High flood hazard (4.3).,Strengthen drainage + emergency WASH response capacity; pre-position ORS and water purification supplies.,819226,90114,0.79,68.8,62.1
132,Kullu,Himachal Pradesh,5.46,cold wave,5.42,High cold wave hazard (5.4).,Distribute blankets and warm clothing; open night shelters; ensure hot water supply.,582610,40784,0.891,81.2,0.3
133,Mandla,Madhya Pradesh,5.43,flood,4.31,High flood hazard (4.3) compounded by poor water access (80%) and poor sanitation (58%).,Protect water infrastructure from flood damage; deploy emergency tanker supply protocol.,1496425,161162,0.731,58.4,53.7
134,Balrampur,Chhattisgarh,5.43,flood,3.82,High flood hazard (3.8) compounded by poor sanitation (60%) and high population (4.9M).,Upgrade to flood-resilient sealed sanitation (DEWATS/sealed septic); protect water sources from contamination.,4945750,581855,0.69,59.7,79.6
135,Palghar,Maharashtra,5.43,flood,4.5,High flood hazard (4.5) compounded by poor water access (91%) and high population (5.2M).,Protect water infrastructure from flood damage; deploy emergency tanker supply protocol.,5203196,442273,0.853,75.1,90.3
136,Hojai,Meghalaya,5.42,flood,4.16,High flood hazard (4.2) compounded by poor sanitation (63%) and high population (1.6M).,Upgrade to flood-resilient sealed sanitation (DEWATS/sealed septic); protect water sources from contamination.,1624454,158618,0.816,63.1,69.8
137,Kottayam,Kerala,5.42,flood,4.53,High flood hazard (4.5) compounded by high population (3.2M).,Prioritise flood early warning for dense settlements; child-safe evacuation points.,3161145,205474,0.987,98.6,77.6
138,Jorhat,Nagaland,5.41,flood,4.23,High flood hazard (4.2) compounded by poor water access (86%).,Protect water infrastructure from flood damage; deploy emergency tanker supply protocol.,966416,89186,0.863,80.4,59.8
139,Alipurduar,West Bengal,5.38,flood,5.32,High flood hazard (5.3) compounded by poor water access (0%) and poor sanitation (0%).,Protect water infrastructure from flood damage; deploy emergency tanker supply protocol.,2032098,162566,0.0,0.0,48.0
140,Shi Yomi,Arunachal Pradesh,5.36,cold wave,5.36,High cold wave hazard (5.4) compounded by poor water access (0%) and poor sanitation (0%).,Night shelters; blanket distribution; hot meal programmes; protect water pipes from freezing.,92699,8807,0.0,0.0,0.0
141,Srikakulam,Chhattisgarh,5.34,wet-bulb heat,5.24,High wet-bulb heat hazard (5.2) compounded by poor water access (88%) and high population (3.9M).,Restrict outdoor labour on high wet-bulb days; mobile health units; community awareness.,3902934,390293,0.803,71.6,118.7
142,Yamunanagar,Haryana,5.34,flood,4.5,High flood hazard (4.5) compounded by high population (1.8M) and groundwater stress (0.53).,Prioritise flood early warning for dense settlements; child-safe evacuation points.,1800427,192486,0.89,83.5,82.7
143,Uttara Kannada,Karnataka,5.33,flood,4.35,High flood hazard (4.3) compounded by poor water access (85%) and high population (1.7M).,Protect water infrastructure from flood damage; deploy emergency tanker supply protocol.,1670777,133663,0.898,89.6,62.7
144,Tawang,Assam,5.32,cold wave,4.17,High cold wave hazard (4.2).,Distribute blankets and warm clothing; open night shelters; ensure hot water supply.,88617,8419,0.823,81.7,0.0
145,Sipahijula,Tripura,5.32,flood,5.32,High flood hazard (5.3) compounded by poor water access (0%) and poor sanitation (0%).,Protect water infrastructure from flood damage; deploy emergency tanker supply protocol.,916367,73309,0.0,0.0,93.6
146,Mumbai Suburban,Maharashtra,5.3,flood,5.03,High flood hazard (5.0) compounded by high population (12.2M) and poor sanitation (63%).,Prioritise flood early warning for dense settlements; child-safe evacuation points.,12184975,1035723,0.867,62.6,83.6
147,Unokoti,Tripura,5.3,flood,5.3,High flood hazard (5.3) compounded by poor water access (0%) and poor sanitation (0%).,Protect water infrastructure from flood damage; deploy emergency tanker supply protocol.,367679,29414,0.0,0.0,74.7
148,Dungarpur,Madhya Pradesh,5.28,flood,3.76,High flood hazard (3.8) compounded by poor sanitation (60%) and high population (2.1M).,Upgrade to flood-resilient sealed sanitation (DEWATS/sealed septic); protect water sources from contamination.,2091851,233755,0.783,59.9,70.3
149,Viluppuram,Tamil Nadu,5.26,flood,4.21,High flood hazard (4.2) compounded by poor sanitation (54%) and high population (4.4M).,Upgrade to flood-resilient sealed sanitation (DEWATS/sealed septic); protect water sources from contamination.,4434944,310448,0.835,53.8,126.0
150,Gurdaspur,Punjab,5.26,flood,5.19,High flood hazard (5.2) compounded by poor water access (0%) and poor sanitation (0%).,Protect water infrastructure from flood damage; deploy emergency tanker supply protocol.,2090416,156782,0.0,0.0,87.0
151,Jiribam,Manipur,5.24,flood,5.24,High flood hazard (5.2) compounded by poor water access (0%) and poor sanitation (0%).,Protect water infrastructure from flood damage; deploy emergency tanker supply protocol.,14675,1247,0.0,0.0,55.6
152,Sahibganj,Bihar,5.23,wet-bulb heat,3.88,High wet-bulb heat hazard (3.9) compounded by poor sanitation (43%) and poor water access (88%).,Restrict outdoor labour on high wet-bulb days; mobile health units; community awareness.,2410490,302222,0.622,43.2,85.4
153,West Godavari,Andhra Pradesh,5.22,wet-bulb heat,4.8,High wet-bulb heat hazard (4.8) compounded by high population (6.2M).,Restrict outdoor labour during high wet-bulb days; deploy mobile health units with IV fluids.,6225027,466877,0.892,80.8,130.3
154,Narayanpur,Chhattisgarh,5.22,flood,4.41,High flood hazard (4.4) compounded by poor sanitation (53%) and poor water access (90%).,Upgrade to flood-resilient sealed sanitation (DEWATS/sealed septic); protect water sources from contamination.,182771,18275,0.698,52.8,42.9
155,Navsari,Maharashtra,5.2,flood,4.61,High flood hazard (4.6) compounded by high population (1.8M).,Prioritise flood early warning for dense settlements; child-safe evacuation points.,1831554,155682,0.897,80.1,85.2
156,Moradabad,Uttar Pradesh,5.18,flood,4.2,High flood hazard (4.2) compounded by high population (5.4M).,Prioritise flood early warning for dense settlements; child-safe evacuation points.,5443458,546746,0.829,79.0,83.5
157,Gajapati,Chhattisgarh,5.16,wet-bulb heat,5.16,High wet-bulb heat hazard (5.2) compounded by poor water access (78%) and poor sanitation (58%).,Restrict outdoor labour on high wet-bulb days; mobile health units; community awareness.,816885,73231,0.688,58.3,72.5
158,Khawzawl,Mizoram,5.15,flood,5.15,High flood hazard (5.2) compounded by poor water access (0%) and poor sanitation (0%).,Protect water infrastructure from flood damage; deploy emergency tanker supply protocol.,86512,7786,0.0,0.0,5.0
159,Tapi,Maharashtra,5.15,flood,4.16,High flood hazard (4.2) compounded by high population (1.3M).,Prioritise flood early warning for dense settlements; child-safe evacuation points.,1289932,109643,0.842,70.2,67.3
160,Batod,Gujarat,5.11,flood,4.15,High flood hazard (4.2) compounded by low adaptive capacity.,Strengthen drainage + emergency WASH response capacity; pre-position ORS and water purification supplies.,893040,75908,0.0,72.0,87.4
161,Saitual,Mizoram,5.1,flood,5.1,High flood hazard (5.1) compounded by poor water access (0%) and poor sanitation (0%).,Protect water infrastructure from flood damage; deploy emergency tanker supply protocol.,121329,10919,0.0,0.0,9.2
162,Jaisalmer,Rajasthan,5.08,drought,4.02,High drought hazard (4.0) compounded by high population (1.6M) and groundwater stress (1.00).,Diversify water sources; rainwater harvesting; demand management; MGNREGA drought works.,1565736,180078,0.811,75.7,38.8
163,Alirajpur,Gujarat,5.08,flood,3.82,High flood hazard (3.8) compounded by poor water access (90%) and high population (1.2M).,Protect water infrastructure from flood damage; deploy emergency tanker supply protocol.,1233911,133821,0.772,84.7,52.4
164,North Goa,Karnataka,5.07,flood,4.51,High flood hazard (4.5) compounded by high population (1.3M).,Prioritise flood early warning for dense settlements; child-safe evacuation points.,1295510,88416,0.945,87.7,83.3
165,Nadia,West Bengal,5.06,wet-bulb heat,4.99,High wet-bulb heat hazard (5.0) compounded by high population (6.2M).,Restrict outdoor labour during high wet-bulb days; deploy mobile health units with IV fluids.,6202013,496161,0.869,78.4,116.6
166,Raigarh,Chhattisgarh,5.04,flood,3.97,High flood hazard (4.0) compounded by poor water access (88%) and high population (7.7M).,Protect water infrastructure from flood damage; deploy emergency tanker supply protocol.,7691478,665836,0.846,74.8,82.5
167,Panchkula,Himachal Pradesh,5.03,flood,4.65,High flood hazard (4.7) compounded by high population (1.6M).,Prioritise flood early warning for dense settlements; child-safe evacuation points.,1612129,118693,0.92,82.6,43.3
168,Sindhudurg,Karnataka,5.02,flood,4.15,High flood hazard (4.2) compounded by poor water access (73%) and high population (1.1M).,Protect water infrastructure from flood damage; deploy emergency tanker supply protocol.,1079871,86390,0.884,87.9,83.7
169,Sirohi,Rajasthan,5.02,flood,3.7,High flood hazard (3.7) compounded by poor sanitation (54%) and high population (1.8M).,Upgrade to flood-resilient sealed sanitation (DEWATS/sealed septic); protect water sources from contamination.,1799626,195624,0.76,54.1,49.3
170,Biswanath,Nagaland,5.01,flood,4.36,High flood hazard (4.4) compounded by poor water access (76%).,Protect water infrastructure from flood damage; deploy emergency tanker supply protocol.,958051,89128,0.787,76.6,40.9
171,Sonitpur,Arunachal Pradesh,4.99,flood,4.86,High flood hazard (4.9) compounded by poor water access (83%) and high population (2.1M).,Protect water infrastructure from flood damage; deploy emergency tanker supply protocol.,2058026,194581,0.796,72.2,38.1
172,Sambhal,Uttar Pradesh,4.97,flood,3.83,High flood hazard (3.8) compounded by high population (3.5M) and low adaptive capacity.,Prioritise flood early warning for dense settlements; child-safe evacuation points.,3548648,425837,0.755,72.8,90.7
173,Murshidabad,West Bengal,4.97,wet-bulb heat,4.78,High wet-bulb heat hazard (4.8) compounded by high population (10.8M).,Restrict outdoor labour during high wet-bulb days; deploy mobile health units with IV fluids.,10768482,1228373,0.788,69.7,105.4
174,Pathanamthitta,Kerala,4.95,flood,4.83,High flood hazard (4.8) compounded by high population (1.5M).,Prioritise flood early warning for dense settlements; child-safe evacuation points.,1548217,100634,0.982,98.9,84.1
175,Darbhanga,Bihar,4.95,wet-bulb heat,3.69,High wet-bulb heat hazard (3.7) compounded by poor sanitation (49%) and high population (7.2M).,Restrict outdoor labour on high wet-bulb days; mobile health units; community awareness.,7158819,930646,0.67,48.7,90.9
176,Balaghat,Chhattisgarh,4.93,flood,4.03,High flood hazard (4.0) compounded by poor water access (83%) and high population (2.5M).,Protect water infrastructure from flood damage; deploy emergency tanker supply protocol.,2460770,246077,0.829,79.6,72.8
177,Ratlam,Madhya Pradesh,4.91,flood,4.06,High flood hazard (4.1) compounded by poor water access (91%) and high population (2.0M).,Protect water infrastructure from flood damage; deploy emergency tanker supply protocol.,2037288,224103,0.786,69.4,42.8
178,Sambalpur,Odisha,4.89,flood,3.74,High flood hazard (3.7) compounded by poor sanitation (62%) and high population (1.7M).,Upgrade to flood-resilient sealed sanitation (DEWATS/sealed septic); protect water sources from contamination.,1686722,143372,0.803,62.4,78.8
179,Jajapur,Odisha,4.89,wet-bulb heat,4.0,High wet-bulb heat hazard (4.0) compounded by poor sanitation (47%) and high population (3.1M).,Restrict outdoor labour on high wet-bulb days; mobile health units; community awareness.,3118197,265048,0.76,47.4,113.3
180,Thanjavur,Tamil Nadu,4.89,wet-bulb heat,4.43,High wet-bulb heat hazard (4.4) compounded by high population (3.1M).,Restrict outdoor labour during high wet-bulb days; deploy mobile health units with IV fluids.,3112235,217857,0.916,79.6,140.2
181,Gorakhpur,Uttar Pradesh,4.88,flood,3.55,High flood hazard (3.5) compounded by high population (6.4M).,Prioritise flood early warning for dense settlements; child-safe evacuation points.,6354327,762518,0.802,69.6,79.4
182,Krishna,Andhra Pradesh,4.87,wet-bulb heat,4.5,High wet-bulb heat hazard (4.5) compounded by high population (6.0M).,Restrict outdoor labour during high wet-bulb days; deploy mobile health units with IV fluids.,6005914,450443,0.879,79.1,127.3
183,Agar,Madhya Pradesh,4.85,flood,4.04,High flood hazard (4.0) compounded by poor water access (81%).,Protect water infrastructure from flood damage; deploy emergency tanker supply protocol.,938356,103218,0.77,72.3,55.8
184,Dibang Valley,Arunachal Pradesh,4.84,cold wave,4.76,High cold wave hazard (4.8).,Distribute blankets and warm clothing; open night shelters; ensure hot water supply.,102372,9723,0.881,95.0,0.0
185,Rajgarh,Madhya Pradesh,4.84,flood,3.94,High flood hazard (3.9) compounded by poor sanitation (48%) and poor water access (74%).,Upgrade to flood-resilient sealed sanitation (DEWATS/sealed septic); protect water sources from contamination.,2474707,272219,0.676,47.8,57.4
186,South Garo Hills,Meghalaya,4.84,flood,3.8,High flood hazard (3.8) compounded by poor water access (60%).,Protect water infrastructure from flood damage; deploy emergency tanker supply protocol.,182686,20095,0.807,88.4,47.4
187,Thrissur,Kerala,4.83,flood,4.36,High flood hazard (4.4) compounded by high population (4.3M).,Prioritise flood early warning for dense settlements; child-safe evacuation points.,4274253,277826,0.984,99.5,95.5
188,Paschim Medinipur,West Bengal,4.81,wet-bulb heat,4.43,High wet-bulb heat hazard (4.4) compounded by poor sanitation (58%) and high population (8.2M).,Restrict outdoor labour on high wet-bulb days; mobile health units; community awareness.,8173459,656401,0.787,58.3,113.2
189,Jalpaiguri,West Bengal,4.81,flood,4.81,High flood hazard (4.8) compounded by high population (3.6M).,Prioritise flood early warning for dense settlements; child-safe evacuation points.,3585477,286838,0.843,73.2,54.0
190,Kollam,Kerala,4.8,flood,4.26,High flood hazard (4.3) compounded by high population (2.6M).,Prioritise flood early warning for dense settlements; child-safe evacuation points.,2647093,172062,0.981,97.5,75.3
191,East Godavari,Andhra Pradesh,4.79,wet-bulb heat,4.64,High wet-bulb heat hazard (4.6) compounded by high population (6.5M).,Restrict outdoor labour during high wet-bulb days; deploy mobile health units with IV fluids.,6451891,483891,0.88,77.7,117.1
192,Gondiya,Chhattisgarh,4.78,flood,3.87,High flood hazard (3.9) compounded by high population (2.2M).,Prioritise flood early warning for dense settlements; child-safe evacuation points.,2192170,219218,0.853,74.3,84.6
193,North & Middle Andaman,Andaman And Nicobar Islands,4.78,flood,4.72,High flood hazard (4.7).,Strengthen drainage + emergency WASH response capacity; pre-position ORS and water purification supplies.,117594,8233,0.909,86.4,38.7
194,Dakshin Dinajpur,West Bengal,4.75,flood,4.53,High flood hazard (4.5) compounded by high population (2.7M).,Prioritise flood early warning for dense settlements; child-safe evacuation points.,2734430,218753,0.86,79.0,90.9
195,Mayurbhanj,Odisha,4.74,wet-bulb heat,3.4,High wet-bulb heat hazard (3.4) compounded by poor sanitation (54%) and poor water access (80%).,Restrict outdoor labour on high wet-bulb days; mobile health units; community awareness.,3920361,333228,0.718,54.4,90.2
196,Devbhumi Dwarka,Gujarat,4.74,wet-bulb heat,3.98,High wet-bulb heat hazard (4.0).,Stock cooling equipment at PHCs; community wet-bulb awareness campaigns.,912544,77566,0.833,73.4,81.9
197,Deoria,Uttar Pradesh,4.74,flood,3.92,High flood hazard (3.9) compounded by high population (5.6M).,Prioritise flood early warning for dense settlements; child-safe evacuation points.,5577380,669287,0.808,69.1,98.3
198,Hapur,Uttar Pradesh,4.73,flood,3.59,High flood hazard (3.6) compounded by high population (1.9M).,Prioritise flood early warning for dense settlements; child-safe evacuation points.,1857165,222859,0.841,85.6,85.5
199,East Garo Hills,Assam,4.71,flood,4.12,High flood hazard (4.1) compounded by poor water access (67%).,Protect water infrastructure from flood damage; deploy emergency tanker supply protocol.,133557,13668,0.787,83.9,28.8
200,Patan,Gujarat,4.7,flood,2.95,High flood hazard (3.0) compounded by high population (1.7M) and groundwater stress (1.00).,Prioritise flood early warning for dense settlements; child-safe evacuation points.,1740179,147918,0.857,73.1,80.3
201,Lakhimpur,Arunachal Pradesh,4.7,flood,4.33,High flood hazard (4.3) compounded by poor water access (81%) and high population (1.6M).,Protect water infrastructure from flood damage; deploy emergency tanker supply protocol.,1551529,147394,0.834,74.2,61.8
202,Hardoi,Uttar Pradesh,4.7,flood,3.86,High flood hazard (3.9) compounded by poor sanitation (56%) and high population (6.5M).,Upgrade to flood-resilient sealed sanitation (DEWATS/sealed septic); protect water sources from contamination.,6453334,774399,0.697,55.7,89.4
203,West Garo Hills,Assam,4.7,flood,3.82,High flood hazard (3.8) compounded by poor water access (84%).,Protect water infrastructure from flood damage; deploy emergency tanker supply protocol.,704487,67163,0.854,86.3,57.6
204,Damoh,Madhya Pradesh,4.69,flood,3.96,High flood hazard (4.0) compounded by poor sanitation (41%) and poor water access (81%).,Upgrade to flood-resilient sealed sanitation (DEWATS/sealed septic); protect water sources from contamination.,2079168,228709,0.676,40.6,67.0
205,Meerut,Uttar Pradesh,4.68,flood,3.84,High flood hazard (3.8) compounded by high population (6.3M).,Prioritise flood early warning for dense settlements; child-safe evacuation points.,6278398,753408,0.837,82.7,79.2
206,Pherzawl,Mizoram,4.67,flood,4.67,High flood hazard (4.7) compounded by poor water access (0%) and poor sanitation (0%).,Protect water infrastructure from flood damage; deploy emergency tanker supply protocol.,123998,10585,0.0,0.0,24.7
207,Kishanganj,West Bengal,4.67,flood,4.67,High flood hazard (4.7) compounded by poor sanitation (52%) and high population (3.2M).,Upgrade to flood-resilient sealed sanitation (DEWATS/sealed septic); protect water sources from contamination.,3211198,256895,0.698,52.4,82.5
208,Imphal West,Manipur,4.64,flood,4.64,High flood hazard (4.6) compounded by poor sanitation (59%) and poor water access (89%).,Upgrade to flood-resilient sealed sanitation (DEWATS/sealed septic); protect water sources from contamination.,956997,81345,0.83,58.7,2.7
209,South Goa,Goa,4.63,flood,4.28,High flood hazard (4.3).,Strengthen drainage + emergency WASH response capacity; pre-position ORS and water purification supplies.,674577,45686,0.951,88.2,100.6
210,Uttar Dinajpur,West Bengal,4.6,flood,4.6,High flood hazard (4.6) compounded by poor sanitation (64%) and high population (3.2M).,Upgrade to flood-resilient sealed sanitation (DEWATS/sealed septic); protect water sources from contamination.,3248472,259877,0.787,63.8,83.2
211,Dhalai,Tripura,4.6,flood,4.6,High flood hazard (4.6) compounded by poor water access (70%).,Protect water infrastructure from flood damage; deploy emergency tanker supply protocol.,437523,35002,0.767,67.6,89.9
212,Seoni,Madhya Pradesh,4.59,flood,3.89,High flood hazard (3.9) compounded by poor water access (79%) and poor sanitation (56%).,Protect water infrastructure from flood damage; deploy emergency tanker supply protocol.,2082678,226328,0.744,56.2,48.8
213,Kolhapur,Karnataka,4.59,flood,3.19,High flood hazard (3.2) compounded by high population (5.3M).,Prioritise flood early warning for dense settlements; child-safe evacuation points.,5267618,421409,0.913,82.0,39.1
214,West District,Sikkim,4.57,cold wave,3.9,High cold wave hazard (3.9) compounded by poor water access (90%).,Night shelters; blanket distribution; hot meal programmes; protect water pipes from freezing.,45973,3287,0.91,88.9,1.9
215,Ariyalur,Tamil Nadu,4.56,flood,3.76,High flood hazard (3.8) compounded by poor sanitation (55%).,Upgrade to flood-resilient sealed sanitation (DEWATS/sealed septic); protect water sources from contamination.,684309,47902,0.826,54.6,123.9
216,Ganderbal,Jammu And Kashmir,4.56,cold wave,4.56,High cold wave hazard (4.6).,Distribute blankets and warm clothing; open night shelters; ensure hot water supply.,493601,46892,0.864,78.4,0.0
217,Rajkot,Gujarat,4.55,flood,3.67,High flood hazard (3.7) compounded by high population (5.0M).,Prioritise flood early warning for dense settlements; child-safe evacuation points.,5025205,427142,0.91,85.4,78.1
218,South Tripura,Tripura,4.55,flood,4.55,High flood hazard (4.5) compounded by poor water access (90%).,Protect water infrastructure from flood damage; deploy emergency tanker supply protocol.,484678,38774,0.825,68.6,86.9
219,North Tripura,Mizoram,4.55,flood,4.55,High flood hazard (4.5) compounded by poor water access (76%).,Protect water infrastructure from flood damage; deploy emergency tanker supply protocol.,946985,76668,0.808,74.1,95.0
220,Moga,Punjab,4.54,wet-bulb heat,4.54,High wet-bulb heat hazard (4.5) compounded by high population (1.4M) and groundwater stress (1.00).,Restrict outdoor labour during high wet-bulb days; deploy mobile health units with IV fluids.,1393768,104532,0.911,87.8,105.7
221,South West Garo Hills,Assam,4.54,flood,4.54,High flood hazard (4.5) compounded by poor water access (59%) and low adaptive capacity.,Protect water infrastructure from flood damage; deploy emergency tanker supply protocol.,47255,4490,0.749,71.4,87.7
222,Sant Ravidas Nagar (Bhadohi),Uttar Pradesh,4.54,wet-bulb heat,4.54,High wet-bulb heat hazard (4.5) compounded by high population (2.1M).,Restrict outdoor labour during high wet-bulb days; deploy mobile health units with IV fluids.,2073549,248826,0.795,68.8,105.0
223,Khowai,Tripura,4.54,flood,4.54,High flood hazard (4.5) compounded by poor water access (83%).,Protect water infrastructure from flood damage; deploy emergency tanker supply protocol.,483719,38698,0.821,67.8,94.4
224,Bara Banki,Uttar Pradesh,4.53,wet-bulb heat,3.65,High wet-bulb heat hazard (3.6) compounded by poor sanitation (62%) and high population (5.7M).,Restrict outdoor labour on high wet-bulb days; mobile health units; community awareness.,5691481,682977,0.72,62.4,99.9
225,Kasaragod,Kerala,4.52,flood,4.4,High flood hazard (4.4) compounded by high population (1.4M).,Prioritise flood early warning for dense settlements; child-safe evacuation points.,1353157,87956,0.976,98.9,73.1
226,Rupnagar,Punjab,4.52,flood,4.52,High flood hazard (4.5) compounded by high population (1.1M).,Prioritise flood early warning for dense settlements; child-safe evacuation points.,1097364,82303,0.925,84.0,80.2
227,Ambala,Haryana,4.52,flood,4.52,High flood hazard (4.5) compounded by high population (1.4M) and groundwater stress (0.63).,Prioritise flood early warning for dense settlements; child-safe evacuation points.,1432574,116300,0.928,87.2,67.1
228,Bishnupur,Manipur,4.52,flood,4.52,High flood hazard (4.5) compounded by poor sanitation (53%) and poor water access (78%).,Upgrade to flood-resilient sealed sanitation (DEWATS/sealed septic); protect water sources from contamination.,199810,16984,0.776,52.6,4.0
229,Gomati,Tripura,4.51,flood,4.51,High flood hazard (4.5) compounded by poor water access (88%).,Protect water infrastructure from flood damage; deploy emergency tanker supply protocol.,688307,55064,0.845,77.4,86.2
230,West Tripura,Tripura,4.51,flood,4.51,High flood hazard (4.5) compounded by high population (1.1M).,Prioritise flood early warning for dense settlements; child-safe evacuation points.,1097793,87823,0.891,80.2,92.4
231,Malappuram,Kerala,4.5,flood,4.13,High flood hazard (4.1) compounded by high population (6.2M).,Prioritise flood early warning for dense settlements; child-safe evacuation points.,6240236,405616,0.993,99.9,86.2
232,Koch Bihar,West Bengal,4.5,flood,4.5,High flood hazard (4.5) compounded by high population (4.3M).,Prioritise flood early warning for dense settlements; child-safe evacuation points.,4340311,347225,0.862,75.7,84.2
233,Kachchh,Gujarat,4.49,wet-bulb heat,2.9,High wet-bulb heat hazard (2.9) compounded by high population (3.5M).,Restrict outdoor labour during high wet-bulb days; deploy mobile health units with IV fluids.,3504124,297840,0.889,85.8,84.6
234,Koraput,Chhattisgarh,4.49,flood,3.79,High flood hazard (3.8) compounded by poor sanitation (39%) and poor water access (90%).,Upgrade to flood-resilient sealed sanitation (DEWATS/sealed septic); protect water sources from contamination.,2411336,241135,0.664,39.4,22.8
235,Shimoga,Karnataka,4.49,flood,3.67,High flood hazard (3.7) compounded by high population (2.7M).,Prioritise flood early warning for dense settlements; child-safe evacuation points.,2654887,212392,0.902,85.4,34.6
236,Chandel,Manipur,4.48,flood,4.46,High flood hazard (4.5) compounded by poor water access (69%).,Protect water infrastructure from flood damage; deploy emergency tanker supply protocol.,354627,30142,0.777,85.2,4.2
237,Jamnagar,Gujarat,4.47,wet-bulb heat,3.51,High wet-bulb heat hazard (3.5) compounded by high population (2.2M).,Restrict outdoor labour during high wet-bulb days; deploy mobile health units with IV fluids.,2203326,187282,0.906,86.6,95.5
238,Dewas,Madhya Pradesh,4.47,flood,3.98,High flood hazard (4.0) compounded by high population (2.5M).,Prioritise flood early warning for dense settlements; child-safe evacuation points.,2545630,280020,0.79,69.6,47.6
239,Doda,Jammu And Kashmir,4.47,cold wave,4.47,High cold wave hazard (4.5).,Distribute blankets and warm clothing; open night shelters; ensure hot water supply.,459318,43614,0.807,70.9,0.0
240,Sri Potti Sriramulu Nellore,Andhra Pradesh,4.45,wet-bulb heat,3.53,High wet-bulb heat hazard (3.5) compounded by high population (4.5M).,Restrict outdoor labour during high wet-bulb days; deploy mobile health units with IV fluids.,4509117,338182,0.875,81.8,111.2
241,Firozpur,Punjab,4.45,wet-bulb heat,2.59,High wet-bulb heat hazard (2.6) compounded by high population (1.3M).,Restrict outdoor labour during high wet-bulb days; deploy mobile health units with IV fluids.,1327622,99572,0.901,84.8,72.7
242,Imphal East,Manipur,4.44,flood,4.44,High flood hazard (4.4) compounded by poor sanitation (60%) and poor water access (90%).,Upgrade to flood-resilient sealed sanitation (DEWATS/sealed septic); protect water sources from contamination.,483181,41070,0.823,59.5,2.9
243,Maldah,West Bengal,4.43,wet-bulb heat,3.77,High wet-bulb heat hazard (3.8) compounded by poor sanitation (62%) and high population (5.7M).,Restrict outdoor labour on high wet-bulb days; mobile health units; community awareness.,5731973,458557,0.809,62.0,89.6
244,Ribhoi,Assam,4.43,flood,3.8,High flood hazard (3.8) compounded by poor water access (86%).,Protect water infrastructure from flood damage; deploy emergency tanker supply protocol.,323217,32690,0.802,85.3,6.8
245,Churachandpur,Manipur,4.43,flood,4.43,High flood hazard (4.4) compounded by poor water access (62%).,Protect water infrastructure from flood damage; deploy emergency tanker supply protocol.,482462,41008,0.781,81.2,4.9
246,Ratnagiri,Maharashtra,4.42,flood,4.38,High flood hazard (4.4) compounded by poor water access (91%) and high population (2.0M).,Protect water infrastructure from flood damage; deploy emergency tanker supply protocol.,2003351,169480,0.9,85.6,81.4
247,Dakshina Kannada,Kerala,4.42,flood,4.14,High flood hazard (4.1) compounded by poor water access (89%) and high population (2.9M).,Protect water infrastructure from flood damage; deploy emergency tanker supply protocol.,2918265,189688,0.958,97.1,97.2
248,Noney,Manipur,4.42,flood,4.42,High flood hazard (4.4) compounded by poor water access (0%) and poor sanitation (0%).,Protect water infrastructure from flood damage; deploy emergency tanker supply protocol.,32202,2738,0.0,0.0,12.8
249,Pathankot,Himachal Pradesh,4.42,flood,4.42,High flood hazard (4.4).,Strengthen drainage + emergency WASH response capacity; pre-position ORS and water purification supplies.,917575,65427,0.91,79.2,55.0
250,Kangpokpi,Manipur,4.4,flood,4.4,High flood hazard (4.4) compounded by poor water access (0%) and poor sanitation (0%).,Protect water infrastructure from flood damage; deploy emergency tanker supply protocol.,777630,66099,0.0,0.0,2.8
251,Gadchiroli,Chhattisgarh,4.39,flood,3.94,High flood hazard (3.9) compounded by poor water access (83%) and poor sanitation (62%).,Protect water infrastructure from flood damage; deploy emergency tanker supply protocol.,1595980,159598,0.789,62.4,96.9
252,Bhavnagar,Gujarat,4.39,wet-bulb heat,3.33,High wet-bulb heat hazard (3.3) compounded by high population (3.5M).,Restrict outdoor labour during high wet-bulb days; deploy mobile health units with IV fluids.,3450650,293304,0.844,72.9,83.9
253,Kannur,Kerala,4.39,flood,4.28,High flood hazard (4.3) compounded by high population (2.7M).,Prioritise flood early warning for dense settlements; child-safe evacuation points.,2731380,177539,0.984,99.5,77.9
254,Una,Punjab,4.39,flood,4.39,High flood hazard (4.4) compounded by high population (1.0M).,Prioritise flood early warning for dense settlements; child-safe evacuation points.,1042307,76239,0.913,81.4,63.5
255,Thiruvananthapuram,Kerala,4.39,flood,4.37,High flood hazard (4.4) compounded by high population (4.9M).,Prioritise flood early warning for dense settlements; child-safe evacuation points.,4929206,320397,0.97,95.4,27.7
256,Kozhikode,Kerala,4.38,flood,4.08,High flood hazard (4.1) compounded by high population (3.8M).,Prioritise flood early warning for dense settlements; child-safe evacuation points.,3808431,247547,0.983,99.6,66.1
257,Sant Kabir Nagar,Uttar Pradesh,4.38,flood,3.91,High flood hazard (3.9) compounded by poor sanitation (65%) and high population (1.9M).,Upgrade to flood-resilient sealed sanitation (DEWATS/sealed septic); protect water sources from contamination.,1940626,232876,0.778,65.1,83.6
258,South Andaman,Andaman And Nicobar Islands,4.38,flood,4.36,High flood hazard (4.4).,Strengthen drainage + emergency WASH response capacity; pre-position ORS and water purification supplies.,164110,11488,0.94,89.3,22.2
259,Ranipet,Tamil Nadu,4.37,wet-bulb heat,3.91,High wet-bulb heat hazard (3.9) compounded by poor water access (0%) and poor sanitation (0%).,Restrict outdoor labour on high wet-bulb days; mobile health units; community awareness.,2060977,144268,0.0,0.0,112.4
260,Nicobars,Andaman And Nicobar Islands,4.34,flood,4.34,High flood hazard (4.3).,Strengthen drainage + emergency WASH response capacity; pre-position ORS and water purification supplies.,37328,2612,0.925,83.5,10.7
261,Anjaw,Arunachal Pradesh,4.32,cold wave,4.11,High cold wave hazard (4.1) compounded by poor water access (87%).,Night shelters; blanket distribution; hot meal programmes; protect water pipes from freezing.,50123,4764,0.825,86.8,1.4
262,Gariaband,Chhattisgarh,4.32,wet-bulb heat,4.07,High wet-bulb heat hazard (4.1) compounded by high population (1.1M) and low adaptive capacity.,Restrict outdoor labour during high wet-bulb days; deploy mobile health units with IV fluids.,1092059,109207,0.0,81.0,76.1
263,Chhindwara,Madhya Pradesh,4.31,wet-bulb heat,3.34,High wet-bulb heat hazard (3.3) compounded by poor water access (89%) and high population (3.5M).,Restrict outdoor labour on high wet-bulb days; mobile health units; community awareness.,3474941,369639,0.817,77.1,38.9
264,Mamit,Mizoram,4.31,flood,4.31,High flood hazard (4.3).,Strengthen drainage + emergency WASH response capacity; pre-position ORS and water purification supplies.,194190,17476,0.906,92.7,74.9
265,Fatehgarh Sahib,Punjab,4.3,wet-bulb heat,4.3,High wet-bulb heat hazard (4.3) compounded by groundwater stress (0.76).,Restrict outdoor labour on high wet-bulb days; mobile health units; community awareness.,833237,62493,0.935,87.6,94.6
266,Chamba,Himachal Pradesh,4.29,cold wave,3.88,High cold wave hazard (3.9) compounded by poor water access (86%).,Night shelters; blanket distribution; hot meal programmes; protect water pipes from freezing.,881393,61697,0.859,86.5,1.7
267,Gaurella Pendra Marwahi,Chhattisgarh,4.29,wet-bulb heat,3.96,High wet-bulb heat hazard (4.0) compounded by poor water access (0%) and poor sanitation (0%).,Restrict outdoor labour on high wet-bulb days; mobile health units; community awareness.,491525,49153,0.0,0.0,41.1
268,Jagtial,Telangana,4.28,wet-bulb heat,4.28,High wet-bulb heat hazard (4.3) compounded by poor water access (0%) and poor sanitation (0%).,Restrict outdoor labour on high wet-bulb days; mobile health units; community awareness.,1312993,98475,0.0,0.0,79.7
269,Vizianagaram,Chhattisgarh,4.28,wet-bulb heat,4.28,High wet-bulb heat hazard (4.3) compounded by poor sanitation (62%) and high population (3.3M).,Restrict outdoor labour on high wet-bulb days; mobile health units; community awareness.,3312900,331291,0.782,61.7,113.5
270,Barnala,Punjab,4.28,wet-bulb heat,4.28,High wet-bulb heat hazard (4.3) compounded by groundwater stress (1.00).,Restrict outdoor labour on high wet-bulb days; mobile health units; community awareness.,649379,50555,0.928,90.7,105.6
271,Garhwal,Uttarakhand,4.27,flood,3.55,High flood hazard (3.5) compounded by poor water access (84%) and high population (1.1M).,Protect water infrastructure from flood damage; deploy emergency tanker supply protocol.,1129078,95970,0.0,83.3,19.5
272,Hoshiarpur,Punjab,4.27,flood,4.24,High flood hazard (4.2) compounded by high population (2.4M) and groundwater stress (0.52).,Prioritise flood early warning for dense settlements; child-safe evacuation points.,2369071,177680,0.95,89.7,73.6
273,Banas Kantha,Gujarat,4.26,flood,3.16,High flood hazard (3.2) compounded by poor sanitation (54%) and high population (5.0M).,Upgrade to flood-resilient sealed sanitation (DEWATS/sealed septic); protect water sources from contamination.,4963989,421941,0.77,53.9,69.2
274,West Jaintia Hills,Meghalaya,4.25,flood,4.25,High flood hazard (4.2) compounded by poor water access (71%) and low adaptive capacity.,Protect water infrastructure from flood damage; deploy emergency tanker supply protocol.,450816,49282,0.69,75.1,11.8
275,Visakhapatnam,Chhattisgarh,4.24,wet-bulb heat,2.79,High wet-bulb heat hazard (2.8) compounded by high population (5.5M).,Restrict outdoor labour during high wet-bulb days; deploy mobile health units with IV fluids.,5516719,540077,0.833,77.8,74.5
276,Lawngtlai,Mizoram,4.24,flood,4.24,High flood hazard (4.2) compounded by poor water access (82%).,Protect water infrastructure from flood damage; deploy emergency tanker supply protocol.,123483,11114,0.809,90.3,39.0
277,Pakur,Bihar,4.24,wet-bulb heat,4.24,High wet-bulb heat hazard (4.2) compounded by poor sanitation (38%) and poor water access (89%).,Restrict outdoor labour on high wet-bulb days; mobile health units; community awareness.,1343168,137724,0.621,38.3,100.1
278,Jangaon,Telangana,4.2,wet-bulb heat,4.2,High wet-bulb heat hazard (4.2) compounded by poor water access (0%) and poor sanitation (0%).,Restrict outdoor labour on high wet-bulb days; mobile health units; community awareness.,797079,59781,0.0,0.0,73.1
279,The Dangs,Maharashtra,4.2,flood,4.2,High flood hazard (4.2) compounded by poor water access (91%).,Protect water infrastructure from flood damage; deploy emergency tanker supply protocol.,336204,28577,0.8,71.7,42.7
280,Munger,Bihar,4.19,flood,2.09,High flood hazard (2.1) compounded by poor sanitation (63%) and high population (2.6M).,Upgrade to flood-resilient sealed sanitation (DEWATS/sealed septic); protect water sources from contamination.,2566820,333687,0.767,62.8,47.1
281,Champhai,Mizoram,4.18,flood,4.18,High flood hazard (4.2).,Strengthen drainage + emergency WASH response capacity; pre-position ORS and water purification supplies.,83889,7550,0.97,98.3,5.0
282,Niwari,Madhya Pradesh,4.17,wet-bulb heat,4.17,High wet-bulb heat hazard (4.2) compounded by poor water access (0%) and poor sanitation (0%).,Restrict outdoor labour on high wet-bulb days; mobile health units; community awareness.,523463,57582,0.0,0.0,87.1
283,Serchhip,Mizoram,4.16,flood,4.16,High flood hazard (4.2).,Strengthen drainage + emergency WASH response capacity; pre-position ORS and water purification supplies.,130749,11767,0.969,98.2,10.1
284,Ramanathapuram,Tamil Nadu,4.15,wet-bulb heat,3.7,High wet-bulb heat hazard (3.7) compounded by high population (1.3M).,Restrict outdoor labour during high wet-bulb days; deploy mobile health units with IV fluids.,1288636,90205,0.902,78.6,120.5
285,Katni,Madhya Pradesh,4.13,flood,3.44,High flood hazard (3.4) compounded by poor sanitation (54%) and high population (2.1M).,Upgrade to flood-resilient sealed sanitation (DEWATS/sealed septic); protect water sources from contamination.,2056819,226251,0.753,53.5,64.2
286,Kanniyakumari,Kerala,4.13,wet-bulb heat,3.47,High wet-bulb heat hazard (3.5) compounded by high population (2.4M).,Restrict outdoor labour during high wet-bulb days; deploy mobile health units with IV fluids.,2365749,153773,0.982,96.2,59.4
287,Sangrur,Punjab,4.12,wet-bulb heat,4.12,High wet-bulb heat hazard (4.1) compounded by high population (3.0M) and groundwater stress (1.00).,Restrict outdoor labour during high wet-bulb days; deploy mobile health units with IV fluids.,2976682,233023,0.929,92.4,98.3
288,Kallakurichi,Tamil Nadu,4.12,wet-bulb heat,3.88,High wet-bulb heat hazard (3.9) compounded by poor water access (0%) and poor sanitation (0%).,Restrict outdoor labour on high wet-bulb days; mobile health units; community awareness.,1942286,135960,0.0,0.0,113.5
289,Saharsa,Bihar,4.11,wet-bulb heat,3.44,High wet-bulb heat hazard (3.4) compounded by poor sanitation (40%) and high population (3.5M).,Restrict outdoor labour on high wet-bulb days; mobile health units; community awareness.,3466714,450673,0.641,40.5,91.0
290,Mokokchung,Nagaland,4.1,flood,3.68,High flood hazard (3.7).,Strengthen drainage + emergency WASH response capacity; pre-position ORS and water purification supplies.,441372,39724,0.876,96.7,23.0
291,Patiala,Haryana,4.1,wet-bulb heat,4.1,High wet-bulb heat hazard (4.1) compounded by high population (3.2M) and groundwater stress (1.00).,Restrict outdoor labour during high wet-bulb days; deploy mobile health units with IV fluids.,3191005,246497,0.92,88.1,95.2
292,Kangra,Himachal Pradesh,4.07,flood,2.72,High flood hazard (2.7) compounded by high population (2.2M).,Prioritise flood early warning for dense settlements; child-safe evacuation points.,2174193,152192,0.896,73.3,20.9
293,Bhadradri,Andhra Pradesh,4.03,wet-bulb heat,3.8,High wet-bulb heat hazard (3.8) compounded by high population (1.9M) and low adaptive capacity.,Restrict outdoor labour during high wet-bulb days; deploy mobile health units with IV fluids.,1926462,144484,0.0,75.3,97.0
294,Kondagaon,Chhattisgarh,4.02,flood,3.66,High flood hazard (3.7) compounded by poor water access (0%) and poor sanitation (0%).,Protect water infrastructure from flood damage; deploy emergency tanker supply protocol.,878971,87897,0.0,0.0,36.1
295,Bemetra,Chhattisgarh,4.01,wet-bulb heat,4.01,High wet-bulb heat hazard (4.0) compounded by high population (1.3M).,Restrict outdoor labour during high wet-bulb days; deploy mobile health units with IV fluids.,1321313,132132,0.854,80.5,99.0
296,Nuapada,Chhattisgarh,4.0,wet-bulb heat,3.88,High wet-bulb heat hazard (3.9) compounded by poor sanitation (58%) and low adaptive capacity.,Restrict outdoor labour on high wet-bulb days; mobile health units; community awareness.,814443,81445,0.756,58.4,82.5
297,Basti,Uttar Pradesh,4.0,flood,3.53,High flood hazard (3.5) compounded by poor sanitation (64%) and high population (4.5M).,Upgrade to flood-resilient sealed sanitation (DEWATS/sealed septic); protect water sources from contamination.,4497645,539717,0.783,64.2,88.5
298,Kamjong,Manipur,4.0,flood,4.0,High flood hazard (4.0) compounded by poor water access (0%) and poor sanitation (0%).,Protect water infrastructure from flood damage; deploy emergency tanker supply protocol.,77227,6564,0.0,0.0,4.0
299,Anantnag,Jammu And Kashmir,3.99,cold wave,3.99,High cold wave hazard (4.0) compounded by high population (1.2M).,Targeted protection for elderly and children; heated community spaces.,1189134,112968,0.888,84.7,0.0
300,Sahibzada Ajit Singh Nagar,Punjab,3.99,flood,3.94,High flood hazard (3.9) compounded by high population (2.9M).,Prioritise flood early warning for dense settlements; child-safe evacuation points.,2866972,215024,0.933,87.6,69.2
301,Changlang,Arunachal Pradesh,3.98,flood,3.16,High flood hazard (3.2) compounded by poor water access (82%).,Protect water infrastructure from flood damage; deploy emergency tanker supply protocol.,457542,43466,0.797,82.3,22.9
302,Lunglei,Mizoram,3.98,flood,3.59,High flood hazard (3.6).,Strengthen drainage + emergency WASH response capacity; pre-position ORS and water purification supplies.,240457,21640,0.926,95.6,52.5
303,Chandrapur,Maharashtra,3.97,flood,3.56,High flood hazard (3.6) compounded by high population (3.2M).,Prioritise flood early warning for dense settlements; child-safe evacuation points.,3219683,281880,0.89,77.3,92.0
304,Faridkot,Punjab,3.97,wet-bulb heat,3.97,High wet-bulb heat hazard (4.0).,Stock cooling equipment at PHCs; community wet-bulb awareness campaigns.,985186,73889,0.895,87.5,105.4
305,Bargarh,Odisha,3.96,wet-bulb heat,3.45,High wet-bulb heat hazard (3.5) compounded by poor sanitation (62%) and high population (2.0M).,Restrict outdoor labour on high wet-bulb days; mobile health units; community awareness.,2031947,177580,0.812,61.9,102.0
306,Betul,Maharashtra,3.96,flood,3.84,High flood hazard (3.8) compounded by poor sanitation (60%) and poor water access (87%).,Upgrade to flood-resilient sealed sanitation (DEWATS/sealed septic); protect water sources from contamination.,2392170,203334,0.79,59.8,31.6
307,Shahid Bhagat Singh Nagar,Punjab,3.94,wet-bulb heat,3.88,High wet-bulb heat hazard (3.9).,Stock cooling equipment at PHCs; community wet-bulb awareness campaigns.,799678,59977,0.95,91.3,91.1
308,Rayagada,Chhattisgarh,3.93,wet-bulb heat,3.92,High wet-bulb heat hazard (3.9) compounded by poor sanitation (50%) and poor water access (91%).,Restrict outdoor labour on high wet-bulb days; mobile health units; community awareness.,1664877,166486,0.678,50.5,68.4
309,Idukki,Kerala,3.92,flood,3.2,High flood hazard (3.2) compounded by poor water access (82%) and high population (1.6M).,Protect water infrastructure from flood damage; deploy emergency tanker supply protocol.,1607306,110619,0.943,97.5,22.3
310,Vidisha,Madhya Pradesh,3.92,flood,3.13,High flood hazard (3.1) compounded by poor sanitation (65%) and high population (2.6M).,Upgrade to flood-resilient sealed sanitation (DEWATS/sealed septic); protect water sources from contamination.,2570946,282804,0.781,65.2,51.2
311,Baghpat,Uttar Pradesh,3.91,wet-bulb heat,3.51,High wet-bulb heat hazard (3.5) compounded by high population (2.4M) and groundwater stress (0.87).,Restrict outdoor labour during high wet-bulb days; deploy mobile health units with IV fluids.,2395167,287421,0.845,87.0,95.5
312,Rohtas,Uttar Pradesh,3.91,wet-bulb heat,3.91,High wet-bulb heat hazard (3.9) compounded by high population (5.2M).,Restrict outdoor labour during high wet-bulb days; deploy mobile health units with IV fluids.,5195570,633810,0.808,69.0,107.6
313,Pithoragarh,Uttarakhand,3.9,flood,2.51,High flood hazard (2.5) compounded by poor water access (91%).,Protect water infrastructure from flood damage; deploy emergency tanker supply protocol.,718159,61045,0.884,84.5,3.7
314,Thoubal,Manipur,3.9,flood,3.9,High flood hazard (3.9) compounded by poor water access (72%) and poor sanitation (61%).,Protect water infrastructure from flood damage; deploy emergency tanker supply protocol.,287109,24404,0.78,61.3,2.7
315,Tarn Taran,Punjab,3.89,wet-bulb heat,3.89,High wet-bulb heat hazard (3.9) compounded by high population (1.4M).,Restrict outdoor labour during high wet-bulb days; deploy mobile health units with IV fluids.,1394642,104599,0.88,82.0,97.5
316,Mandsaur,Madhya Pradesh,3.88,flood,3.09,High flood hazard (3.1) compounded by poor water access (78%) and poor sanitation (65%).,Protect water infrastructure from flood damage; deploy emergency tanker supply protocol.,1938148,219476,0.767,65.4,52.5
317,Kabeerdham,Chhattisgarh,3.86,wet-bulb heat,3.85,High wet-bulb heat hazard (3.9) compounded by high population (1.6M).,Restrict outdoor labour during high wet-bulb days; deploy mobile health units with IV fluids.,1624887,162487,0.839,80.3,82.3
318,Kodagu,Kerala,3.86,flood,3.86,High flood hazard (3.9) compounded by poor water access (89%).,Protect water infrastructure from flood damage; deploy emergency tanker supply protocol.,877627,57045,0.941,93.9,19.1
319,Buxar,Uttar Pradesh,3.86,wet-bulb heat,3.86,High wet-bulb heat hazard (3.9) compounded by poor sanitation (52%) and high population (2.1M).,Restrict outdoor labour on high wet-bulb days; mobile health units; community awareness.,2085684,253025,0.756,52.4,104.7
320,Guntur,Andhra Pradesh,3.85,wet-bulb heat,3.75,High wet-bulb heat hazard (3.8) compounded by high population (7.6M).,Restrict outdoor labour during high wet-bulb days; deploy mobile health units with IV fluids.,7589914,569246,0.886,83.4,120.5
321,Amethi,Uttar Pradesh,3.84,wet-bulb heat,3.84,High wet-bulb heat hazard (3.8) compounded by poor sanitation (61%) and high population (3.9M).,Restrict outdoor labour on high wet-bulb days; mobile health units; community awareness.,3918542,470225,0.766,60.9,104.6
322,Bhandara,Maharashtra,3.84,wet-bulb heat,3.75,High wet-bulb heat hazard (3.8) compounded by high population (1.4M).,Restrict outdoor labour during high wet-bulb days; deploy mobile health units with IV fluids.,1424938,127894,0.892,81.8,97.9
323,Mansa,Haryana,3.83,wet-bulb heat,3.83,High wet-bulb heat hazard (3.8) compounded by high population (1.1M).,Restrict outdoor labour during high wet-bulb days; deploy mobile health units with IV fluids.,1096832,98716,0.879,85.4,98.9
324,Kurukshetra,Haryana,3.82,wet-bulb heat,3.69,High wet-bulb heat hazard (3.7) compounded by high population (1.8M) and groundwater stress (1.00).,Restrict outdoor labour during high wet-bulb days; deploy mobile health units with IV fluids.,1798595,161873,0.911,82.6,86.4
325,Kaushambi,Uttar Pradesh,3.82,wet-bulb heat,3.15,High wet-bulb heat hazard (3.1) compounded by poor sanitation (60%) and high population (2.3M).,Restrict outdoor labour on high wet-bulb days; mobile health units; community awareness.,2264840,271781,0.738,59.6,91.8
326,Lower Siang,Assam,3.82,flood,3.62,High flood hazard (3.6) compounded by poor water access (0%) and poor sanitation (0%).,Protect water infrastructure from flood damage; deploy emergency tanker supply protocol.,131670,12509,0.0,0.0,32.6
327,Khagaria,Bihar,3.82,wet-bulb heat,2.81,High wet-bulb heat hazard (2.8) compounded by poor sanitation (65%) and high population (2.5M).,Restrict outdoor labour on high wet-bulb days; mobile health units; community awareness.,2541175,330354,0.716,65.0,68.1
328,Komaram Bheem,Maharashtra,3.81,flood,3.61,High flood hazard (3.6) compounded by poor water access (20%) and poor sanitation (12%).,Protect water infrastructure from flood damage; deploy emergency tanker supply protocol.,677034,57302,0.162,11.6,73.7
329,Bathinda,Punjab,3.81,wet-bulb heat,3.81,High wet-bulb heat hazard (3.8) compounded by high population (2.4M) and groundwater stress (0.66).,Restrict outdoor labour during high wet-bulb days; deploy mobile health units with IV fluids.,2383187,189421,0.902,88.4,104.9
330,Mungeli,Chhattisgarh,3.81,wet-bulb heat,3.81,High wet-bulb heat hazard (3.8) compounded by high population (1.0M).,Restrict outdoor labour during high wet-bulb days; deploy mobile health units with IV fluids.,1013161,101316,0.808,80.7,92.1
331,Uttar Bastar Kanker,Chhattisgarh,3.8,flood,3.13,High flood hazard (3.1) compounded by high population (1.1M).,Prioritise flood early warning for dense settlements; child-safe evacuation points.,1130306,113029,0.861,80.5,59.1
332,Karnal,Haryana,3.8,wet-bulb heat,3.79,High wet-bulb heat hazard (3.8) compounded by high population (2.4M) and groundwater stress (0.69).,Restrict outdoor labour during high wet-bulb days; deploy mobile health units with IV fluids.,2392012,238645,0.902,83.5,87.4
333,Kapurthala,Punjab,3.79,wet-bulb heat,3.79,High wet-bulb heat hazard (3.8) compounded by high population (1.8M) and groundwater stress (0.68).,Restrict outdoor labour during high wet-bulb days; deploy mobile health units with IV fluids.,1792520,134438,0.928,87.7,92.3
334,Kamareddy,Telangana,3.77,wet-bulb heat,3.77,High wet-bulb heat hazard (3.8) compounded by high population (1.2M).,Restrict outdoor labour during high wet-bulb days; deploy mobile health units with IV fluids.,1183323,88751,0.832,68.2,58.9
335,Budaun,Uttar Pradesh,3.77,flood,3.16,High flood hazard (3.2) compounded by high population (5.1M) and groundwater stress (0.61).,Prioritise flood early warning for dense settlements; child-safe evacuation points.,5140314,616837,0.731,69.7,77.8
336,Dhenkanal,Odisha,3.77,wet-bulb heat,2.47,High wet-bulb heat hazard (2.5) compounded by poor water access (63%) and poor sanitation (58%).,Restrict outdoor labour on high wet-bulb days; mobile health units; community awareness.,1946295,165434,0.728,58.2,85.1
337,Sultanpur,Uttar Pradesh,3.76,wet-bulb heat,3.76,High wet-bulb heat hazard (3.8) compounded by poor sanitation (65%) and high population (3.6M).,Restrict outdoor labour on high wet-bulb days; mobile health units; community awareness.,3579350,429522,0.788,65.1,104.2
338,Palakkad,Kerala,3.76,flood,3.2,High flood hazard (3.2) compounded by high population (3.9M).,Prioritise flood early warning for dense settlements; child-safe evacuation points.,3897183,253319,0.976,99.0,70.9
339,Uttarkashi,Uttarakhand,3.76,cold wave,3.65,High cold wave hazard (3.6).,Distribute blankets and warm clothing; open night shelters; ensure hot water supply.,689277,58590,0.863,75.7,2.3
340,Nirmal,Maharashtra,3.75,wet-bulb heat,3.41,High wet-bulb heat hazard (3.4) compounded by poor sanitation (64%) and high population (1.0M).,Restrict outdoor labour on high wet-bulb days; mobile health units; community awareness.,1025963,82431,0.817,63.6,70.7
341,Janjgir-Champa,Chhattisgarh,3.75,wet-bulb heat,3.45,High wet-bulb heat hazard (3.5) compounded by high population (3.2M).,Restrict outdoor labour during high wet-bulb days; deploy mobile health units with IV fluids.,3248425,324843,0.838,78.8,94.8
342,Badgam,Jammu And Kashmir,3.75,cold wave,3.75,High cold wave hazard (3.8).,Distribute blankets and warm clothing; open night shelters; ensure hot water supply.,953102,90545,0.871,77.0,0.0
343,Subarnapur,Odisha,3.74,flood,3.6,High flood hazard (3.6) compounded by poor sanitation (67%) and high population (1.1M).,Upgrade to flood-resilient sealed sanitation (DEWATS/sealed septic); protect water sources from contamination.,1091921,92812,0.818,66.7,102.2
344,Baramula,Jammu And Kashmir,3.74,cold wave,3.73,High cold wave hazard (3.7) compounded by high population (1.8M).,Targeted protection for elderly and children; heated community spaces.,1762082,167399,0.857,77.7,0.0
345,Nayagarh,Odisha,3.71,wet-bulb heat,3.47,High wet-bulb heat hazard (3.5) compounded by poor water access (83%) and poor sanitation (67%).,Restrict outdoor labour on high wet-bulb days; mobile health units; community awareness.,1594392,135523,0.806,67.1,106.8
346,Dima Hasao,Manipur,3.71,flood,3.59,High flood hazard (3.6) compounded by poor water access (50%).,Protect water infrastructure from flood damage; deploy emergency tanker supply protocol.,349304,29688,0.795,83.8,26.2
347,Jalandhar,Punjab,3.7,wet-bulb heat,3.7,High wet-bulb heat hazard (3.7) compounded by high population (2.6M) and groundwater stress (0.86).,Restrict outdoor labour during high wet-bulb days; deploy mobile health units with IV fluids.,2566364,192477,0.93,88.2,87.7
348,East Jaintia Hills,Meghalaya,3.68,flood,3.55,High flood hazard (3.5) compounded by poor water access (75%) and low adaptive capacity.,Protect water infrastructure from flood damage; deploy emergency tanker supply protocol.,175803,19275,0.731,83.6,14.1
349,Darjiling,West Bengal,3.68,flood,3.23,High flood hazard (3.2) compounded by poor water access (91%) and high population (2.3M).,Protect water infrastructure from flood damage; deploy emergency tanker supply protocol.,2298789,183902,0.0,83.0,23.2
350,West Kameng,Arunachal Pradesh,3.67,cold wave,2.15,High cold wave hazard (2.1).,Distribute blankets and warm clothing; open night shelters; ensure hot water supply.,249601,23713,0.879,88.9,3.4
351,Jalor,Rajasthan,3.67,wet-bulb heat,2.18,High wet-bulb heat hazard (2.2) compounded by high population (3.0M) and groundwater stress (0.94).,Restrict outdoor labour during high wet-bulb days; deploy mobile health units with IV fluids.,2952600,333782,0.829,77.4,66.9
352,Arwal,Bihar,3.67,wet-bulb heat,3.67,High wet-bulb heat hazard (3.7) compounded by poor sanitation (43%) and high population (1.1M).,Restrict outdoor labour on high wet-bulb days; mobile health units; community awareness.,1116330,145123,0.69,43.4,104.0
353,Mulugu,Andhra Pradesh,3.66,wet-bulb heat,3.66,High wet-bulb heat hazard (3.7) compounded by poor water access (0%) and poor sanitation (0%).,Restrict outdoor labour on high wet-bulb days; mobile health units; community awareness.,352624,26446,0.0,0.0,95.2
354,Sagar,Madhya Pradesh,3.65,flood,3.21,High flood hazard (3.2) compounded by poor water access (87%) and high population (3.6M).,Protect water infrastructure from flood damage; deploy emergency tanker supply protocol.,3575093,393261,0.773,68.8,47.9
355,Bikaner,Rajasthan,3.65,drought,2.57,High drought hazard (2.6) compounded by high population (4.1M) and groundwater stress (1.00).,Diversify water sources; rainwater harvesting; demand management; MGNREGA drought works.,4093652,470770,0.82,79.8,52.7
356,Kupwara,Jammu And Kashmir,3.64,cold wave,3.64,High cold wave hazard (3.6) compounded by poor water access (88%) and high population (1.6M).,Night shelters; blanket distribution; hot meal programmes; protect water pipes from freezing.,1587227,150785,0.835,67.7,0.0
357,Baloda Bazar,Chhattisgarh,3.63,wet-bulb heat,3.21,High wet-bulb heat hazard (3.2) compounded by high population (1.6M).,Restrict outdoor labour during high wet-bulb days; deploy mobile health units with IV fluids.,1586972,158697,0.819,78.9,88.5
358,Ambedkar Nagar,Uttar Pradesh,3.63,wet-bulb heat,3.37,High wet-bulb heat hazard (3.4) compounded by poor sanitation (64%) and high population (3.4M).,Restrict outdoor labour on high wet-bulb days; mobile health units; community awareness.,3389475,406738,0.799,63.6,98.4
359,Dehradun,Uttarakhand,3.63,flood,2.77,High flood hazard (2.8) compounded by high population (2.9M).,Prioritise flood early warning for dense settlements; child-safe evacuation points.,2856511,242804,0.907,83.9,18.4
360,Bilaspur,Himachal Pradesh,3.62,wet-bulb heat,3.24,High wet-bulb heat hazard (3.2) compounded by high population (3.6M).,Restrict outdoor labour during high wet-bulb days; deploy mobile health units with IV fluids.,3621248,341297,0.875,80.8,78.2
361,Hnahthial,Mizoram,3.62,flood,3.62,High flood hazard (3.6) compounded by poor water access (0%) and poor sanitation (0%).,Protect water infrastructure from flood damage; deploy emergency tanker supply protocol.,34757,3128,0.0,0.0,9.5
362,Gautam Buddha Nagar,Uttar Pradesh,3.62,wet-bulb heat,3.62,High wet-bulb heat hazard (3.6) compounded by high population (6.0M) and groundwater stress (0.78).,Restrict outdoor labour during high wet-bulb days; deploy mobile health units with IV fluids.,5965684,715882,0.827,74.0,81.9
363,Mahasamund,Chhattisgarh,3.61,wet-bulb heat,3.55,High wet-bulb heat hazard (3.5) compounded by high population (1.7M).,Restrict outdoor labour during high wet-bulb days; deploy mobile health units with IV fluids.,1739483,173948,0.858,84.2,86.5
364,Muktsar,Punjab,3.61,wet-bulb heat,3.61,High wet-bulb heat hazard (3.6) compounded by high population (1.6M).,Restrict outdoor labour during high wet-bulb days; deploy mobile health units with IV fluids.,1574415,120843,0.894,82.9,102.7
365,Adilabad,Maharashtra,3.61,wet-bulb heat,3.55,High wet-bulb heat hazard (3.5) compounded by poor sanitation (51%) and high population (1.1M).,Restrict outdoor labour on high wet-bulb days; mobile health units; community awareness.,1071503,91076,0.784,50.8,76.2
366,Ujjain,Madhya Pradesh,3.61,flood,3.07,High flood hazard (3.1) compounded by high population (3.3M).,Prioritise flood early warning for dense settlements; child-safe evacuation points.,3305307,363584,0.808,72.8,41.6
367,Wokha,Nagaland,3.59,flood,3.36,High flood hazard (3.4) compounded by poor water access (83%).,Protect water infrastructure from flood damage; deploy emergency tanker supply protocol.,278101,25029,0.814,88.5,11.0
368,Tiruvannamalai,Tamil Nadu,3.58,wet-bulb heat,2.94,High wet-bulb heat hazard (2.9) compounded by poor sanitation (62%) and high population (4.2M).,Restrict outdoor labour on high wet-bulb days; mobile health units; community awareness.,4189210,293246,0.861,61.7,105.5
369,Panipat,Haryana,3.58,wet-bulb heat,3.47,High wet-bulb heat hazard (3.5) compounded by high population (1.8M) and groundwater stress (0.68).,Restrict outdoor labour during high wet-bulb days; deploy mobile health units with IV fluids.,1817308,173989,0.894,79.3,89.2
370,Jehanabad,Bihar,3.58,wet-bulb heat,3.58,High wet-bulb heat hazard (3.6) compounded by poor sanitation (46%) and high population (1.7M).,Restrict outdoor labour on high wet-bulb days; mobile health units; community awareness.,1710704,222391,0.713,45.5,102.4
371,Satara,Maharashtra,3.57,flood,3.07,High flood hazard (3.1) compounded by high population (4.2M).,Prioritise flood early warning for dense settlements; child-safe evacuation points.,4232499,355993,0.891,78.7,29.3
372,Shupiyan,Jammu And Kashmir,3.57,cold wave,3.57,High cold wave hazard (3.6).,Distribute blankets and warm clothing; open night shelters; ensure hot water supply.,591649,56207,0.914,86.5,0.0
373,Dindori,Chhattisgarh,3.56,flood,3.41,High flood hazard (3.4) compounded by poor water access (66%) and poor sanitation (48%).,Protect water infrastructure from flood damage; deploy emergency tanker supply protocol.,1005294,106899,0.66,47.9,26.7
374,Singrauli,Uttar Pradesh,3.56,wet-bulb heat,2.0,High wet-bulb heat hazard (2.0) compounded by poor sanitation (53%) and poor water access (78%).,Restrict outdoor labour on high wet-bulb days; mobile health units; community awareness.,2737203,328378,0.669,52.6,50.1
375,Almora,Uttarakhand,3.56,flood,2.92,High flood hazard (2.9).,Strengthen drainage + emergency WASH response capacity; pre-position ORS and water purification supplies.,862377,73302,0.892,89.2,3.8
376,Umaria,Madhya Pradesh,3.56,wet-bulb heat,3.14,High wet-bulb heat hazard (3.1) compounded by poor sanitation (54%) and poor water access (80%).,Restrict outdoor labour on high wet-bulb days; mobile health units; community awareness.,750401,81862,0.72,53.7,63.7
377,Neemuch,Rajasthan,3.55,wet-bulb heat,2.77,High wet-bulb heat hazard (2.8) compounded by high population (1.1M).,Restrict outdoor labour during high wet-bulb days; deploy mobile health units with IV fluids.,1089130,125248,0.808,68.9,49.9
378,Rajnandgaon,Chhattisgarh,3.55,wet-bulb heat,3.46,High wet-bulb heat hazard (3.5) compounded by high population (2.6M).,Restrict outdoor labour during high wet-bulb days; deploy mobile health units with IV fluids.,2627528,262753,0.865,79.2,78.2
379,Fazilka,Punjab,3.54,wet-bulb heat,3.54,High wet-bulb heat hazard (3.5) compounded by high population (1.5M).,Restrict outdoor labour during high wet-bulb days; deploy mobile health units with IV fluids.,1453122,122084,0.874,81.8,102.6
380,Nainital,Uttarakhand,3.54,wet-bulb heat,2.39,High wet-bulb heat hazard (2.4) compounded by high population (1.6M).,Restrict outdoor labour during high wet-bulb days; deploy mobile health units with IV fluids.,1598510,135872,0.872,82.4,43.1
381,Aizawl,Mizoram,3.53,flood,3.53,High flood hazard (3.5).,Strengthen drainage + emergency WASH response capacity; pre-position ORS and water purification supplies.,472910,42563,0.966,96.1,17.9
382,Mon,Nagaland,3.53,flood,2.75,High flood hazard (2.8) compounded by poor water access (87%) and low adaptive capacity.,Protect water infrastructure from flood damage; deploy emergency tanker supply protocol.,406597,38627,0.743,86.4,23.5
383,Lohardaga,Jharkhand,3.52,wet-bulb heat,3.52,High wet-bulb heat hazard (3.5) compounded by poor water access (78%) and low adaptive capacity.,Restrict outdoor labour on high wet-bulb days; mobile health units; community awareness.,688089,79129,0.736,67.7,29.2
384,Faizabad,Uttar Pradesh,3.51,wet-bulb heat,3.51,High wet-bulb heat hazard (3.5) compounded by poor sanitation (64%) and high population (3.8M).,Restrict outdoor labour on high wet-bulb days; mobile health units; community awareness.,3763685,451641,0.789,64.4,97.6
385,Chikmagalur,Karnataka,3.51,flood,2.52,High flood hazard (2.5) compounded by high population (1.6M).,Prioritise flood early warning for dense settlements; child-safe evacuation points.,1596817,126030,0.925,92.3,17.8
386,Narayanpet,Telangana,3.51,wet-bulb heat,3.51,High wet-bulb heat hazard (3.5) compounded by poor water access (0%) and poor sanitation (0%).,Restrict outdoor labour on high wet-bulb days; mobile health units; community awareness.,944756,72987,0.0,0.0,48.3
387,Dhar,Madhya Pradesh,3.5,wet-bulb heat,2.99,High wet-bulb heat hazard (3.0) compounded by poor sanitation (62%) and poor water access (89%).,Restrict outdoor labour on high wet-bulb days; mobile health units; community awareness.,3835739,421930,0.752,61.9,53.0
388,Muzaffarpur,Bihar,3.5,wet-bulb heat,2.92,High wet-bulb heat hazard (2.9) compounded by poor sanitation (55%) and high population (9.4M).,Restrict outdoor labour on high wet-bulb days; mobile health units; community awareness.,9396547,1221553,0.71,55.2,86.0
389,Saiha,Mizoram,3.5,flood,3.44,High flood hazard (3.4).,Strengthen drainage + emergency WASH response capacity; pre-position ORS and water purification supplies.,160241,14421,0.907,91.5,17.2
390,Tehri Garhwal,Uttarakhand,3.49,flood,2.49,High flood hazard (2.5) compounded by poor water access (84%) and high population (1.0M).,Protect water infrastructure from flood damage; deploy emergency tanker supply protocol.,1032069,87726,0.848,84.6,6.2
391,Chhatarpur,Madhya Pradesh,3.48,wet-bulb heat,3.44,High wet-bulb heat hazard (3.4) compounded by poor sanitation (56%) and poor water access (86%).,Restrict outdoor labour on high wet-bulb days; mobile health units; community awareness.,3007745,330848,0.722,55.5,82.5
392,Ludhiana,Punjab,3.48,wet-bulb heat,3.28,High wet-bulb heat hazard (3.3) compounded by high population (5.7M) and groundwater stress (0.59).,Restrict outdoor labour during high wet-bulb days; deploy mobile health units with IV fluids.,5749743,431229,0.911,84.6,81.8
393,Amritsar,Punjab,3.48,wet-bulb heat,3.48,High wet-bulb heat hazard (3.5) compounded by high population (4.0M) and groundwater stress (0.55).,Restrict outdoor labour during high wet-bulb days; deploy mobile health units with IV fluids.,4034291,302572,0.92,86.0,88.1
394,Medak,Telangana,3.48,wet-bulb heat,3.48,High wet-bulb heat hazard (3.5) compounded by high population (1.3M).,Restrict outdoor labour during high wet-bulb days; deploy mobile health units with IV fluids.,1295777,97185,0.859,78.2,46.3
395,Allahabad,Uttar Pradesh,3.47,wet-bulb heat,3.26,High wet-bulb heat hazard (3.3) compounded by poor sanitation (60%) and high population (9.6M).,Restrict outdoor labour on high wet-bulb days; mobile health units; community awareness.,9574235,1148907,0.0,59.5,79.0
396,Vellore,Tamil Nadu,3.47,wet-bulb heat,3.47,High wet-bulb heat hazard (3.5) compounded by high population (2.2M).,Restrict outdoor labour during high wet-bulb days; deploy mobile health units with IV fluids.,2206784,154475,0.899,76.2,104.1
397,Parbhani,Maharashtra,3.46,wet-bulb heat,3.43,High wet-bulb heat hazard (3.4) compounded by poor sanitation (60%) and poor water access (89%).,Restrict outdoor labour on high wet-bulb days; mobile health units; community awareness.,3073674,261262,0.791,60.1,63.2
398,Kaithal,Haryana,3.46,wet-bulb heat,3.46,High wet-bulb heat hazard (3.5) compounded by high population (1.5M) and groundwater stress (0.91).,Restrict outdoor labour during high wet-bulb days; deploy mobile health units with IV fluids.,1535507,138195,0.908,89.7,88.5
399,Phek,Nagaland,3.45,flood,3.4,High flood hazard (3.4).,Strengthen drainage + emergency WASH response capacity; pre-position ORS and water purification supplies.,252501,22725,0.821,90.1,3.7
400,Kaimur (Bhabua),Uttar Pradesh,3.43,wet-bulb heat,3.43,High wet-bulb heat hazard (3.4) compounded by poor sanitation (59%) and high population (2.8M).,Restrict outdoor labour on high wet-bulb days; mobile health units; community awareness.,2845175,341402,0.758,59.1,101.2
401,Bulandshahr,Uttar Pradesh,3.43,wet-bulb heat,3.42,High wet-bulb heat hazard (3.4) compounded by high population (5.3M).,Restrict outdoor labour during high wet-bulb days; deploy mobile health units with IV fluids.,5298429,635811,0.822,81.5,91.8
402,Panna,Madhya Pradesh,3.43,wet-bulb heat,3.33,High wet-bulb heat hazard (3.3) compounded by poor sanitation (44%) and poor water access (86%).,Restrict outdoor labour on high wet-bulb days; mobile health units; community awareness.,1422700,156497,0.681,43.8,70.4
403,Fatehabad,Haryana,3.43,wet-bulb heat,3.43,High wet-bulb heat hazard (3.4) compounded by high population (1.3M) and groundwater stress (0.57).,Restrict outdoor labour during high wet-bulb days; deploy mobile health units with IV fluids.,1285717,115715,0.904,87.3,98.9
404,Nanded,Maharashtra,3.42,wet-bulb heat,3.41,High wet-bulb heat hazard (3.4) compounded by high population (5.5M).,Restrict outdoor labour during high wet-bulb days; deploy mobile health units with IV fluids.,5538501,465705,0.834,68.0,66.8
405,Sukma,Andhra Pradesh,3.42,wet-bulb heat,3.11,High wet-bulb heat hazard (3.1) compounded by poor sanitation (36%) and low adaptive capacity.,Restrict outdoor labour on high wet-bulb days; mobile health units; community awareness.,480524,47078,0.668,35.5,82.4
406,Tikamgarh,Madhya Pradesh,3.42,wet-bulb heat,3.4,High wet-bulb heat hazard (3.4) compounded by poor water access (80%) and poor sanitation (57%).,Restrict outdoor labour on high wet-bulb days; mobile health units; community awareness.,1440284,158433,0.732,56.6,81.7
407,Sirsa,Haryana,3.42,wet-bulb heat,3.42,High wet-bulb heat hazard (3.4) compounded by high population (1.8M).,Restrict outdoor labour during high wet-bulb days; deploy mobile health units with IV fluids.,1837653,165389,0.891,81.9,100.8
408,Varanasi,Uttar Pradesh,3.41,wet-bulb heat,3.41,High wet-bulb heat hazard (3.4) compounded by high population (6.5M).,Restrict outdoor labour during high wet-bulb days; deploy mobile health units with IV fluids.,6533260,783992,0.857,83.2,97.0
409,Dhamtari,Chhattisgarh,3.4,wet-bulb heat,3.28,High wet-bulb heat hazard (3.3) compounded by high population (1.1M).,Restrict outdoor labour during high wet-bulb days; deploy mobile health units with IV fluids.,1143504,114349,0.894,89.8,74.1
410,Pashchimi Singhbhum,Jharkhand,3.4,wet-bulb heat,3.4,High wet-bulb heat hazard (3.4) compounded by poor sanitation (38%) and poor water access (79%).,Restrict outdoor labour on high wet-bulb days; mobile health units; community awareness.,2438494,247581,0.605,37.7,67.0
411,Shivpuri,Madhya Pradesh,3.4,wet-bulb heat,3.4,High wet-bulb heat hazard (3.4) compounded by poor sanitation (56%) and poor water access (87%).,Restrict outdoor labour on high wet-bulb days; mobile health units; community awareness.,2664866,293131,0.731,55.5,67.8
412,Shimla,Uttarakhand,3.4,cold wave,2.93,High cold wave hazard (2.9) compounded by high population (1.2M).,Targeted protection for elderly and children; heated community spaces.,1217245,86329,0.93,87.3,2.0
413,Rae Bareli,Uttar Pradesh,3.4,wet-bulb heat,3.4,High wet-bulb heat hazard (3.4) compounded by poor sanitation (55%) and high population (4.8M).,Restrict outdoor labour on high wet-bulb days; mobile health units; community awareness.,4754544,570543,0.744,55.0,96.9
414,Jaunpur,Uttar Pradesh,3.4,wet-bulb heat,3.4,High wet-bulb heat hazard (3.4) compounded by poor sanitation (63%) and high population (6.2M).,Restrict outdoor labour on high wet-bulb days; mobile health units; community awareness.,6172274,740673,0.793,62.6,101.3
415,Malkangiri,Chhattisgarh,3.39,wet-bulb heat,2.93,High wet-bulb heat hazard (2.9) compounded by poor sanitation (41%) and high population (1.1M).,Restrict outdoor labour on high wet-bulb days; mobile health units; community awareness.,1140445,111949,0.691,41.4,53.6
416,Jind,Haryana,3.39,wet-bulb heat,3.29,High wet-bulb heat hazard (3.3) compounded by high population (1.9M) and groundwater stress (0.58).,Restrict outdoor labour during high wet-bulb days; deploy mobile health units with IV fluids.,1938373,174453,0.917,88.5,88.8
417,Balod,Chhattisgarh,3.38,wet-bulb heat,2.76,High wet-bulb heat hazard (2.8) compounded by high population (1.5M).,Restrict outdoor labour during high wet-bulb days; deploy mobile health units with IV fluids.,1491240,149124,0.878,83.8,67.6
418,Udaipur,Rajasthan,3.38,wet-bulb heat,2.93,High wet-bulb heat hazard (2.9) compounded by poor sanitation (60%) and high population (4.7M).,Restrict outdoor labour on high wet-bulb days; mobile health units; community awareness.,4715581,537194,0.778,60.3,44.8
419,Ahmadnagar,Maharashtra,3.37,wet-bulb heat,3.26,High wet-bulb heat hazard (3.3) compounded by high population (7.0M) and poor water access (90%).,Restrict outdoor labour during high wet-bulb days; deploy mobile health units with IV fluids.,6966078,591749,0.0,79.5,31.0
420,Mau,Uttar Pradesh,3.37,wet-bulb heat,3.26,High wet-bulb heat hazard (3.3) compounded by high population (3.6M).,Restrict outdoor labour during high wet-bulb days; deploy mobile health units with IV fluids.,3613792,433656,0.825,75.1,92.0
421,Auraiya,Madhya Pradesh,3.36,wet-bulb heat,3.36,High wet-bulb heat hazard (3.4) compounded by high population (2.1M).,Restrict outdoor labour during high wet-bulb days; deploy mobile health units with IV fluids.,2121188,233331,0.821,74.3,88.4
422,Jashpur,Odisha,3.35,wet-bulb heat,3.35,High wet-bulb heat hazard (3.4) compounded by poor water access (89%) and high population (1.4M).,Restrict outdoor labour on high wet-bulb days; mobile health units; community awareness.,1423975,147537,0.793,72.8,42.0
423,Buldana,Maharashtra,3.35,wet-bulb heat,3.35,High wet-bulb heat hazard (3.4) compounded by poor water access (90%) and high population (4.1M).,Restrict outdoor labour on high wet-bulb days; mobile health units; community awareness.,4130560,351099,0.837,68.9,54.9
424,Ghazipur,Uttar Pradesh,3.33,wet-bulb heat,2.91,High wet-bulb heat hazard (2.9) compounded by poor sanitation (64%) and high population (5.9M).,Restrict outdoor labour on high wet-bulb days; mobile health units; community awareness.,5864850,703783,0.785,64.1,88.8
425,Pratapgarh,Rajasthan,3.33,wet-bulb heat,2.91,High wet-bulb heat hazard (2.9) compounded by poor sanitation (52%) and high population (6.7M).,Restrict outdoor labour on high wet-bulb days; mobile health units; community awareness.,6650484,788630,0.762,52.0,81.7
426,Fatehpur,Uttar Pradesh,3.32,wet-bulb heat,3.01,High wet-bulb heat hazard (3.0) compounded by poor sanitation (63%) and high population (4.8M).,Restrict outdoor labour on high wet-bulb days; mobile health units; community awareness.,4779049,573486,0.741,63.1,88.9
427,Belgaum,Karnataka,3.32,wet-bulb heat,2.57,High wet-bulb heat hazard (2.6) compounded by high population (7.6M).,Restrict outdoor labour during high wet-bulb days; deploy mobile health units with IV fluids.,7551377,604113,0.845,67.7,32.1
428,Bandipore,Jammu And Kashmir,3.32,cold wave,3.32,High cold wave hazard (3.3) compounded by poor water access (90%) and poor sanitation (67%).,Night shelters; blanket distribution; hot meal programmes; protect water pipes from freezing.,582411,55329,0.816,66.8,0.0
429,Garhwa,Jharkhand,3.31,wet-bulb heat,3.3,High wet-bulb heat hazard (3.3) compounded by poor sanitation (54%) and high population (2.0M).,Restrict outdoor labour on high wet-bulb days; mobile health units; community awareness.,2038364,234410,0.707,54.1,73.4
430,Koriya,Madhya Pradesh,3.31,wet-bulb heat,3.27,High wet-bulb heat hazard (3.3) compounded by poor water access (88%) and high population (1.0M).,Restrict outdoor labour on high wet-bulb days; mobile health units; community awareness.,1049743,110061,0.79,73.3,45.4
431,Kandhamal,Odisha,3.31,wet-bulb heat,3.18,High wet-bulb heat hazard (3.2) compounded by poor water access (64%) and poor sanitation (52%).,Restrict outdoor labour on high wet-bulb days; mobile health units; community awareness.,950817,82736,0.706,52.4,40.2
432,Nandurbar,Gujarat,3.29,wet-bulb heat,2.86,High wet-bulb heat hazard (2.9) compounded by poor sanitation (54%) and high population (2.8M).,Restrict outdoor labour on high wet-bulb days; mobile health units; community awareness.,2823394,283160,0.728,54.1,56.9
433,Washim,Maharashtra,3.29,wet-bulb heat,3.29,High wet-bulb heat hazard (3.3) compounded by poor water access (74%) and poor sanitation (62%).,Restrict outdoor labour on high wet-bulb days; mobile health units; community awareness.,2008445,170720,0.782,61.5,53.4
434,Godda,Bihar,3.28,wet-bulb heat,3.28,High wet-bulb heat hazard (3.3) compounded by poor sanitation (55%) and high population (2.6M).,Restrict outdoor labour on high wet-bulb days; mobile health units; community awareness.,2616248,340113,0.661,54.9,84.6
435,Hingoli,Maharashtra,3.27,wet-bulb heat,3.27,High wet-bulb heat hazard (3.3) compounded by high population (1.9M).,Restrict outdoor labour during high wet-bulb days; deploy mobile health units with IV fluids.,1871730,159096,0.839,69.0,58.5
436,Mirzapur,Uttar Pradesh,3.27,wet-bulb heat,2.36,High wet-bulb heat hazard (2.4) compounded by high population (4.8M).,Restrict outdoor labour during high wet-bulb days; deploy mobile health units with IV fluids.,4775234,573027,0.804,72.3,72.5
437,Azamgarh,Uttar Pradesh,3.27,wet-bulb heat,3.11,High wet-bulb heat hazard (3.1) compounded by high population (7.7M).,Restrict outdoor labour during high wet-bulb days; deploy mobile health units with IV fluids.,7653638,918438,0.826,72.8,92.6
438,Yavatmal,Maharashtra,3.26,wet-bulb heat,3.25,High wet-bulb heat hazard (3.2) compounded by poor water access (90%) and poor sanitation (66%).,Restrict outdoor labour on high wet-bulb days; mobile health units; community awareness.,4095284,348099,0.836,66.4,76.5
439,Tengnoupal,Manipur,3.26,flood,3.12,High flood hazard (3.1) compounded by poor water access (0%) and poor sanitation (0%).,Protect water infrastructure from flood damage; deploy emergency tanker supply protocol.,39710,3375,0.0,0.0,22.8
440,Gumla,Jharkhand,3.26,wet-bulb heat,3.26,High wet-bulb heat hazard (3.3) compounded by poor sanitation (50%) and poor water access (75%).,Restrict outdoor labour on high wet-bulb days; mobile health units; community awareness.,1596868,183640,0.673,50.1,31.2
441,West Khasi Hills,Meghalaya,3.25,flood,3.25,High flood hazard (3.2) compounded by poor water access (80%) and low adaptive capacity.,Protect water infrastructure from flood damage; deploy emergency tanker supply protocol.,679711,74767,0.76,87.8,13.2
442,Ukhrul,Manipur,3.24,flood,3.24,High flood hazard (3.2) compounded by poor water access (51%) and low adaptive capacity.,Protect water infrastructure from flood damage; deploy emergency tanker supply protocol.,273689,24182,0.721,81.4,3.2
443,Birbhum,West Bengal,3.24,wet-bulb heat,3.24,High wet-bulb heat hazard (3.2) compounded by poor sanitation (55%) and high population (6.0M).,Restrict outdoor labour on high wet-bulb days; mobile health units; community awareness.,5992004,488368,0.792,55.0,95.5
444,Nabarangapur,Chhattisgarh,3.23,wet-bulb heat,3.07,High wet-bulb heat hazard (3.1) compounded by poor sanitation (44%) and high population (1.9M).,Restrict outdoor labour on high wet-bulb days; mobile health units; community awareness.,1908059,190810,0.701,44.1,43.9
445,Akola,Maharashtra,3.23,wet-bulb heat,3.22,High wet-bulb heat hazard (3.2) compounded by high population (2.8M).,Restrict outdoor labour during high wet-bulb days; deploy mobile health units with IV fluids.,2795436,237613,0.867,69.5,71.0
446,Warangal (R),Telangana,3.23,wet-bulb heat,3.23,High wet-bulb heat hazard (3.2) compounded by poor water access (70%) and poor sanitation (53%).,Restrict outdoor labour on high wet-bulb days; mobile health units; community awareness.,1460426,109532,0.604,52.6,85.2
447,Lalitpur,Madhya Pradesh,3.22,wet-bulb heat,2.66,High wet-bulb heat hazard (2.7) compounded by poor sanitation (64%) and high population (2.1M).,Restrict outdoor labour on high wet-bulb days; mobile health units; community awareness.,2106819,231749,0.762,64.2,62.5
448,Kendujhar,Odisha,3.22,wet-bulb heat,3.22,High wet-bulb heat hazard (3.2) compounded by poor sanitation (48%) and high population (2.9M).,Restrict outdoor labour on high wet-bulb days; mobile health units; community awareness.,2850663,242304,0.719,47.6,60.4
449,Paschim Barddhaman,West Bengal,3.22,wet-bulb heat,2.87,High wet-bulb heat hazard (2.9) compounded by high population (3.9M).,Restrict outdoor labour during high wet-bulb days; deploy mobile health units with IV fluids.,3902942,373697,0.815,71.5,81.1
450,Gaya,Bihar,3.21,wet-bulb heat,3.21,High wet-bulb heat hazard (3.2) compounded by poor sanitation (44%) and high population (6.1M).,Restrict outdoor labour on high wet-bulb days; mobile health units; community awareness.,6116006,784747,0.685,44.4,87.0
451,Kulgam,Jammu And Kashmir,3.21,cold wave,3.21,High cold wave hazard (3.2) compounded by high population (1.3M).,Targeted protection for elderly and children; heated community spaces.,1295046,123030,0.88,80.5,0.0
452,Kalimpong,West Bengal,3.2,cold wave,1.86,High cold wave hazard (1.9) compounded by poor water access (0%) and poor sanitation (0%).,Night shelters; blanket distribution; hot meal programmes; protect water pipes from freezing.,425451,34036,0.0,0.0,7.0
453,Ramban,Jammu And Kashmir,3.2,cold wave,3.2,High cold wave hazard (3.2) compounded by poor sanitation (49%) and poor water access (73%).,Night shelters; blanket distribution; hot meal programmes; protect water pipes from freezing.,330246,31373,0.711,48.9,0.0
454,Baudh,Odisha,3.18,wet-bulb heat,2.86,High wet-bulb heat hazard (2.9) compounded by poor sanitation (53%) and low adaptive capacity.,Restrict outdoor labour on high wet-bulb days; mobile health units; community awareness.,726704,62622,0.763,52.9,82.6
455,Samastipur,Bihar,3.18,wet-bulb heat,3.18,High wet-bulb heat hazard (3.2) compounded by poor sanitation (49%) and high population (7.4M).,Restrict outdoor labour on high wet-bulb days; mobile health units; community awareness.,7356307,956321,0.694,48.8,84.0
456,Surajpur,Chhattisgarh,3.18,wet-bulb heat,3.15,High wet-bulb heat hazard (3.1) compounded by poor water access (83%) and high population (1.2M).,Restrict outdoor labour on high wet-bulb days; mobile health units; community awareness.,1157158,115716,0.789,75.4,41.3
457,Purbi Singhbhum,Jharkhand,3.17,wet-bulb heat,2.97,High wet-bulb heat hazard (3.0) compounded by poor water access (90%) and high population (2.7M).,Restrict outdoor labour on high wet-bulb days; mobile health units; community awareness.,2716200,295322,0.793,70.2,88.9
458,Chandauli,Uttar Pradesh,3.17,wet-bulb heat,3.17,High wet-bulb heat hazard (3.2) compounded by poor sanitation (67%) and high population (2.7M).,Restrict outdoor labour on high wet-bulb days; mobile health units; community awareness.,2689133,322696,0.782,66.7,92.3
459,Latehar,Jharkhand,3.17,wet-bulb heat,3.17,High wet-bulb heat hazard (3.2) compounded by poor sanitation (51%) and poor water access (79%).,Restrict outdoor labour on high wet-bulb days; mobile health units; community awareness.,1530573,176015,0.65,51.4,38.6
460,Pune,Maharashtra,3.16,flood,2.45,High flood hazard (2.5) compounded by high population (16.4M).,Prioritise flood early warning for dense settlements; child-safe evacuation points.,16431048,1394021,0.9,79.6,24.6
461,Surguja,Chhattisgarh,3.16,wet-bulb heat,3.16,High wet-bulb heat hazard (3.2) compounded by high population (1.5M).,Restrict outdoor labour during high wet-bulb days; deploy mobile health units with IV fluids.,1521655,152167,0.822,75.8,34.8
462,Vikarabad,Telangana,3.16,wet-bulb heat,3.16,High wet-bulb heat hazard (3.2) compounded by poor sanitation (67%) and high population (1.5M).,Restrict outdoor labour on high wet-bulb days; mobile health units; community awareness.,1454538,110091,0.826,66.7,40.3
463,Kamle,Assam,3.16,cold wave,3.13,High cold wave hazard (3.1) compounded by poor water access (0%) and poor sanitation (0%).,Night shelters; blanket distribution; hot meal programmes; protect water pipes from freezing.,65419,6215,0.0,0.0,0.2
464,Puruliya,Jharkhand,3.15,wet-bulb heat,3.15,High wet-bulb heat hazard (3.1) compounded by poor sanitation (29%) and poor water access (88%).,Restrict outdoor labour on high wet-bulb days; mobile health units; community awareness.,4866906,559694,0.65,29.2,81.6
465,Palamu,Jharkhand,3.15,wet-bulb heat,3.08,High wet-bulb heat hazard (3.1) compounded by poor sanitation (46%) and high population (3.5M).,Restrict outdoor labour on high wet-bulb days; mobile health units; community awareness.,3477107,399868,0.694,46.3,80.1
466,Deoghar,Jharkhand,3.14,wet-bulb heat,2.87,High wet-bulb heat hazard (2.9) compounded by poor sanitation (42%) and poor water access (91%).,Restrict outdoor labour on high wet-bulb days; mobile health units; community awareness.,2651705,337262,0.624,41.6,67.8
467,Latur,Maharashtra,3.14,wet-bulb heat,3.14,High wet-bulb heat hazard (3.1) compounded by high population (3.7M).,Restrict outdoor labour during high wet-bulb days; deploy mobile health units with IV fluids.,3652337,306483,0.862,72.5,39.7
468,Bhojpur,Bihar,3.14,wet-bulb heat,3.14,High wet-bulb heat hazard (3.1) compounded by poor sanitation (46%) and high population (4.7M).,Restrict outdoor labour on high wet-bulb days; mobile health units; community awareness.,4722464,613920,0.711,45.9,90.0
469,Nizamabad,Telangana,3.14,wet-bulb heat,3.09,High wet-bulb heat hazard (3.1) compounded by high population (2.3M).,Restrict outdoor labour during high wet-bulb days; deploy mobile health units with IV fluids.,2323303,174247,0.85,72.5,64.5
470,Jamui,Bihar,3.14,wet-bulb heat,3.14,High wet-bulb heat hazard (3.1) compounded by poor sanitation (38%) and poor water access (90%).,Restrict outdoor labour on high wet-bulb days; mobile health units; community awareness.,3012980,385267,0.63,37.6,78.6
471,Farrukhabad,Uttar Pradesh,3.13,flood,2.85,High flood hazard (2.9) compounded by high population (2.9M) and low adaptive capacity.,Prioritise flood early warning for dense settlements; child-safe evacuation points.,2888114,346574,0.765,72.6,66.0
472,Debagarh,Odisha,3.12,wet-bulb heat,2.8,High wet-bulb heat hazard (2.8) compounded by poor water access (86%).,Restrict outdoor labour on high wet-bulb days; mobile health units; community awareness.,459802,39085,0.785,69.9,75.8
473,Durg,Chhattisgarh,3.12,wet-bulb heat,3.12,High wet-bulb heat hazard (3.1) compounded by high population (2.8M).,Restrict outdoor labour during high wet-bulb days; deploy mobile health units with IV fluids.,2836794,283681,0.892,89.5,81.9
474,Kadapa(YSR),Andhra Pradesh,3.11,wet-bulb heat,3.03,High wet-bulb heat hazard (3.0) compounded by poor water access (0%) and poor sanitation (0%).,Restrict outdoor labour on high wet-bulb days; mobile health units; community awareness.,4419252,331443,0.0,0.0,77.1
475,Raipur,Chhattisgarh,3.11,wet-bulb heat,2.94,High wet-bulb heat hazard (2.9) compounded by high population (4.0M).,Restrict outdoor labour during high wet-bulb days; deploy mobile health units with IV fluids.,4036426,403643,0.87,84.0,77.6
476,Senapati,Nagaland,3.1,flood,3.1,High flood hazard (3.1) compounded by poor water access (64%) and low adaptive capacity.,Protect water infrastructure from flood damage; deploy emergency tanker supply protocol.,596229,53209,0.753,84.4,3.0
477,Khunti,Jharkhand,3.1,wet-bulb heat,3.08,High wet-bulb heat hazard (3.1) compounded by poor water access (69%) and poor sanitation (55%).,Restrict outdoor labour on high wet-bulb days; mobile health units; community awareness.,867392,99749,0.648,55.2,38.8
478,Bhagalpur,Bihar,3.1,wet-bulb heat,2.54,High wet-bulb heat hazard (2.5) compounded by poor sanitation (61%) and high population (4.8M).,Restrict outdoor labour on high wet-bulb days; mobile health units; community awareness.,4765581,619525,0.729,60.9,72.0
479,Amravati,Maharashtra,3.09,wet-bulb heat,3.03,High wet-bulb heat hazard (3.0) compounded by high population (4.3M).,Restrict outdoor labour during high wet-bulb days; deploy mobile health units with IV fluids.,4291191,364749,0.876,75.7,64.9
480,Jalna,Maharashtra,3.08,wet-bulb heat,3.08,High wet-bulb heat hazard (3.1) compounded by poor water access (83%) and poor sanitation (64%).,Restrict outdoor labour on high wet-bulb days; mobile health units; community awareness.,3204887,272415,0.795,63.6,45.9
481,Jhalawar,Madhya Pradesh,3.08,wet-bulb heat,2.8,High wet-bulb heat hazard (2.8) compounded by poor sanitation (62%) and high population (2.1M).,Restrict outdoor labour on high wet-bulb days; mobile health units; community awareness.,2129297,234223,0.763,62.1,65.1
482,Simdega,Odisha,3.08,wet-bulb heat,3.08,High wet-bulb heat hazard (3.1) compounded by poor water access (67%) and high population (1.0M).,Restrict outdoor labour on high wet-bulb days; mobile health units; community awareness.,1042811,108395,0.703,71.3,55.1
483,Guna,Madhya Pradesh,3.07,flood,2.72,High flood hazard (2.7) compounded by poor sanitation (56%) and poor water access (81%).,Upgrade to flood-resilient sealed sanitation (DEWATS/sealed septic); protect water sources from contamination.,2120968,233306,0.722,55.6,51.5
484,Korba,Chhattisgarh,3.07,wet-bulb heat,2.47,High wet-bulb heat hazard (2.5) compounded by poor water access (82%) and high population (2.1M).,Restrict outdoor labour on high wet-bulb days; mobile health units; community awareness.,2053975,205397,0.774,73.3,63.4
485,Saran,Bihar,3.07,wet-bulb heat,2.84,High wet-bulb heat hazard (2.8) compounded by poor sanitation (37%) and high population (5.5M).,Restrict outdoor labour on high wet-bulb days; mobile health units; community awareness.,5549668,721456,0.666,37.2,85.2
486,Baran,Madhya Pradesh,3.07,wet-bulb heat,3.07,High wet-bulb heat hazard (3.1) compounded by poor sanitation (59%) and high population (1.8M).,Restrict outdoor labour on high wet-bulb days; mobile health units; community awareness.,1752776,192805,0.766,59.0,74.8
487,Kalahandi,Chhattisgarh,3.07,wet-bulb heat,2.97,High wet-bulb heat hazard (3.0) compounded by poor sanitation (64%) and high population (2.7M).,Restrict outdoor labour on high wet-bulb days; mobile health units; community awareness.,2711436,271145,0.789,64.4,76.3
488,Upper Siang,Arunachal Pradesh,3.07,cold wave,2.74,High cold wave hazard (2.7).,Distribute blankets and warm clothing; open night shelters; ensure hot water supply.,58944,5599,0.87,91.8,0.0
489,Bidar,Telangana,3.07,wet-bulb heat,3.07,High wet-bulb heat hazard (3.1) compounded by poor sanitation (56%) and high population (2.5M).,Restrict outdoor labour on high wet-bulb days; mobile health units; community awareness.,2473150,186679,0.827,56.5,39.3
490,Nalgonda,Andhra Pradesh,3.06,wet-bulb heat,3.01,High wet-bulb heat hazard (3.0) compounded by high population (2.5M).,Restrict outdoor labour during high wet-bulb days; deploy mobile health units with IV fluids.,2546396,190980,0.86,76.4,99.6
491,Rangareddy,Telangana,3.06,wet-bulb heat,3.06,High wet-bulb heat hazard (3.1) compounded by high population (4.2M).,Restrict outdoor labour during high wet-bulb days; deploy mobile health units with IV fluids.,4247967,318598,0.885,81.1,42.6
492,Karimnagar,Telangana,3.06,wet-bulb heat,3.06,High wet-bulb heat hazard (3.1) compounded by high population (1.7M).,Restrict outdoor labour during high wet-bulb days; deploy mobile health units with IV fluids.,1699554,127467,0.876,78.8,82.8
493,Bageshwar,Uttarakhand,3.05,flood,2.49,High flood hazard (2.5).,Strengthen drainage + emergency WASH response capacity; pre-position ORS and water purification supplies.,372267,31644,0.892,88.5,3.6
494,Kanpur Dehat,Uttar Pradesh,3.05,wet-bulb heat,2.37,High wet-bulb heat hazard (2.4) compounded by high population (2.9M).,Restrict outdoor labour during high wet-bulb days; deploy mobile health units with IV fluids.,2875638,335940,0.782,70.6,74.8
495,East Khasi Hills,Meghalaya,3.05,flood,2.86,High flood hazard (2.9) compounded by poor water access (90%) and high population (1.4M).,Protect water infrastructure from flood damage; deploy emergency tanker supply protocol.,1382276,152051,0.815,80.9,9.8
496,Tenkasi,Kerala,3.05,flood,2.74,High flood hazard (2.7) compounded by poor water access (0%) and poor sanitation (0%).,Protect water infrastructure from flood damage; deploy emergency tanker supply protocol.,2160820,140454,0.0,0.0,35.3
497,Wayanad,Kerala,3.05,flood,2.76,High flood hazard (2.8) compounded by high population (1.1M).,Prioritise flood early warning for dense settlements; child-safe evacuation points.,1137089,73911,0.969,97.6,12.9
498,Sidhi,Madhya Pradesh,3.04,wet-bulb heat,2.4,High wet-bulb heat hazard (2.4) compounded by poor sanitation (45%) and poor water access (84%).,Restrict outdoor labour on high wet-bulb days; mobile health units; community awareness.,1589282,188223,0.691,44.7,59.2
499,Tirupathur,Karnataka,3.03,wet-bulb heat,3.03,High wet-bulb heat hazard (3.0) compounded by poor water access (65%) and poor sanitation (50%).,Restrict outdoor labour on high wet-bulb days; mobile health units; community awareness.,1774000,130312,0.597,49.7,67.8
500,Khandwa (East Nimar),Madhya Pradesh,3.03,wet-bulb heat,2.62,High wet-bulb heat hazard (2.6) compounded by poor water access (89%) and high population (2.4M).,Restrict outdoor labour on high wet-bulb days; mobile health units; community awareness.,2433104,265775,0.803,76.7,61.7
501,Kathua,Jammu And Kashmir,3.03,flood,2.24,High flood hazard (2.2).,Strengthen drainage + emergency WASH response capacity; pre-position ORS and water purification supplies.,895682,71870,0.893,75.4,29.9
502,Bastar,Chhattisgarh,3.02,wet-bulb heat,2.97,High wet-bulb heat hazard (3.0) compounded by poor sanitation (61%) and high population (1.4M).,Restrict outdoor labour on high wet-bulb days; mobile health units; community awareness.,1360559,136057,0.718,61.0,39.1
503,Rohtak,Haryana,3.02,wet-bulb heat,3.02,High wet-bulb heat hazard (3.0) compounded by high population (1.8M).,Restrict outdoor labour during high wet-bulb days; deploy mobile health units with IV fluids.,1811578,163041,0.93,90.0,90.7
504,Surendranagar,Gujarat,3.02,wet-bulb heat,2.41,High wet-bulb heat hazard (2.4) compounded by poor sanitation (64%) and high population (2.4M).,Restrict outdoor labour on high wet-bulb days; mobile health units; community awareness.,2410238,204869,0.816,63.8,85.7
505,Aligarh,Uttar Pradesh,3.02,wet-bulb heat,3.02,High wet-bulb heat hazard (3.0) compounded by high population (5.5M).,Restrict outdoor labour during high wet-bulb days; deploy mobile health units with IV fluids.,5479364,657525,0.785,69.4,86.9
506,Amreli,Gujarat,3.01,wet-bulb heat,2.52,High wet-bulb heat hazard (2.5) compounded by high population (2.1M).,Restrict outdoor labour during high wet-bulb days; deploy mobile health units with IV fluids.,2146298,182438,0.852,73.3,72.5
507,Dumka,Bihar,3.01,wet-bulb heat,3.01,High wet-bulb heat hazard (3.0) compounded by poor sanitation (42%) and high population (1.9M).,Restrict outdoor labour on high wet-bulb days; mobile health units; community awareness.,1879140,239865,0.624,41.5,72.8
508,Datia,Madhya Pradesh,3.01,wet-bulb heat,3.01,High wet-bulb heat hazard (3.0) compounded by poor sanitation (67%) and high population (1.2M).,Restrict outdoor labour on high wet-bulb days; mobile health units; community awareness.,1191507,131066,0.788,66.8,89.0
509,Mahabubabad,Andhra Pradesh,3.0,wet-bulb heat,3.0,High wet-bulb heat hazard (3.0) compounded by high population (1.1M).,Restrict outdoor labour during high wet-bulb days; deploy mobile health units with IV fluids.,1068909,80169,0.83,68.6,93.8
510,Prakasam,Andhra Pradesh,2.99,wet-bulb heat,2.62,High wet-bulb heat hazard (2.6) compounded by high population (4.9M).,Restrict outdoor labour during high wet-bulb days; deploy mobile health units with IV fluids.,4914145,368562,0.862,78.4,95.3
511,Bankura,West Bengal,2.99,wet-bulb heat,2.96,High wet-bulb heat hazard (3.0) compounded by poor sanitation (49%) and high population (6.1M).,Restrict outdoor labour on high wet-bulb days; mobile health units; community awareness.,6063841,489569,0.767,49.2,96.1
512,Dharmapuri,Karnataka,2.97,wet-bulb heat,2.97,High wet-bulb heat hazard (3.0) compounded by high population (2.1M).,Restrict outdoor labour during high wet-bulb days; deploy mobile health units with IV fluids.,2118899,164981,0.879,72.4,55.4
513,Chittaurgarh,Rajasthan,2.97,wet-bulb heat,2.94,High wet-bulb heat hazard (2.9) compounded by poor sanitation (64%) and high population (2.7M).,Restrict outdoor labour on high wet-bulb days; mobile health units; community awareness.,2693577,309764,0.789,63.8,54.9
514,Morbi,Gujarat,2.97,wet-bulb heat,2.22,High wet-bulb heat hazard (2.2) compounded by high population (1.4M).,Restrict outdoor labour during high wet-bulb days; deploy mobile health units with IV fluids.,1420621,120752,0.885,80.1,80.4
515,Jamtara,Jharkhand,2.97,wet-bulb heat,2.51,High wet-bulb heat hazard (2.5) compounded by poor sanitation (53%) and high population (1.9M).,Restrict outdoor labour on high wet-bulb days; mobile health units; community awareness.,1912408,219927,0.69,52.8,67.3
516,Lucknow,Uttar Pradesh,2.96,flood,2.52,High flood hazard (2.5) compounded by high population (7.7M).,Prioritise flood early warning for dense settlements; child-safe evacuation points.,7694144,923298,0.845,80.4,71.0
517,Etah,Uttar Pradesh,2.96,wet-bulb heat,2.94,High wet-bulb heat hazard (2.9) compounded by poor sanitation (63%) and high population (3.1M).,Restrict outdoor labour on high wet-bulb days; mobile health units; community awareness.,3091935,371031,0.754,62.7,81.3
518,Siddipet,Telangana,2.96,wet-bulb heat,2.96,High wet-bulb heat hazard (3.0) compounded by high population (1.7M).,Restrict outdoor labour during high wet-bulb days; deploy mobile health units with IV fluids.,1688768,126657,0.89,84.1,48.6
519,Indore,Madhya Pradesh,2.96,flood,2.93,High flood hazard (2.9) compounded by high population (6.0M).,Prioritise flood early warning for dense settlements; child-safe evacuation points.,6040612,664468,0.883,90.0,36.3
520,Ashoknagar,Madhya Pradesh,2.95,wet-bulb heat,2.92,High wet-bulb heat hazard (2.9) compounded by poor sanitation (54%) and poor water access (90%).,Restrict outdoor labour on high wet-bulb days; mobile health units; community awareness.,1454081,159949,0.73,53.7,53.9
521,Banka,Bihar,2.95,wet-bulb heat,2.94,High wet-bulb heat hazard (2.9) compounded by poor sanitation (38%) and high population (3.4M).,Restrict outdoor labour on high wet-bulb days; mobile health units; community awareness.,3414806,443924,0.66,38.2,80.4
522,Solan,Himachal Pradesh,2.95,flood,2.86,High flood hazard (2.9) compounded by high population (1.0M).,Prioritise flood early warning for dense settlements; child-safe evacuation points.,1013222,71913,0.908,81.8,15.6
523,Sundargarh,Odisha,2.94,wet-bulb heat,2.92,High wet-bulb heat hazard (2.9) compounded by poor sanitation (66%) and high population (3.5M).,Restrict outdoor labour on high wet-bulb days; mobile health units; community awareness.,3455592,293726,0.793,65.5,77.3
524,Ganganagar,Rajasthan,2.94,wet-bulb heat,1.97,High wet-bulb heat hazard (2.0) compounded by high population (2.6M).,Restrict outdoor labour during high wet-bulb days; deploy mobile health units with IV fluids.,2642039,303833,0.85,83.4,72.5
525,Shahdol,Chhattisgarh,2.94,wet-bulb heat,2.75,High wet-bulb heat hazard (2.8) compounded by poor water access (79%) and poor sanitation (61%).,Restrict outdoor labour on high wet-bulb days; mobile health units; community awareness.,1625959,175172,0.738,61.4,51.2
526,South West Khasi Hills,Meghalaya,2.94,flood,2.18,High flood hazard (2.2) compounded by poor water access (85%).,Protect water infrastructure from flood damage; deploy emergency tanker supply protocol.,247305,27204,0.775,89.6,23.5
527,Jharsuguda,Odisha,2.94,wet-bulb heat,2.72,High wet-bulb heat hazard (2.7) compounded by poor water access (88%).,Restrict outdoor labour on high wet-bulb days; mobile health units; community awareness.,971825,82604,0.822,70.0,78.3
528,Jhunjhunun,Rajasthan,2.93,wet-bulb heat,2.93,High wet-bulb heat hazard (2.9) compounded by poor water access (25%) and poor sanitation (20%).,Restrict outdoor labour on high wet-bulb days; mobile health units; community awareness.,3194831,307553,0.215,19.8,64.2
529,Sonbhadra,Uttar Pradesh,2.92,wet-bulb heat,2.86,High wet-bulb heat hazard (2.9) compounded by poor water access (90%) and high population (2.6M).,Restrict outdoor labour on high wet-bulb days; mobile health units; community awareness.,2555295,306174,0.738,70.6,74.1
530,Nawada,Bihar,2.92,wet-bulb heat,2.85,High wet-bulb heat hazard (2.9) compounded by poor sanitation (48%) and high population (4.0M).,Restrict outdoor labour on high wet-bulb days; mobile health units; community awareness.,4003602,510931,0.703,47.9,84.5
531,Bundi,Rajasthan,2.92,wet-bulb heat,2.89,High wet-bulb heat hazard (2.9) compounded by poor sanitation (56%) and high population (2.2M).,Restrict outdoor labour on high wet-bulb days; mobile health units; community awareness.,2219905,255290,0.765,56.3,80.6
532,Wardha,Maharashtra,2.92,wet-bulb heat,2.91,High wet-bulb heat hazard (2.9) compounded by high population (1.9M).,Restrict outdoor labour during high wet-bulb days; deploy mobile health units with IV fluids.,1873452,159244,0.912,80.2,79.1
533,Lakhisarai,Bihar,2.91,wet-bulb heat,2.91,High wet-bulb heat hazard (2.9) compounded by poor sanitation (52%) and high population (1.5M).,Restrict outdoor labour on high wet-bulb days; mobile health units; community awareness.,1455071,189160,0.693,51.6,84.0
534,Chatra,Jharkhand,2.91,wet-bulb heat,2.91,High wet-bulb heat hazard (2.9) compounded by poor sanitation (48%) and poor water access (83%).,Restrict outdoor labour on high wet-bulb days; mobile health units; community awareness.,1581326,181852,0.659,48.1,63.8
535,East Kameng,Arunachal Pradesh,2.91,cold wave,2.43,High cold wave hazard (2.4).,Distribute blankets and warm clothing; open night shelters; ensure hot water supply.,185894,17659,0.787,75.6,0.0
536,Jhansi,Madhya Pradesh,2.91,wet-bulb heat,2.85,High wet-bulb heat hazard (2.9) compounded by high population (3.3M).,Restrict outdoor labour during high wet-bulb days; deploy mobile health units with IV fluids.,3334815,366832,0.81,73.2,85.8
537,Nalanda,Bihar,2.91,wet-bulb heat,2.91,High wet-bulb heat hazard (2.9) compounded by poor sanitation (52%) and high population (4.6M).,Restrict outdoor labour on high wet-bulb days; mobile health units; community awareness.,4636047,602686,0.705,52.5,88.9
538,Osmanabad,Maharashtra,2.91,wet-bulb heat,2.84,High wet-bulb heat hazard (2.8) compounded by high population (2.7M).,Restrict outdoor labour during high wet-bulb days; deploy mobile health units with IV fluids.,2679053,223565,0.869,71.2,36.0
539,Burhanpur,Maharashtra,2.9,wet-bulb heat,2.9,High wet-bulb heat hazard (2.9) compounded by high population (1.2M).,Restrict outdoor labour during high wet-bulb days; deploy mobile health units with IV fluids.,1156958,112554,0.82,74.0,64.9
540,Karauli,Rajasthan,2.9,wet-bulb heat,2.9,High wet-bulb heat hazard (2.9) compounded by poor sanitation (50%) and high population (2.5M).,Restrict outdoor labour on high wet-bulb days; mobile health units; community awareness.,2513853,289073,0.745,49.9,79.7
541,Sonipat,Haryana,2.9,wet-bulb heat,2.9,High wet-bulb heat hazard (2.9) compounded by high population (3.0M).,Restrict outdoor labour during high wet-bulb days; deploy mobile health units with IV fluids.,3028425,277770,0.921,86.7,84.5
542,Suryapet,Andhra Pradesh,2.9,wet-bulb heat,2.9,High wet-bulb heat hazard (2.9) compounded by high population (1.5M).,Restrict outdoor labour during high wet-bulb days; deploy mobile health units with IV fluids.,1521033,114078,0.862,77.9,107.0
543,Ghaziabad,Uttar Pradesh,2.9,flood,2.79,High flood hazard (2.8) compounded by high population (8.6M).,Prioritise flood early warning for dense settlements; child-safe evacuation points.,8581688,1029802,0.852,84.5,60.3
544,Khargone (West Nimar),Madhya Pradesh,2.89,wet-bulb heat,2.83,High wet-bulb heat hazard (2.8) compounded by high population (2.8M).,Restrict outdoor labour during high wet-bulb days; deploy mobile health units with IV fluids.,2751441,302091,0.801,73.8,65.5
545,Lohit,Arunachal Pradesh,2.87,flood,2.15,High flood hazard (2.1).,Strengthen drainage + emergency WASH response capacity; pre-position ORS and water purification supplies.,138298,13138,0.855,83.7,24.6
546,Haveri,Karnataka,2.87,wet-bulb heat,2.87,High wet-bulb heat hazard (2.9) compounded by high population (2.2M).,Restrict outdoor labour during high wet-bulb days; deploy mobile health units with IV fluids.,2215027,177202,0.853,68.9,37.0
547,Tirap,Assam,2.87,flood,2.87,High flood hazard (2.9).,Strengthen drainage + emergency WASH response capacity; pre-position ORS and water purification supplies.,116902,11106,0.826,86.7,15.5
548,South West,Uttar Pradesh,2.87,wet-bulb heat,2.87,High wet-bulb heat hazard (2.9) compounded by high population (3.7M).,Restrict outdoor labour during high wet-bulb days; deploy mobile health units with IV fluids.,3660795,439295,0.869,89.5,70.8
549,Balangir,Odisha,2.86,wet-bulb heat,2.79,High wet-bulb heat hazard (2.8) compounded by poor sanitation (66%) and high population (2.8M).,Restrict outdoor labour on high wet-bulb days; mobile health units; community awareness.,2757949,241908,0.804,66.3,91.0
550,Anugul,Odisha,2.86,wet-bulb heat,2.85,High wet-bulb heat hazard (2.9) compounded by poor water access (76%) and poor sanitation (66%).,Restrict outdoor labour on high wet-bulb days; mobile health units; community awareness.,1891790,160802,0.758,66.4,90.5
551,Barwani,Madhya Pradesh,2.86,wet-bulb heat,2.78,High wet-bulb heat hazard (2.8) compounded by poor sanitation (61%) and poor water access (90%).,Restrict outdoor labour on high wet-bulb days; mobile health units; community awareness.,2356791,258053,0.73,61.0,57.5
552,Mainpuri,Uttar Pradesh,2.86,wet-bulb heat,2.83,High wet-bulb heat hazard (2.8) compounded by poor sanitation (63%) and high population (2.9M).,Restrict outdoor labour on high wet-bulb days; mobile health units; community awareness.,2878409,339648,0.781,63.1,82.7
553,Dausa,Rajasthan,2.85,wet-bulb heat,2.85,High wet-bulb heat hazard (2.9) compounded by poor sanitation (59%) and high population (2.5M).,Restrict outdoor labour on high wet-bulb days; mobile health units; community awareness.,2493066,286703,0.79,59.4,74.4
554,Etawah,Madhya Pradesh,2.84,wet-bulb heat,2.84,High wet-bulb heat hazard (2.8) compounded by high population (3.1M).,Restrict outdoor labour during high wet-bulb days; deploy mobile health units with IV fluids.,3140768,345485,0.829,78.1,86.6
555,Satna,Madhya Pradesh,2.83,wet-bulb heat,2.82,High wet-bulb heat hazard (2.8) compounded by poor sanitation (55%) and high population (4.1M).,Restrict outdoor labour on high wet-bulb days; mobile health units; community awareness.,4119978,453198,0.749,55.4,68.1
556,Sirmaur,Himachal Pradesh,2.83,flood,1.8,High flood hazard (1.8).,Strengthen drainage + emergency WASH response capacity; pre-position ORS and water purification supplies.,603355,46269,0.896,84.3,14.6
557,Nagpur,Maharashtra,2.82,wet-bulb heat,2.75,High wet-bulb heat hazard (2.8) compounded by high population (7.4M).,Restrict outdoor labour during high wet-bulb days; deploy mobile health units with IV fluids.,7444175,633159,0.94,88.9,75.0
558,Chittoor,Tamil Nadu,2.82,wet-bulb heat,2.72,High wet-bulb heat hazard (2.7) compounded by high population (6.6M).,Restrict outdoor labour during high wet-bulb days; deploy mobile health units with IV fluids.,6575957,463909,0.874,74.6,64.7
559,Unnao,Uttar Pradesh,2.82,wet-bulb heat,2.74,High wet-bulb heat hazard (2.7) compounded by poor sanitation (60%) and high population (4.1M).,Restrict outdoor labour on high wet-bulb days; mobile health units; community awareness.,4058609,487031,0.734,60.3,83.7
560,Firozabad,Uttar Pradesh,2.82,wet-bulb heat,2.67,High wet-bulb heat hazard (2.7) compounded by high population (3.9M).,Restrict outdoor labour during high wet-bulb days; deploy mobile health units with IV fluids.,3922642,470717,0.788,69.0,78.6
561,Srinagar,Jammu And Kashmir,2.82,cold wave,2.82,High cold wave hazard (2.8) compounded by high population (1.6M).,Targeted protection for elderly and children; heated community spaces.,1647962,156556,0.911,86.8,0.0
562,Anuppur,Chhattisgarh,2.81,wet-bulb heat,2.73,High wet-bulb heat hazard (2.7) compounded by poor water access (80%) and high population (1.7M).,Restrict outdoor labour on high wet-bulb days; mobile health units; community awareness.,1677583,167759,0.771,69.4,33.8
563,Rewa,Uttar Pradesh,2.8,wet-bulb heat,2.78,High wet-bulb heat hazard (2.8) compounded by poor sanitation (46%) and poor water access (82%).,Restrict outdoor labour on high wet-bulb days; mobile health units; community awareness.,3452690,411185,0.683,46.1,77.3
564,Zunheboto,Nagaland,2.79,flood,2.78,High flood hazard (2.8) compounded by poor water access (91%).,Protect water infrastructure from flood damage; deploy emergency tanker supply protocol.,196593,17692,0.81,88.9,4.0
565,Kanshiram Nagar,Uttar Pradesh,2.79,wet-bulb heat,2.63,High wet-bulb heat hazard (2.6) compounded by high population (2.1M) and low adaptive capacity.,Restrict outdoor labour during high wet-bulb days; deploy mobile health units with IV fluids.,2056871,246825,0.751,69.8,76.9
566,Aurangabad,Maharashtra,2.78,wet-bulb heat,2.78,High wet-bulb heat hazard (2.8) compounded by high population (11.5M).,Restrict outdoor labour during high wet-bulb days; deploy mobile health units with IV fluids.,11491159,1214848,0.822,69.1,63.5
567,Mancherial,Telangana,2.78,wet-bulb heat,2.78,High wet-bulb heat hazard (2.8) compounded by high population (1.3M).,Restrict outdoor labour during high wet-bulb days; deploy mobile health units with IV fluids.,1306653,98865,0.854,78.1,90.5
568,Chamoli,Uttarakhand,2.77,cold wave,2.14,High cold wave hazard (2.1).,Distribute blankets and warm clothing; open night shelters; ensure hot water supply.,754114,64098,0.885,87.6,1.5
569,Kota,Rajasthan,2.77,wet-bulb heat,2.75,High wet-bulb heat hazard (2.8) compounded by high population (2.8M).,Restrict outdoor labour during high wet-bulb days; deploy mobile health units with IV fluids.,2785527,315019,0.859,79.0,71.8
570,Gurgaon,Uttar Pradesh,2.76,wet-bulb heat,2.74,High wet-bulb heat hazard (2.7) compounded by high population (2.7M) and groundwater stress (0.85).,Restrict outdoor labour during high wet-bulb days; deploy mobile health units with IV fluids.,2687247,322471,0.877,84.5,70.1
571,Sheopur,Madhya Pradesh,2.75,wet-bulb heat,2.25,High wet-bulb heat hazard (2.2) compounded by poor sanitation (48%) and poor water access (91%).,Restrict outdoor labour on high wet-bulb days; mobile health units; community awareness.,1282845,141113,0.696,48.0,66.7
572,Salem,Tamil Nadu,2.75,wet-bulb heat,2.75,High wet-bulb heat hazard (2.8) compounded by poor sanitation (64%) and high population (6.1M).,Restrict outdoor labour on high wet-bulb days; mobile health units; community awareness.,6066888,424681,0.871,64.5,80.9
573,Patna,Bihar,2.74,wet-bulb heat,2.72,High wet-bulb heat hazard (2.7) compounded by poor sanitation (61%) and high population (9.1M).,Restrict outdoor labour on high wet-bulb days; mobile health units; community awareness.,9107548,1183981,0.756,61.0,81.0
574,Bokaro,Jharkhand,2.74,wet-bulb heat,2.4,High wet-bulb heat hazard (2.4) compounded by poor water access (86%) and poor sanitation (64%).,Restrict outdoor labour on high wet-bulb days; mobile health units; community awareness.,3922583,451097,0.743,64.4,63.1
575,Mahabubnagar,Telangana,2.73,wet-bulb heat,2.73,High wet-bulb heat hazard (2.7) compounded by high population (1.4M).,Restrict outdoor labour during high wet-bulb days; deploy mobile health units with IV fluids.,1428794,107159,0.849,73.7,45.6
576,Palwal,Uttar Pradesh,2.73,wet-bulb heat,2.64,High wet-bulb heat hazard (2.6) compounded by high population (1.9M).,Restrict outdoor labour during high wet-bulb days; deploy mobile health units with IV fluids.,1940927,232911,0.806,80.3,81.6
577,Kannauj,Uttar Pradesh,2.73,wet-bulb heat,2.6,High wet-bulb heat hazard (2.6) compounded by high population (2.5M) and groundwater stress (0.85).,Restrict outdoor labour during high wet-bulb days; deploy mobile health units with IV fluids.,2506913,297685,0.767,70.1,74.4
578,Ramgarh,Jharkhand,2.72,wet-bulb heat,2.72,High wet-bulb heat hazard (2.7) compounded by poor water access (77%) and poor sanitation (64%).,Restrict outdoor labour on high wet-bulb days; mobile health units; community awareness.,1248073,143528,0.724,64.2,43.2
579,Ballia,Uttar Pradesh,2.7,wet-bulb heat,2.6,High wet-bulb heat hazard (2.6) compounded by poor sanitation (62%) and high population (6.0M).,Restrict outdoor labour on high wet-bulb days; mobile health units; community awareness.,5990758,738895,0.769,61.7,83.1
580,Yadadri Bhongiri,Telangana,2.7,wet-bulb heat,2.7,High wet-bulb heat hazard (2.7) compounded by high population (1.1M).,Restrict outdoor labour during high wet-bulb days; deploy mobile health units with IV fluids.,1109973,83247,0.882,81.9,59.2
581,Vaishali,Bihar,2.69,wet-bulb heat,2.56,High wet-bulb heat hazard (2.6) compounded by poor sanitation (53%) and high population (7.3M).,Restrict outdoor labour on high wet-bulb days; mobile health units; community awareness.,7304596,949598,0.715,52.6,84.6
582,Wanaparthy,Telangana,2.68,wet-bulb heat,2.68,High wet-bulb heat hazard (2.7).,Stock cooling equipment at PHCs; community wet-bulb awareness campaigns.,655595,49170,0.844,75.9,60.4
583,Pakke Kessang,Arunachal Pradesh,2.68,cold wave,1.13,High cold wave hazard (1.1) compounded by poor water access (0%) and poor sanitation (0%).,Night shelters; blanket distribution; hot meal programmes; protect water pipes from freezing.,66450,6313,0.0,0.0,5.1
584,Sheikhpura,Bihar,2.68,wet-bulb heat,2.68,High wet-bulb heat hazard (2.7) compounded by poor sanitation (54%) and low adaptive capacity.,Restrict outdoor labour on high wet-bulb days; mobile health units; community awareness.,768928,99960,0.718,54.2,82.3
585,Chitrakoot,Uttar Pradesh,2.67,wet-bulb heat,2.67,High wet-bulb heat hazard (2.7) compounded by poor sanitation (57%) and high population (2.0M).,Restrict outdoor labour on high wet-bulb days; mobile health units; community awareness.,2008957,233534,0.728,56.7,77.5
586,Bid,Maharashtra,2.66,wet-bulb heat,2.66,High wet-bulb heat hazard (2.7) compounded by poor water access (85%) and poor sanitation (66%).,Restrict outdoor labour on high wet-bulb days; mobile health units; community awareness.,4248903,361156,0.815,66.4,37.8
587,Ranchi,Jharkhand,2.66,wet-bulb heat,2.62,High wet-bulb heat hazard (2.6) compounded by poor water access (86%) and high population (5.6M).,Restrict outdoor labour on high wet-bulb days; mobile health units; community awareness.,5579196,641608,0.797,77.2,34.4
588,Nashik,Maharashtra,2.65,wet-bulb heat,2.09,High wet-bulb heat hazard (2.1) compounded by poor water access (86%) and high population (9.9M).,Restrict outdoor labour on high wet-bulb days; mobile health units; community awareness.,9909122,842274,0.822,68.3,25.3
589,Jalgaon,Maharashtra,2.65,wet-bulb heat,2.6,High wet-bulb heat hazard (2.6) compounded by poor sanitation (60%) and high population (6.5M).,Restrict outdoor labour on high wet-bulb days; mobile health units; community awareness.,6463416,549393,0.807,59.7,62.7
590,Pudukkottai,Tamil Nadu,2.65,wet-bulb heat,2.63,High wet-bulb heat hazard (2.6) compounded by poor sanitation (55%) and high population (3.0M).,Restrict outdoor labour on high wet-bulb days; mobile health units; community awareness.,2981982,208739,0.843,55.2,111.3
591,Kodarma,Jharkhand,2.65,wet-bulb heat,2.65,High wet-bulb heat hazard (2.6) compounded by poor sanitation (54%) and poor water access (84%).,Restrict outdoor labour on high wet-bulb days; mobile health units; community awareness.,1295970,149037,0.719,54.0,58.3
592,Bangalore Rural,Karnataka,2.65,drought,1.51,High drought hazard (1.5) compounded by high population (2.4M).,Diversify water sources; rainwater harvesting; demand management; MGNREGA drought works.,2439489,195160,0.923,88.8,5.4
593,Peddapalli,Telangana,2.65,wet-bulb heat,2.45,High wet-bulb heat hazard (2.5) compounded by high population (1.2M).,Restrict outdoor labour during high wet-bulb days; deploy mobile health units with IV fluids.,1181879,88643,0.875,77.8,79.8
594,Punch,Jammu And Kashmir,2.64,cold wave,2.64,High cold wave hazard (2.6) compounded by poor water access (77%) and poor sanitation (67%).,Night shelters; blanket distribution; hot meal programmes; protect water pipes from freezing.,832082,79046,0.799,66.7,0.0
595,Tamenglong,Manipur,2.64,flood,2.26,High flood hazard (2.3) compounded by poor water access (52%) and low adaptive capacity.,Protect water infrastructure from flood damage; deploy emergency tanker supply protocol.,231272,19658,0.716,77.9,7.8
596,Rajsamand,Rajasthan,2.63,wet-bulb heat,2.63,High wet-bulb heat hazard (2.6) compounded by high population (1.7M).,Restrict outdoor labour during high wet-bulb days; deploy mobile health units with IV fluids.,1739734,200068,0.819,72.1,41.7
597,Udhampur,Jammu And Kashmir,2.61,cold wave,2.02,High cold wave hazard (2.0) compounded by poor water access (76%) and high population (1.2M).,Night shelters; blanket distribution; hot meal programmes; protect water pipes from freezing.,1162804,108846,0.806,69.8,0.0
598,Longding,Assam,2.6,flood,2.45,High flood hazard (2.5) compounded by poor water access (62%) and low adaptive capacity.,Protect water infrastructure from flood damage; deploy emergency tanker supply protocol.,75743,7196,0.741,83.5,13.3
599,Yadgir,Karnataka,2.59,wet-bulb heat,2.59,High wet-bulb heat hazard (2.6) compounded by poor sanitation (37%) and high population (1.8M).,Restrict outdoor labour on high wet-bulb days; mobile health units; community awareness.,1811573,144924,0.725,37.4,50.9
600,Dhule,Madhya Pradesh,2.58,wet-bulb heat,2.53,High wet-bulb heat hazard (2.5) compounded by poor sanitation (59%) and poor water access (90%).,Restrict outdoor labour on high wet-bulb days; mobile health units; community awareness.,3343617,349020,0.744,58.9,54.4
601,Alwar,Rajasthan,2.58,wet-bulb heat,2.58,High wet-bulb heat hazard (2.6) compounded by poor sanitation (66%) and high population (6.0M).,Restrict outdoor labour on high wet-bulb days; mobile health units; community awareness.,5961475,688562,0.794,66.0,69.1
602,Rajanna Sircilla,Telangana,2.58,wet-bulb heat,2.34,High wet-bulb heat hazard (2.3).,Stock cooling equipment at PHCs; community wet-bulb awareness campaigns.,823368,61752,0.864,77.4,51.3
603,Thoothukkudi,Tamil Nadu,2.57,wet-bulb heat,1.67,High wet-bulb heat hazard (1.7) compounded by high population (1.9M).,Restrict outdoor labour during high wet-bulb days; deploy mobile health units with IV fluids.,1862683,129194,0.919,79.4,68.3
604,Hisar,Haryana,2.57,wet-bulb heat,2.57,High wet-bulb heat hazard (2.6) compounded by high population (2.4M).,Restrict outdoor labour during high wet-bulb days; deploy mobile health units with IV fluids.,2369342,213240,0.918,89.1,86.6
605,Morena,Madhya Pradesh,2.55,wet-bulb heat,2.55,High wet-bulb heat hazard (2.5) compounded by poor sanitation (63%) and high population (3.2M).,Restrict outdoor labour on high wet-bulb days; mobile health units; community awareness.,3154032,346943,0.786,62.7,78.9
606,South,Uttar Pradesh,2.55,wet-bulb heat,2.55,High wet-bulb heat hazard (2.5) compounded by high population (3.2M).,Restrict outdoor labour during high wet-bulb days; deploy mobile health units with IV fluids.,3230980,387718,0.874,83.8,78.5
607,Leparada,Assam,2.55,cold wave,1.67,High cold wave hazard (1.7) compounded by poor water access (0%) and poor sanitation (0%).,Night shelters; blanket distribution; hot meal programmes; protect water pipes from freezing.,19414,1845,0.0,0.0,11.4
608,Bhilwara,Rajasthan,2.54,wet-bulb heat,2.41,High wet-bulb heat hazard (2.4) compounded by poor sanitation (62%) and high population (3.7M).,Restrict outdoor labour on high wet-bulb days; mobile health units; community awareness.,3674026,422512,0.774,62.3,53.6
609,Rudraprayag,Uttarakhand,2.54,cold wave,2.36,High cold wave hazard (2.4).,Distribute blankets and warm clothing; open night shelters; ensure hot water supply.,262067,22276,0.896,86.8,1.5
610,Namakkal,Tamil Nadu,2.53,wet-bulb heat,2.53,High wet-bulb heat hazard (2.5) compounded by high population (2.5M).,Restrict outdoor labour during high wet-bulb days; deploy mobile health units with IV fluids.,2475764,173303,0.91,75.2,85.4
611,Ajmer,Rajasthan,2.52,wet-bulb heat,2.52,High wet-bulb heat hazard (2.5) compounded by high population (4.0M).,Restrict outdoor labour during high wet-bulb days; deploy mobile health units with IV fluids.,4010426,461199,0.841,77.5,57.8
612,Lower Dibang Valley,Arunachal Pradesh,2.51,cold wave,1.62,High cold wave hazard (1.6).,Distribute blankets and warm clothing; open night shelters; ensure hot water supply.,59186,5623,0.884,89.9,13.9
613,Mahoba,Madhya Pradesh,2.51,wet-bulb heat,2.51,High wet-bulb heat hazard (2.5) compounded by poor sanitation (67%) and high population (1.3M).,Restrict outdoor labour on high wet-bulb days; mobile health units; community awareness.,1338936,147283,0.789,66.7,81.5
614,Sawai Madhopur,Rajasthan,2.51,wet-bulb heat,2.23,High wet-bulb heat hazard (2.2) compounded by high population (1.7M).,Restrict outdoor labour during high wet-bulb days; deploy mobile health units with IV fluids.,1738028,199873,0.794,71.2,70.4
615,Sangli,Karnataka,2.49,wet-bulb heat,2.14,High wet-bulb heat hazard (2.1) compounded by high population (5.3M).,Restrict outdoor labour during high wet-bulb days; deploy mobile health units with IV fluids.,5269789,421585,0.916,84.7,31.4
616,Dhaulpur,Uttar Pradesh,2.49,wet-bulb heat,2.49,High wet-bulb heat hazard (2.5) compounded by poor sanitation (58%) and high population (2.1M).,Restrict outdoor labour on high wet-bulb days; mobile health units; community awareness.,2131033,245439,0.753,57.5,79.3
617,Jayashankar,Telangana,2.48,wet-bulb heat,2.48,High wet-bulb heat hazard (2.5) compounded by poor sanitation (59%) and poor water access (85%).,Restrict outdoor labour on high wet-bulb days; mobile health units; community awareness.,575839,44045,0.736,58.8,84.7
618,Papum Pare,Arunachal Pradesh,2.46,wet-bulb heat,1.25,High wet-bulb heat hazard (1.2).,Stock cooling equipment at PHCs; community wet-bulb awareness campaigns.,380365,36133,0.843,75.7,14.6
619,Giridih,Jharkhand,2.45,wet-bulb heat,2.45,High wet-bulb heat hazard (2.5) compounded by poor sanitation (59%) and poor water access (88%).,Restrict outdoor labour on high wet-bulb days; mobile health units; community awareness.,4443329,510984,0.693,59.2,55.1
620,Theni,Tamil Nadu,2.44,flood,1.84,High flood hazard (1.8) compounded by high population (1.7M).,Prioritise flood early warning for dense settlements; child-safe evacuation points.,1706604,119462,0.906,74.4,24.1
621,Gwalior,Madhya Pradesh,2.44,wet-bulb heat,2.44,High wet-bulb heat hazard (2.4) compounded by high population (3.8M).,Restrict outdoor labour during high wet-bulb days; deploy mobile health units with IV fluids.,3843860,422825,0.856,83.2,77.1
622,Bagalkot,Karnataka,2.43,wet-bulb heat,2.03,High wet-bulb heat hazard (2.0) compounded by poor sanitation (51%) and high population (2.3M).,Restrict outdoor labour on high wet-bulb days; mobile health units; community awareness.,2312989,185039,0.803,51.3,31.1
623,East Siang,Arunachal Pradesh,2.43,flood,2.09,High flood hazard (2.1).,Strengthen drainage + emergency WASH response capacity; pre-position ORS and water purification supplies.,91205,8665,0.88,83.9,30.3
624,Champawat,Uttarakhand,2.42,flood,2.29,High flood hazard (2.3).,Strengthen drainage + emergency WASH response capacity; pre-position ORS and water purification supplies.,300091,25509,0.876,82.7,3.2
625,Nagarkurnool,Andhra Pradesh,2.41,wet-bulb heat,2.41,High wet-bulb heat hazard (2.4) compounded by high population (1.5M).,Restrict outdoor labour during high wet-bulb days; deploy mobile health units with IV fluids.,1503348,112751,0.844,73.2,47.0
626,New Delhi,Uttar Pradesh,2.41,wet-bulb heat,2.41,High wet-bulb heat hazard (2.4) compounded by high population (8.7M).,Restrict outdoor labour during high wet-bulb days; deploy mobile health units with IV fluids.,8716521,1045983,0.825,69.4,62.6
627,Hassan,Karnataka,2.4,wet-bulb heat,1.51,High wet-bulb heat hazard (1.5) compounded by high population (2.6M).,Restrict outdoor labour during high wet-bulb days; deploy mobile health units with IV fluids.,2561953,199650,0.919,87.9,7.8
628,Dindigul,Tamil Nadu,2.4,wet-bulb heat,2.38,High wet-bulb heat hazard (2.4) compounded by poor sanitation (61%) and high population (3.5M).,Restrict outdoor labour on high wet-bulb days; mobile health units; community awareness.,3484083,243887,0.856,61.0,64.8
629,Pulwama,Jammu And Kashmir,2.39,cold wave,2.39,High cold wave hazard (2.4).,Distribute blankets and warm clothing; open night shelters; ensure hot water supply.,825245,78398,0.917,91.6,0.0
630,Gulbarga,Karnataka,2.39,wet-bulb heat,2.39,High wet-bulb heat hazard (2.4) compounded by poor sanitation (36%) and high population (4.3M).,Restrict outdoor labour on high wet-bulb days; mobile health units; community awareness.,4348425,347874,0.741,36.5,44.8
631,Barmer,Rajasthan,2.37,drought,1.29,High drought hazard (1.3) compounded by high population (4.5M) and groundwater stress (1.00).,Diversify water sources; rainwater harvesting; demand management; MGNREGA drought works.,4515955,518573,0.849,83.6,53.2
632,Krishnagiri,Karnataka,2.37,wet-bulb heat,2.37,High wet-bulb heat hazard (2.4) compounded by high population (3.2M).,Restrict outdoor labour during high wet-bulb days; deploy mobile health units with IV fluids.,3154264,247265,0.888,75.9,33.4
633,Khammam,Andhra Pradesh,2.37,wet-bulb heat,2.37,High wet-bulb heat hazard (2.4) compounded by high population (2.0M).,Restrict outdoor labour during high wet-bulb days; deploy mobile health units with IV fluids.,1961351,147102,0.883,84.5,94.3
634,Sikar,Rajasthan,2.36,wet-bulb heat,2.36,High wet-bulb heat hazard (2.4) compounded by high population (4.1M) and groundwater stress (1.00).,Restrict outdoor labour during high wet-bulb days; deploy mobile health units with IV fluids.,4083544,469607,0.85,77.9,57.9
635,Mandi,Himachal Pradesh,2.36,cold wave,2.07,High cold wave hazard (2.1) compounded by high population (1.6M).,Targeted protection for elderly and children; heated community spaces.,1570498,109934,0.919,87.0,3.5
636,Peren,Nagaland,2.35,wet-bulb heat,2.15,High wet-bulb heat hazard (2.1).,Stock cooling equipment at PHCs; community wet-bulb awareness campaigns.,186598,16083,0.811,89.4,7.9
637,Bharatpur,Rajasthan,2.34,wet-bulb heat,2.31,High wet-bulb heat hazard (2.3) compounded by poor sanitation (63%) and high population (4.3M).,Restrict outdoor labour on high wet-bulb days; mobile health units; community awareness.,4263366,496523,0.774,62.7,73.3
638,Mathura,Uttar Pradesh,2.33,wet-bulb heat,2.33,High wet-bulb heat hazard (2.3) compounded by high population (4.5M).,Restrict outdoor labour during high wet-bulb days; deploy mobile health units with IV fluids.,4490638,538876,0.782,71.2,76.1
639,Mysore,Kerala,2.32,wet-bulb heat,1.84,High wet-bulb heat hazard (1.8) compounded by high population (4.9M).,Restrict outdoor labour during high wet-bulb days; deploy mobile health units with IV fluids.,4914569,319448,0.924,86.4,16.8
640,Raichur,Karnataka,2.32,wet-bulb heat,2.29,High wet-bulb heat hazard (2.3) compounded by poor sanitation (53%) and high population (3.1M).,Restrict outdoor labour on high wet-bulb days; mobile health units; community awareness.,3073771,244345,0.765,53.0,51.8
641,Sangareddy,Telangana,2.31,wet-bulb heat,2.31,High wet-bulb heat hazard (2.3) compounded by high population (3.5M).,Restrict outdoor labour during high wet-bulb days; deploy mobile health units with IV fluids.,3492548,262928,0.833,68.0,34.9
642,Kanpur Nagar,Uttar Pradesh,2.3,wet-bulb heat,2.3,High wet-bulb heat hazard (2.3) compounded by high population (6.2M).,Restrict outdoor labour during high wet-bulb days; deploy mobile health units with IV fluids.,6186330,742359,0.826,77.5,75.9
643,Jogulamba,Telangana,2.3,wet-bulb heat,1.82,High wet-bulb heat hazard (1.8) compounded by poor water access (63%) and poor sanitation (48%).,Restrict outdoor labour on high wet-bulb days; mobile health units; community awareness.,1068539,80519,0.528,47.7,45.5
644,Hazaribagh,Jharkhand,2.29,wet-bulb heat,2.29,High wet-bulb heat hazard (2.3) compounded by poor sanitation (56%) and poor water access (86%).,Restrict outdoor labour on high wet-bulb days; mobile health units; community awareness.,3105492,357131,0.719,55.6,35.9
645,Mewat,Uttar Pradesh,2.28,wet-bulb heat,2.17,High wet-bulb heat hazard (2.2) compounded by high population (2.1M) and low adaptive capacity.,Restrict outdoor labour during high wet-bulb days; deploy mobile health units with IV fluids.,2072643,248718,0.74,71.7,73.9
646,Hamirpur,Uttar Pradesh,2.28,wet-bulb heat,1.86,High wet-bulb heat hazard (1.9) compounded by high population (2.6M).,Restrict outdoor labour during high wet-bulb days; deploy mobile health units with IV fluids.,2612371,270912,0.842,77.7,57.3
647,Tiruchirappalli,Tamil Nadu,2.27,wet-bulb heat,2.06,High wet-bulb heat hazard (2.1) compounded by poor sanitation (67%) and high population (4.3M).,Restrict outdoor labour on high wet-bulb days; mobile health units; community awareness.,4337375,303617,0.879,67.1,98.2
648,Hanumangarh,Rajasthan,2.26,wet-bulb heat,2.14,High wet-bulb heat hazard (2.1) compounded by high population (3.0M) and groundwater stress (0.68).,Restrict outdoor labour during high wet-bulb days; deploy mobile health units with IV fluids.,2983084,279087,0.878,83.8,74.8
649,Perambalur,Tamil Nadu,2.26,wet-bulb heat,2.23,High wet-bulb heat hazard (2.2) compounded by poor sanitation (57%).,Restrict outdoor labour on high wet-bulb days; mobile health units; community awareness.,936952,65587,0.857,57.4,95.7
650,Hydrabad,Telangana,2.26,drought,2.26,High drought hazard (2.3) compounded by poor water access (0%) and poor sanitation (0%).,Expand piped supply from drought-resilient sources; rainwater harvesting; reduce water losses.,4377621,328322,0.0,0.0,12.7
651,Solapur,Karnataka,2.24,wet-bulb heat,2.22,High wet-bulb heat hazard (2.2) compounded by high population (7.3M) and poor water access (90%).,Restrict outdoor labour during high wet-bulb days; deploy mobile health units with IV fluids.,7251563,580124,0.837,67.8,41.2
652,Jaipur,Rajasthan,2.22,wet-bulb heat,2.1,High wet-bulb heat hazard (2.1) compounded by high population (11.2M) and groundwater stress (1.00).,Restrict outdoor labour during high wet-bulb days; deploy mobile health units with IV fluids.,11150982,1282364,0.859,79.6,51.5
653,Tuensang,Nagaland,2.22,flood,1.71,High flood hazard (1.7) compounded by poor water access (90%).,Protect water infrastructure from flood damage; deploy emergency tanker supply protocol.,329949,29694,0.799,92.0,3.9
654,Sivaganga,Tamil Nadu,2.2,wet-bulb heat,2.09,High wet-bulb heat hazard (2.1) compounded by high population (2.1M).,Restrict outdoor labour during high wet-bulb days; deploy mobile health units with IV fluids.,2130501,149136,0.899,74.4,98.1
655,Nagaur,Rajasthan,2.19,wet-bulb heat,1.94,High wet-bulb heat hazard (1.9) compounded by high population (5.4M) and groundwater stress (1.00).,Restrict outdoor labour during high wet-bulb days; deploy mobile health units with IV fluids.,5445542,626229,0.842,79.0,55.1
656,Banda,Uttar Pradesh,2.19,wet-bulb heat,2.17,High wet-bulb heat hazard (2.2) compounded by poor sanitation (59%) and high population (2.9M).,Restrict outdoor labour on high wet-bulb days; mobile health units; community awareness.,2905831,345333,0.747,59.3,75.5
657,Bijapur,Karnataka,2.17,wet-bulb heat,1.79,High wet-bulb heat hazard (1.8) compounded by poor sanitation (45%) and high population (3.9M).,Restrict outdoor labour on high wet-bulb days; mobile health units; community awareness.,3922224,322719,0.759,44.8,36.9
658,Madurai,Tamil Nadu,2.17,wet-bulb heat,2.17,High wet-bulb heat hazard (2.2) compounded by high population (5.2M).,Restrict outdoor labour during high wet-bulb days; deploy mobile health units with IV fluids.,5216575,365159,0.915,80.1,99.1
659,Begusarai,Bihar,2.16,wet-bulb heat,2.0,High wet-bulb heat hazard (2.0) compounded by poor sanitation (62%) and high population (5.6M).,Restrict outdoor labour on high wet-bulb days; mobile health units; community awareness.,5589527,726637,0.744,62.2,67.7
660,Agra,Uttar Pradesh,2.15,wet-bulb heat,2.14,High wet-bulb heat hazard (2.1) compounded by high population (6.6M) and groundwater stress (0.56).,Restrict outdoor labour during high wet-bulb days; deploy mobile health units with IV fluids.,6634286,788392,0.797,70.8,74.2
661,Kra Daadi,Arunachal Pradesh,2.13,cold wave,1.97,High cold wave hazard (2.0).,Distribute blankets and warm clothing; open night shelters; ensure hot water supply.,194504,18478,0.835,89.3,0.0
662,Koppal,Karnataka,2.12,wet-bulb heat,2.11,High wet-bulb heat hazard (2.1) compounded by poor sanitation (59%) and high population (2.7M).,Restrict outdoor labour on high wet-bulb days; mobile health units; community awareness.,2660063,212806,0.794,58.8,32.4
663,Dharwad,Karnataka,2.1,wet-bulb heat,1.95,High wet-bulb heat hazard (1.9) compounded by poor water access (88%) and high population (2.7M).,Restrict outdoor labour on high wet-bulb days; mobile health units; community awareness.,2685709,214858,0.876,79.3,26.3
664,Upper Subansiri,Arunachal Pradesh,2.07,cold wave,1.92,High cold wave hazard (1.9).,Distribute blankets and warm clothing; open night shelters; ensure hot water supply.,185490,17619,0.809,80.9,0.0
665,Dhanbad,Jharkhand,2.07,wet-bulb heat,2.07,High wet-bulb heat hazard (2.1) compounded by poor water access (89%) and high population (3.7M).,Restrict outdoor labour on high wet-bulb days; mobile health units; community awareness.,3689285,424267,0.755,67.6,59.8
666,Rajouri,Jammu And Kashmir,2.07,cold wave,1.91,High cold wave hazard (1.9) compounded by poor water access (78%) and poor sanitation (63%).,Night shelters; blanket distribution; hot meal programmes; protect water pipes from freezing.,733697,69701,0.797,63.3,0.0
667,Kurnool,Andhra Pradesh,2.05,wet-bulb heat,2.04,High wet-bulb heat hazard (2.0) compounded by high population (6.7M).,Restrict outdoor labour during high wet-bulb days; deploy mobile health units with IV fluids.,6714326,503571,0.827,73.5,59.3
668,East District,West Bengal,2.05,cold wave,1.01,High cold wave hazard (1.0).,Distribute blankets and warm clothing; open night shelters; ensure hot water supply.,359868,26276,0.902,85.0,2.7
669,Kiphire,Nagaland,2.05,flood,1.82,High flood hazard (1.8) compounded by poor water access (91%).,Protect water infrastructure from flood damage; deploy emergency tanker supply protocol.,43719,3935,0.773,83.1,2.6
670,Bellary,Karnataka,2.01,wet-bulb heat,2.0,High wet-bulb heat hazard (2.0) compounded by poor sanitation (64%) and high population (4.1M).,Restrict outdoor labour on high wet-bulb days; mobile health units; community awareness.,4120420,328398,0.819,64.1,36.5
671,Faridabad,Uttar Pradesh,2.01,wet-bulb heat,1.89,High wet-bulb heat hazard (1.9) compounded by high population (2.4M) and groundwater stress (0.59).,Restrict outdoor labour during high wet-bulb days; deploy mobile health units with IV fluids.,2384164,286099,0.862,84.2,65.4
672,Bhiwani,Haryana,1.98,wet-bulb heat,1.98,High wet-bulb heat hazard (2.0) compounded by high population (2.4M).,Restrict outdoor labour during high wet-bulb days; deploy mobile health units with IV fluids.,2406567,216590,0.917,89.7,71.2
673,Reasi,Jammu And Kashmir,1.97,cold wave,1.92,High cold wave hazard (1.9) compounded by poor water access (76%) and poor sanitation (63%).,Night shelters; blanket distribution; hot meal programmes; protect water pipes from freezing.,400819,38078,0.747,62.7,0.0
674,Kolar,Karnataka,1.97,wet-bulb heat,1.94,High wet-bulb heat hazard (1.9) compounded by high population (2.3M).,Restrict outdoor labour during high wet-bulb days; deploy mobile health units with IV fluids.,2309944,179160,0.92,89.2,12.5
675,Jalaun,Madhya Pradesh,1.97,wet-bulb heat,1.84,High wet-bulb heat hazard (1.8) compounded by high population (2.6M).,Restrict outdoor labour during high wet-bulb days; deploy mobile health units with IV fluids.,2563832,282021,0.818,80.2,70.3
676,Erode,Tamil Nadu,1.95,wet-bulb heat,1.95,High wet-bulb heat hazard (1.9) compounded by high population (3.4M).,Restrict outdoor labour during high wet-bulb days; deploy mobile health units with IV fluids.,3381933,236206,0.883,67.6,67.7
677,Warangal (U),Telangana,1.95,wet-bulb heat,1.59,High wet-bulb heat hazard (1.6) compounded by high population (1.3M).,Restrict outdoor labour during high wet-bulb days; deploy mobile health units with IV fluids.,1284089,96307,0.853,74.3,50.3
678,Jodhpur,Rajasthan,1.94,wet-bulb heat,1.59,High wet-bulb heat hazard (1.6) compounded by high population (5.9M) and groundwater stress (0.77).,Restrict outdoor labour during high wet-bulb days; deploy mobile health units with IV fluids.,5865527,674538,0.822,75.4,57.1
679,Kohima,Nagaland,1.93,flood,1.12,High flood hazard (1.1) compounded by poor water access (90%).,Protect water infrastructure from flood damage; deploy emergency tanker supply protocol.,594910,53542,0.864,87.4,2.8
680,Davanagere,Karnataka,1.91,wet-bulb heat,1.77,High wet-bulb heat hazard (1.8) compounded by high population (2.7M).,Restrict outdoor labour during high wet-bulb days; deploy mobile health units with IV fluids.,2672709,213818,0.894,83.3,25.6
681,Mahamaya Nagar,Uttar Pradesh,1.9,wet-bulb heat,1.89,High wet-bulb heat hazard (1.9) compounded by high population (2.9M).,Restrict outdoor labour during high wet-bulb days; deploy mobile health units with IV fluids.,2943777,353254,0.788,73.3,66.3
682,The Nilgiris,Kerala,1.89,flood,0.84,High flood hazard (0.8).,Strengthen drainage + emergency WASH response capacity; pre-position ORS and water purification supplies.,987771,64206,0.933,83.6,4.0
683,Mahendragarh,Haryana,1.89,wet-bulb heat,1.89,High wet-bulb heat hazard (1.9) compounded by high population (1.4M).,Restrict outdoor labour during high wet-bulb days; deploy mobile health units with IV fluids.,1439186,144955,0.89,79.8,65.7
684,Pali,Rajasthan,1.88,wet-bulb heat,1.85,High wet-bulb heat hazard (1.9) compounded by high population (3.1M).,Restrict outdoor labour during high wet-bulb days; deploy mobile health units with IV fluids.,3087299,355038,0.862,81.8,49.6
685,Mandya,Karnataka,1.87,wet-bulb heat,1.87,High wet-bulb heat hazard (1.9) compounded by high population (2.6M).,Restrict outdoor labour during high wet-bulb days; deploy mobile health units with IV fluids.,2589202,195573,0.915,86.7,19.7
686,Chamarajanagar,Kerala,1.79,wet-bulb heat,1.79,High wet-bulb heat hazard (1.8) compounded by high population (1.5M).,Restrict outdoor labour during high wet-bulb days; deploy mobile health units with IV fluids.,1485782,109469,0.883,75.2,15.1
687,Tumkur,Karnataka,1.76,wet-bulb heat,1.72,High wet-bulb heat hazard (1.7) compounded by high population (4.1M).,Restrict outdoor labour during high wet-bulb days; deploy mobile health units with IV fluids.,4069663,325573,0.91,86.1,15.4
688,Anantapur,Karnataka,1.73,wet-bulb heat,1.71,High wet-bulb heat hazard (1.7) compounded by high population (6.0M).,Restrict outdoor labour during high wet-bulb days; deploy mobile health units with IV fluids.,6018159,475837,0.843,71.3,39.8
689,North West,Delhi,1.72,wet-bulb heat,1.72,High wet-bulb heat hazard (1.7) compounded by high population (5.1M).,Restrict outdoor labour during high wet-bulb days; deploy mobile health units with IV fluids.,5127352,410188,0.872,70.2,53.6
690,Tonk,Rajasthan,1.69,wet-bulb heat,1.43,High wet-bulb heat hazard (1.4) compounded by poor sanitation (66%) and poor water access (91%).,Restrict outdoor labour on high wet-bulb days; mobile health units; community awareness.,2465978,283588,0.78,66.2,53.2
691,Gadag,Karnataka,1.69,wet-bulb heat,1.58,High wet-bulb heat hazard (1.6) compounded by poor sanitation (55%) and high population (1.7M).,Restrict outdoor labour on high wet-bulb days; mobile health units; community awareness.,1662010,132960,0.808,55.2,24.0
692,Chitradurga,Karnataka,1.66,wet-bulb heat,1.55,High wet-bulb heat hazard (1.6) compounded by poor sanitation (63%) and high population (2.8M).,Restrict outdoor labour on high wet-bulb days; mobile health units; community awareness.,2758951,220717,0.844,63.1,20.3
693,Bhind,Madhya Pradesh,1.64,wet-bulb heat,1.62,High wet-bulb heat hazard (1.6) compounded by high population (2.3M).,Restrict outdoor labour during high wet-bulb days; deploy mobile health units with IV fluids.,2276219,250385,0.829,79.9,65.1
694,Jhajjar,Delhi,1.62,wet-bulb heat,1.53,High wet-bulb heat hazard (1.5) compounded by high population (2.4M).,Restrict outdoor labour during high wet-bulb days; deploy mobile health units with IV fluids.,2421214,203162,0.94,91.7,60.7
695,Karur,Tamil Nadu,1.61,wet-bulb heat,1.61,High wet-bulb heat hazard (1.6) compounded by poor sanitation (64%) and high population (1.8M).,Restrict outdoor labour on high wet-bulb days; mobile health units; community awareness.,1825523,127786,0.866,63.6,74.0
696,Kurung Kumey,Arunachal Pradesh,1.6,cold wave,1.48,High cold wave hazard (1.5).,Distribute blankets and warm clothing; open night shelters; ensure hot water supply.,60578,5753,0.834,78.3,0.0
697,Rewari,Rajasthan,1.6,wet-bulb heat,1.6,High wet-bulb heat hazard (1.6) compounded by high population (1.1M) and groundwater stress (1.00).,Restrict outdoor labour during high wet-bulb days; deploy mobile health units with IV fluids.,1129810,121926,0.906,86.4,56.9
698,Ramanagara,Karnataka,1.59,wet-bulb heat,1.38,High wet-bulb heat hazard (1.4) compounded by high population (1.6M).,Restrict outdoor labour during high wet-bulb days; deploy mobile health units with IV fluids.,1590758,127260,0.924,89.6,13.4
699,Virudhunagar,Tamil Nadu,1.58,wet-bulb heat,1.45,High wet-bulb heat hazard (1.4) compounded by poor sanitation (60%) and high population (2.7M).,Restrict outdoor labour on high wet-bulb days; mobile health units; community awareness.,2656287,184004,0.86,59.8,74.7
700,Churu,Rajasthan,1.58,wet-bulb heat,1.36,High wet-bulb heat hazard (1.4) compounded by high population (3.0M) and groundwater stress (1.00).,Restrict outdoor labour during high wet-bulb days; deploy mobile health units with IV fluids.,3017521,289661,0.848,80.2,53.2
701,Siang,Arunachal Pradesh,1.53,cold wave,0.67,High cold wave hazard (0.7).,Distribute blankets and warm clothing; open night shelters; ensure hot water supply.,66828,6349,0.891,91.2,0.0
702,South District,Sikkim,1.53,cold wave,1.42,High cold wave hazard (1.4).,Distribute blankets and warm clothing; open night shelters; ensure hot water supply.,585128,46664,0.915,91.7,3.9
703,Chikkaballapura,Karnataka,1.51,wet-bulb heat,1.51,High wet-bulb heat hazard (1.5) compounded by high population (1.8M).,Restrict outdoor labour during high wet-bulb days; deploy mobile health units with IV fluids.,1789493,141790,0.902,84.9,10.9
704,Medchal,Telangana,1.49,wet-bulb heat,1.49,High wet-bulb heat hazard (1.5) compounded by high population (5.6M).,Restrict outdoor labour during high wet-bulb days; deploy mobile health units with IV fluids.,5584197,418815,0.911,86.2,27.5
705,Coimbatore,Tamil Nadu,1.45,wet-bulb heat,1.2,High wet-bulb heat hazard (1.2) compounded by high population (6.2M).,Restrict outdoor labour during high wet-bulb days; deploy mobile health units with IV fluids.,6235199,432162,0.923,78.5,22.5
706,Lower Subansiri,Arunachal Pradesh,1.37,cold wave,1.36,High cold wave hazard (1.4).,Distribute blankets and warm clothing; open night shelters; ensure hot water supply.,111449,10588,0.867,82.8,0.0
707,Bangalore,Karnataka,1.29,drought,0.78,High drought hazard (0.8) compounded by high population (18.4M).,Diversify water sources; rainwater harvesting; demand management; MGNREGA drought works.,18404169,1472334,0.933,90.4,3.2
708,Tiruppur,Tamil Nadu,1.24,wet-bulb heat,1.23,High wet-bulb heat hazard (1.2) compounded by high population (3.9M).,Restrict outdoor labour during high wet-bulb days; deploy mobile health units with IV fluids.,3924109,274686,0.912,75.9,37.2
709,Tirunelveli,Kerala,1.22,wet-bulb heat,0.9,High wet-bulb heat hazard (0.9) compounded by high population (2.8M).,Restrict outdoor labour during high wet-bulb days; deploy mobile health units with IV fluids.,2788808,189147,0.919,79.8,49.9
710,West Siang,Arunachal Pradesh,1.2,cold wave,0.79,High cold wave hazard (0.8).,Distribute blankets and warm clothing; open night shelters; ensure hot water supply.,38075,3617,0.866,87.7,0.0
711,Longleng,Nagaland,1.01,flood,1.01,High flood hazard (1.0) compounded by poor water access (76%).,Protect water infrastructure from flood damage; deploy emergency tanker supply protocol.,171,15,0.772,86.6,7.3
712,Jammu,Jammu And Kashmir,0.82,cold wave,0.82,High cold wave hazard (0.8) compounded by high population (2.1M).,Targeted protection for elderly and children; heated community spaces.,2079595,192955,0.917,81.2,0.0
713,Samba,Punjab,0.81,cold wave,0.81,High cold wave hazard (0.8).,Distribute blankets and warm clothing; open night shelters; ensure hot water supply.,998240,74867,0.903,78.8,0.0
