rank,district,state,present_risk,future_risk_ssp585_2050,risk_escalation,capacity_gap,present_ac,priority_tier,present_dominant_hazard,people_at_risk_present,people_at_risk_2050,gap_explanation
1,Ahmadabad,Gujarat,7.51,5.12,-2.39,2.56,0.5,critical,flood,7254008,4945476,Risk declining from 7.5 to 5.1 by 2050 (SSP5-8.5). Capacity gap 2.6 — high incoming stress meets low coping.
2,Hardwar,Uttarakhand,7.15,4.96,-2.19,2.48,0.5,critical,flood,2284905,1585053,Risk declining from 7.2 to 5.0 by 2050 (SSP5-8.5). Capacity gap 2.5 — high incoming stress meets low coping.
3,Mayiladuthurai,Puducherry,6.91,4.68,-2.23,2.34,0.5,critical,wet-bulb,858456,581414,Risk declining from 6.9 to 4.7 by 2050 (SSP5-8.5). Capacity gap 2.3 — high incoming stress meets low coping.
4,Alipurduar,West Bengal,5.38,4.66,-0.72,2.33,0.5,critical,flood,1093269,946958,Risk declining from 5.4 to 4.7 by 2050 (SSP5-8.5). Capacity gap 2.3 — high incoming stress meets low coping.
5,Sipahijula,Tripura,5.32,4.67,-0.65,2.33,0.5,critical,flood,487507,427943,Risk declining from 5.3 to 4.7 by 2050 (SSP5-8.5). Capacity gap 2.3 — high incoming stress meets low coping.
6,Chengalputtu,Tamil Nadu,9.02,4.67,-4.35,2.33,0.5,critical,wet-bulb,7945587,4113735,Risk declining from 9.0 to 4.7 by 2050 (SSP5-8.5). Capacity gap 2.3 — high incoming stress meets low coping.
7,Unokoti,Tripura,5.3,4.65,-0.65,2.33,0.5,critical,flood,194870,170971,Risk declining from 5.3 to 4.7 by 2050 (SSP5-8.5). Capacity gap 2.3 — high incoming stress meets low coping.
8,Jiribam,Manipur,5.24,4.6,-0.64,2.3,0.5,critical,flood,7690,6750,Risk declining from 5.2 to 4.6 by 2050 (SSP5-8.5). Capacity gap 2.3 — high incoming stress meets low coping.
9,Dohad,Madhya Pradesh,6.69,4.55,-2.14,2.27,0.5,critical,flood,2040661,1387893,Risk declining from 6.7 to 4.5 by 2050 (SSP5-8.5). Capacity gap 2.3 — high incoming stress meets low coping.
10,Karbi Anglong West,Meghalaya,6.5,4.51,-1.99,2.26,0.5,critical,flood,329137,228371,Risk declining from 6.5 to 4.5 by 2050 (SSP5-8.5). Capacity gap 2.3 — high incoming stress meets low coping.
11,Khawzawl,Mizoram,5.15,4.52,-0.63,2.26,0.5,critical,flood,44554,39103,Risk declining from 5.2 to 4.5 by 2050 (SSP5-8.5). Capacity gap 2.3 — high incoming stress meets low coping.
12,Gurdaspur,Punjab,5.26,4.53,-0.73,2.26,0.5,critical,flood,1099559,946958,Risk declining from 5.3 to 4.5 by 2050 (SSP5-8.5). Capacity gap 2.3 — high incoming stress meets low coping.
13,Saitual,Mizoram,5.1,4.47,-0.63,2.24,0.5,critical,flood,61878,54234,Risk declining from 5.1 to 4.5 by 2050 (SSP5-8.5). Capacity gap 2.2 — high incoming stress meets low coping.
14,Karbi Anglong East,Nagaland,6.33,4.46,-1.87,2.23,0.5,critical,flood,789529,556287,Risk declining from 6.3 to 4.5 by 2050 (SSP5-8.5). Capacity gap 2.2 — high incoming stress meets low coping.
15,Pherzawl,Mizoram,4.67,3.96,-0.71,1.98,0.5,critical,flood,57907,49103,Risk declining from 4.7 to 4.0 by 2050 (SSP5-8.5). Capacity gap 2.0 — high incoming stress meets low coping.
16,Samli,Uttar Pradesh,6.09,3.92,-2.18,1.96,0.5,critical,flood,1056317,679928,Risk declining from 6.1 to 3.9 by 2050 (SSP5-8.5). Capacity gap 2.0 — high incoming stress meets low coping.
17,Hydrabad,Telangana,2.3,3.92,1.62,1.96,0.5,critical,drought,1006853,1716027,Risk rising from 2.3 to 3.9 by 2050 (SSP5-8.5). Capacity gap 2.0 — high incoming stress meets low coping.
18,Dakshin Bastar Dantewada,Chhattisgarh,5.71,3.88,-1.83,1.94,0.5,critical,flood,194563,132208,Risk declining from 5.7 to 3.9 by 2050 (SSP5-8.5). Capacity gap 1.9 — high incoming stress meets low coping.
19,Noney,Manipur,4.42,3.72,-0.7,1.86,0.5,critical,flood,14233,11979,Risk declining from 4.4 to 3.7 by 2050 (SSP5-8.5). Capacity gap 1.9 — high incoming stress meets low coping.
20,Araria,Bihar,9.3,4.79,-4.51,1.85,0.614,critical,flood,3728407,1920330,Risk declining from 9.3 to 4.8 by 2050 (SSP5-8.5). Capacity gap 1.9 — high incoming stress meets low coping.
21,Purnia,Bihar,8.19,4.84,-3.35,1.76,0.637,critical,flood,5191086,3067748,Risk declining from 8.2 to 4.8 by 2050 (SSP5-8.5). Capacity gap 1.8 — high incoming stress meets low coping.
22,Bahraich,Uttar Pradesh,6.38,4.8,-1.58,1.73,0.641,critical,flood,3836381,2886306,Risk declining from 6.4 to 4.8 by 2050 (SSP5-8.5). Capacity gap 1.7 — high incoming stress meets low coping.
23,Kangpokpi,Manipur,4.4,3.46,-0.94,1.73,0.5,critical,flood,342157,269060,Risk declining from 4.4 to 3.5 by 2050 (SSP5-8.5). Capacity gap 1.7 — high incoming stress meets low coping.
24,Jhargram,West Bengal,5.59,3.32,-2.27,1.66,0.5,critical,flood,1147759,681674,Risk declining from 5.6 to 3.3 by 2050 (SSP5-8.5). Capacity gap 1.7 — high incoming stress meets low coping.
25,Batod,Gujarat,5.12,3.28,-1.83,1.64,0.5,critical,flood,457236,292917,Risk declining from 5.1 to 3.3 by 2050 (SSP5-8.5). Capacity gap 1.6 — high incoming stress meets low coping.
26,Siddharthnagar,Uttar Pradesh,6.49,4.93,-1.55,1.64,0.668,critical,flood,2680948,2036529,Risk declining from 6.5 to 4.9 by 2050 (SSP5-8.5). Capacity gap 1.6 — high incoming stress meets low coping.
27,Kamjong,Manipur,4.0,3.25,-0.75,1.62,0.5,critical,flood,30891,25099,Risk declining from 4.0 to 3.2 by 2050 (SSP5-8.5). Capacity gap 1.6 — high incoming stress meets low coping.
28,Katihar,Bihar,7.73,4.62,-3.12,1.54,0.666,critical,flood,3813999,2279518,Risk declining from 7.7 to 4.6 by 2050 (SSP5-8.5). Capacity gap 1.5 — high incoming stress meets low coping.
29,Cachar,Manipur,6.53,4.5,-2.04,1.54,0.658,critical,wet-bulb,1816530,1251820,Risk declining from 6.5 to 4.5 by 2050 (SSP5-8.5). Capacity gap 1.5 — high incoming stress meets low coping.
30,Hailakandi,Assam,6.05,4.66,-1.4,1.49,0.681,critical,flood,698318,537878,Risk declining from 6.0 to 4.7 by 2050 (SSP5-8.5). Capacity gap 1.5 — high incoming stress meets low coping.
31,Lower Siang,Assam,3.83,2.98,-0.85,1.49,0.5,critical,flood,50430,39238,Risk declining from 3.8 to 3.0 by 2050 (SSP5-8.5). Capacity gap 1.5 — high incoming stress meets low coping.
32,Madhepura,Bihar,8.02,4.08,-3.94,1.48,0.638,critical,flood,3124408,1589474,Risk declining from 8.0 to 4.1 by 2050 (SSP5-8.5). Capacity gap 1.5 — high incoming stress meets low coping.
33,Sitamarhi,Bihar,8.51,4.39,-4.11,1.47,0.666,critical,flood,4729490,2439772,Risk declining from 8.5 to 4.4 by 2050 (SSP5-8.5). Capacity gap 1.5 — high incoming stress meets low coping.
34,Pashchim Champaran,Uttar Pradesh,6.55,4.67,-1.88,1.45,0.689,critical,flood,4528843,3228961,Risk declining from 6.5 to 4.7 by 2050 (SSP5-8.5). Capacity gap 1.4 — high incoming stress meets low coping.
35,Tenkasi,Kerala,3.09,2.9,-0.19,1.45,0.5,critical,flood,667693,626638,Risk stable from 3.1 to 2.9 by 2050 (SSP5-8.5). Capacity gap 1.4 — high incoming stress meets low coping.
36,Shrawasti,Uttar Pradesh,6.16,4.69,-1.47,1.45,0.69,critical,flood,896441,682517,Risk declining from 6.2 to 4.7 by 2050 (SSP5-8.5). Capacity gap 1.4 — high incoming stress meets low coping.
37,Purba Champaran,Bihar,7.9,4.11,-3.78,1.42,0.655,critical,flood,5798455,3016664,Risk declining from 7.9 to 4.1 by 2050 (SSP5-8.5). Capacity gap 1.4 — high incoming stress meets low coping.
38,Supaul,Bihar,8.58,4.42,-4.16,1.42,0.679,critical,flood,4082890,2103307,Risk declining from 8.6 to 4.4 by 2050 (SSP5-8.5). Capacity gap 1.4 — high incoming stress meets low coping.
39,Garhwal,Uttarakhand,4.27,2.8,-1.48,1.4,0.5,critical,flood,482116,316142,Risk declining from 4.3 to 2.8 by 2050 (SSP5-8.5). Capacity gap 1.4 — high incoming stress meets low coping.
40,Kishanganj,West Bengal,4.67,4.66,-0.01,1.4,0.698,critical,flood,1499629,1496418,Risk stable from 4.7 to 4.7 by 2050 (SSP5-8.5). Capacity gap 1.4 — high incoming stress meets low coping.
41,Saraikela-Kharsawan,Jharkhand,6.14,2.77,-3.36,1.38,0.5,critical,wet-bulb,1942033,876129,Risk declining from 6.1 to 2.8 by 2050 (SSP5-8.5). Capacity gap 1.4 — high incoming stress meets low coping.
42,Madhubani,Bihar,7.69,4.03,-3.66,1.38,0.657,critical,flood,4628509,2425603,Risk declining from 7.7 to 4.0 by 2050 (SSP5-8.5). Capacity gap 1.4 — high incoming stress meets low coping.
43,Hnahthial,Mizoram,3.62,2.77,-0.85,1.38,0.5,critical,flood,12582,9628,Risk declining from 3.6 to 2.8 by 2050 (SSP5-8.5). Capacity gap 1.4 — high incoming stress meets low coping.
44,Gariaband,Chhattisgarh,4.37,2.72,-1.64,1.36,0.5,critical,wet-bulb,477230,297040,Risk declining from 4.4 to 2.7 by 2050 (SSP5-8.5). Capacity gap 1.4 — high incoming stress meets low coping.
45,Kondagaon,Chhattisgarh,4.04,2.73,-1.31,1.36,0.5,critical,flood,355104,239959,Risk declining from 4.0 to 2.7 by 2050 (SSP5-8.5). Capacity gap 1.4 — high incoming stress meets low coping.
46,Sitapur,Uttar Pradesh,6.1,4.5,-1.6,1.35,0.7,critical,flood,4693318,3462284,Risk declining from 6.1 to 4.5 by 2050 (SSP5-8.5). Capacity gap 1.4 — high incoming stress meets low coping.
47,Banswara,Madhya Pradesh,6.16,4.63,-1.53,1.35,0.708,critical,flood,1947974,1464143,Risk declining from 6.2 to 4.6 by 2050 (SSP5-8.5). Capacity gap 1.4 — high incoming stress meets low coping.
48,Allahabad,Uttar Pradesh,3.56,2.68,-0.87,1.34,0.5,critical,wet-bulb,3408428,2565895,Risk declining from 3.6 to 2.7 by 2050 (SSP5-8.5). Capacity gap 1.3 — high incoming stress meets low coping.
49,Narayanpur,Chhattisgarh,5.22,4.4,-0.82,1.33,0.698,critical,flood,95406,80419,Risk declining from 5.2 to 4.4 by 2050 (SSP5-8.5). Capacity gap 1.3 — high incoming stress meets low coping.
50,Karimganj,Assam,6.81,4.65,-2.16,1.32,0.716,critical,wet-bulb,993918,678667,Risk declining from 6.8 to 4.7 by 2050 (SSP5-8.5). Capacity gap 1.3 — high incoming stress meets low coping.
51,Jhabua,Madhya Pradesh,5.82,4.44,-1.38,1.32,0.703,critical,flood,1075999,820865,Risk declining from 5.8 to 4.4 by 2050 (SSP5-8.5). Capacity gap 1.3 — high incoming stress meets low coping.
52,West Jaintia Hills,Meghalaya,4.25,4.24,-0.01,1.32,0.69,critical,flood,191597,191146,Risk stable from 4.2 to 4.2 by 2050 (SSP5-8.5). Capacity gap 1.3 — high incoming stress meets low coping.
53,Ranipet,Tamil Nadu,4.44,2.61,-1.83,1.31,0.5,critical,wet-bulb,915074,537915,Risk declining from 4.4 to 2.6 by 2050 (SSP5-8.5). Capacity gap 1.3 — high incoming stress meets low coping.
54,Gonda,Uttar Pradesh,5.85,4.37,-1.47,1.3,0.703,critical,wet-bulb,3382316,2526619,Risk declining from 5.8 to 4.4 by 2050 (SSP5-8.5). Capacity gap 1.3 — high incoming stress meets low coping.
55,Komaram Bheem,Maharashtra,3.91,2.9,-1.01,1.29,0.554,critical,flood,264720,196340,Risk declining from 3.9 to 2.9 by 2050 (SSP5-8.5). Capacity gap 1.3 — high incoming stress meets low coping.
56,Damoh,Madhya Pradesh,4.82,3.93,-0.89,1.27,0.676,critical,flood,1002159,817113,Risk declining from 4.8 to 3.9 by 2050 (SSP5-8.5). Capacity gap 1.3 — high incoming stress meets low coping.
57,Rajgarh,Madhya Pradesh,4.93,3.92,-1.02,1.27,0.676,critical,flood,1220031,970085,Risk declining from 4.9 to 3.9 by 2050 (SSP5-8.5). Capacity gap 1.3 — high incoming stress meets low coping.
58,Sheohar,Bihar,8.7,4.31,-4.4,1.27,0.705,critical,flood,1009250,499985,Risk declining from 8.7 to 4.3 by 2050 (SSP5-8.5). Capacity gap 1.3 — high incoming stress meets low coping.
59,Bhadradri,Andhra Pradesh,4.1,2.52,-1.58,1.26,0.5,critical,wet-bulb,789849,485468,Risk declining from 4.1 to 2.5 by 2050 (SSP5-8.5). Capacity gap 1.3 — high incoming stress meets low coping.
60,Koraput,Chhattisgarh,4.55,3.74,-0.81,1.26,0.664,critical,flood,1097158,901840,Risk declining from 4.5 to 3.7 by 2050 (SSP5-8.5). Capacity gap 1.3 — high incoming stress meets low coping.
61,South Salmara-Mankachar,Assam,8.45,4.75,-3.7,1.26,0.734,critical,flood,787767,442828,Risk declining from 8.4 to 4.8 by 2050 (SSP5-8.5). Capacity gap 1.3 — high incoming stress meets low coping.
62,Ahmadnagar,Maharashtra,3.45,2.51,-0.95,1.25,0.5,critical,wet-bulb,2403297,1748486,Risk declining from 3.5 to 2.5 by 2050 (SSP5-8.5). Capacity gap 1.2 — high incoming stress meets low coping.
63,Balrampur,Chhattisgarh,5.54,4.05,-1.5,1.25,0.69,critical,flood,2739946,2003029,Risk declining from 5.5 to 4.0 by 2050 (SSP5-8.5). Capacity gap 1.2 — high incoming stress meets low coping.
64,Gaurella Pendra Marwahi,Chhattisgarh,4.35,2.47,-1.87,1.24,0.5,critical,wet-bulb,213813,121407,Risk declining from 4.3 to 2.5 by 2050 (SSP5-8.5). Capacity gap 1.2 — high incoming stress meets low coping.
65,Kallakurichi,Tamil Nadu,4.18,2.48,-1.7,1.24,0.5,critical,wet-bulb,811876,481687,Risk declining from 4.2 to 2.5 by 2050 (SSP5-8.5). Capacity gap 1.2 — high incoming stress meets low coping.
66,Darjiling,West Bengal,3.68,2.49,-1.19,1.24,0.5,critical,flood,845954,572398,Risk declining from 3.7 to 2.5 by 2050 (SSP5-8.5). Capacity gap 1.2 — high incoming stress meets low coping.
67,Kadapa(YSR),Andhra Pradesh,3.2,2.46,-0.74,1.23,0.5,critical,wet-bulb,1414161,1087136,Risk declining from 3.2 to 2.5 by 2050 (SSP5-8.5). Capacity gap 1.2 — high incoming stress meets low coping.
68,Barddhaman,West Bengal,5.97,2.44,-3.53,1.22,0.5,critical,wet-bulb,4446686,1817406,Risk declining from 6.0 to 2.4 by 2050 (SSP5-8.5). Capacity gap 1.2 — high incoming stress meets low coping.
69,Narayanpet,Telangana,3.6,2.44,-1.16,1.22,0.5,critical,wet-bulb,340112,230520,Risk declining from 3.6 to 2.4 by 2050 (SSP5-8.5). Capacity gap 1.2 — high incoming stress meets low coping.
70,North Garo Hills,Meghalaya,6.02,4.53,-1.49,1.17,0.742,critical,flood,293888,221148,Risk declining from 6.0 to 4.5 by 2050 (SSP5-8.5). Capacity gap 1.2 — high incoming stress meets low coping.
71,Mandla,Madhya Pradesh,5.52,4.29,-1.23,1.16,0.731,critical,flood,826027,641966,Risk declining from 5.5 to 4.3 by 2050 (SSP5-8.5). Capacity gap 1.2 — high incoming stress meets low coping.
72,Hardoi,Uttar Pradesh,4.88,3.84,-1.05,1.16,0.697,critical,flood,3149227,2478080,Risk declining from 4.9 to 3.8 by 2050 (SSP5-8.5). Capacity gap 1.2 — high incoming stress meets low coping.
73,Niwari,Madhya Pradesh,4.24,2.32,-1.92,1.16,0.5,critical,wet-bulb,221948,121443,Risk declining from 4.2 to 2.3 by 2050 (SSP5-8.5). Capacity gap 1.2 — high incoming stress meets low coping.
74,Dindori,Chhattisgarh,3.71,3.39,-0.32,1.15,0.66,critical,flood,372964,340795,Risk stable from 3.7 to 3.4 by 2050 (SSP5-8.5). Capacity gap 1.1 — high incoming stress meets low coping.
75,Kheri,Uttar Pradesh,6.19,4.63,-1.56,1.15,0.752,critical,flood,4244885,3175091,Risk declining from 6.2 to 4.6 by 2050 (SSP5-8.5). Capacity gap 1.1 — high incoming stress meets low coping.
76,Dhubri,Assam,6.18,4.6,-1.58,1.15,0.751,critical,flood,1161479,864531,Risk declining from 6.2 to 4.6 by 2050 (SSP5-8.5). Capacity gap 1.1 — high incoming stress meets low coping.
77,Shahjahanpur,Uttar Pradesh,5.73,4.25,-1.48,1.14,0.731,critical,flood,2767691,2052825,Risk declining from 5.7 to 4.2 by 2050 (SSP5-8.5). Capacity gap 1.1 — high incoming stress meets low coping.
78,Jangaon,Telangana,4.27,2.27,-2.0,1.14,0.5,critical,wet-bulb,340353,180937,Risk declining from 4.3 to 2.3 by 2050 (SSP5-8.5). Capacity gap 1.1 — high incoming stress meets low coping.
79,South West Garo Hills,Assam,4.54,4.52,-0.02,1.13,0.749,critical,flood,21454,21359,Risk stable from 4.5 to 4.5 by 2050 (SSP5-8.5). Capacity gap 1.1 — high incoming stress meets low coping.
80,Chhota Udaipur,Gujarat,6.05,4.56,-1.49,1.12,0.753,critical,flood,964107,726666,Risk declining from 6.0 to 4.6 by 2050 (SSP5-8.5). Capacity gap 1.1 — high incoming stress meets low coping.
81,Tengnoupal,Manipur,3.29,2.24,-1.06,1.12,0.5,critical,flood,13065,8895,Risk declining from 3.3 to 2.2 by 2050 (SSP5-8.5). Capacity gap 1.1 — high incoming stress meets low coping.
82,Sahibganj,Bihar,5.63,2.95,-2.68,1.11,0.622,critical,wet-bulb,1357106,711095,Risk declining from 5.6 to 3.0 by 2050 (SSP5-8.5). Capacity gap 1.1 — high incoming stress meets low coping.
83,Jagtial,Telangana,4.34,2.2,-2.14,1.1,0.5,critical,wet-bulb,569839,288858,Risk declining from 4.3 to 2.2 by 2050 (SSP5-8.5). Capacity gap 1.1 — high incoming stress meets low coping.
84,Mahisagar,Gujarat,6.23,4.62,-1.61,1.09,0.764,critical,flood,1068164,792122,Risk declining from 6.2 to 4.6 by 2050 (SSP5-8.5). Capacity gap 1.1 — high incoming stress meets low coping.
85,Pilibhit,Uttar Pradesh,6.18,4.63,-1.55,1.08,0.768,critical,flood,2094874,1569461,Risk declining from 6.2 to 4.6 by 2050 (SSP5-8.5). Capacity gap 1.1 — high incoming stress meets low coping.
86,Dhalai,Tripura,4.6,4.58,-0.02,1.07,0.767,critical,flood,201261,200386,Risk stable from 4.6 to 4.6 by 2050 (SSP5-8.5). Capacity gap 1.1 — high incoming stress meets low coping.
87,Narmada,Gujarat,6.26,4.57,-1.68,1.06,0.768,critical,flood,650514,474896,Risk declining from 6.3 to 4.6 by 2050 (SSP5-8.5). Capacity gap 1.1 — high incoming stress meets low coping.
88,Mulugu,Andhra Pradesh,3.72,2.09,-1.63,1.05,0.5,critical,wet-bulb,131176,73698,Risk declining from 3.7 to 2.1 by 2050 (SSP5-8.5). Capacity gap 1.1 — high incoming stress meets low coping.
89,Namsai,Assam,6.05,4.53,-1.52,1.05,0.769,critical,flood,86554,64808,Risk declining from 6.0 to 4.5 by 2050 (SSP5-8.5). Capacity gap 1.1 — high incoming stress meets low coping.
90,Gopalganj,Bihar,6.64,4.21,-2.43,1.03,0.754,critical,flood,2957882,1875404,Risk declining from 6.6 to 4.2 by 2050 (SSP5-8.5). Capacity gap 1.0 — high incoming stress meets low coping.
91,Jhunjhunun,Rajasthan,3.15,2.42,-0.73,1.02,0.589,critical,wet-bulb,1006372,773149,Risk declining from 3.1 to 2.4 by 2050 (SSP5-8.5). Capacity gap 1.0 — high incoming stress meets low coping.
92,Bareilly,Uttar Pradesh,5.81,4.54,-1.27,1.01,0.779,critical,flood,3739533,2922114,Risk declining from 5.8 to 4.5 by 2050 (SSP5-8.5). Capacity gap 1.0 — high incoming stress meets low coping.
93,Bishnupur,Manipur,4.52,4.5,-0.02,1.01,0.776,critical,flood,90314,89914,Risk stable from 4.5 to 4.5 by 2050 (SSP5-8.5). Capacity gap 1.0 — high incoming stress meets low coping.
94,Saharsa,Bihar,4.46,2.79,-1.67,1.0,0.641,critical,wet-bulb,1546154,967213,Risk declining from 4.5 to 2.8 by 2050 (SSP5-8.5). Capacity gap 1.0 — high incoming stress meets low coping.
95,Seoni,Madhya Pradesh,4.72,3.87,-0.84,0.99,0.744,critical,flood,983024,805996,Risk declining from 4.7 to 3.9 by 2050 (SSP5-8.5). Capacity gap 1.0 — high incoming stress meets low coping.
96,Chandel,Manipur,4.49,4.44,-0.05,0.99,0.777,critical,flood,159228,157454,Risk stable from 4.5 to 4.4 by 2050 (SSP5-8.5). Capacity gap 1.0 — high incoming stress meets low coping.
97,Mayurbhanj,Odisha,4.99,3.49,-1.5,0.98,0.718,critical,wet-bulb,1956260,1368206,Risk declining from 5.0 to 3.5 by 2050 (SSP5-8.5). Capacity gap 1.0 — high incoming stress meets low coping.
98,Uttar Dinajpur,West Bengal,4.62,4.59,-0.03,0.98,0.787,critical,flood,1500794,1491049,Risk stable from 4.6 to 4.6 by 2050 (SSP5-8.5). Capacity gap 1.0 — high incoming stress meets low coping.
99,Kamrup Metropolitan,Assam,6.58,5.07,-1.52,0.98,0.807,critical,flood,1386325,1068187,Risk declining from 6.6 to 5.1 by 2050 (SSP5-8.5). Capacity gap 1.0 — high incoming stress meets low coping.
100,Churachandpur,Manipur,4.43,4.42,-0.02,0.97,0.781,critical,flood,213731,213248,Risk stable from 4.4 to 4.4 by 2050 (SSP5-8.5). Capacity gap 1.0 — high incoming stress meets low coping.
101,Darbhanga,Bihar,5.39,2.95,-2.45,0.97,0.67,critical,wet-bulb,3858603,2111852,Risk declining from 5.4 to 3.0 by 2050 (SSP5-8.5). Capacity gap 1.0 — high incoming stress meets low coping.
102,Panch Mahals,Gujarat,6.09,4.56,-1.53,0.97,0.787,critical,flood,1658132,1241557,Risk declining from 6.1 to 4.6 by 2050 (SSP5-8.5). Capacity gap 1.0 — high incoming stress meets low coping.
103,Mahrajganj,Uttar Pradesh,6.4,4.68,-1.72,0.97,0.793,critical,flood,2776264,2030143,Risk declining from 6.4 to 4.7 by 2050 (SSP5-8.5). Capacity gap 1.0 — high incoming stress meets low coping.
104,Sukma,Andhra Pradesh,3.76,2.88,-0.88,0.96,0.668,critical,wet-bulb,180677,138391,Risk declining from 3.8 to 2.9 by 2050 (SSP5-8.5). Capacity gap 1.0 — high incoming stress meets low coping.
105,Kokrajhar,Assam,6.12,4.57,-1.55,0.96,0.79,critical,flood,988565,738193,Risk declining from 6.1 to 4.6 by 2050 (SSP5-8.5). Capacity gap 1.0 — high incoming stress meets low coping.
106,Jabalpur,Madhya Pradesh,6.11,4.56,-1.56,0.96,0.79,critical,flood,2438596,1819967,Risk declining from 6.1 to 4.6 by 2050 (SSP5-8.5). Capacity gap 1.0 — high incoming stress meets low coping.
107,Kushinagar,Uttar Pradesh,6.19,4.64,-1.55,0.95,0.795,critical,flood,3150365,2361502,Risk declining from 6.2 to 4.6 by 2050 (SSP5-8.5). Capacity gap 0.9 — high incoming stress meets low coping.
108,Barpeta,Assam,6.72,4.67,-2.06,0.95,0.796,critical,flood,1827669,1270121,Risk declining from 6.7 to 4.7 by 2050 (SSP5-8.5). Capacity gap 0.9 — high incoming stress meets low coping.
109,East Jaintia Hills,Meghalaya,3.83,3.54,-0.29,0.95,0.731,critical,flood,67333,62234,Risk stable from 3.8 to 3.5 by 2050 (SSP5-8.5). Capacity gap 0.9 — high incoming stress meets low coping.
110,Hoshangabad,Madhya Pradesh,5.81,4.53,-1.28,0.94,0.793,high,flood,1137347,886778,Risk declining from 5.8 to 4.5 by 2050 (SSP5-8.5). Capacity gap 0.9 — high incoming stress meets low coping.
111,Dumka,Bihar,3.48,2.49,-0.99,0.94,0.624,high,wet-bulb,653941,467906,Risk declining from 3.5 to 2.5 by 2050 (SSP5-8.5). Capacity gap 0.9 — high incoming stress meets low coping.
112,Tinsukia,Assam,6.15,4.58,-1.57,0.94,0.794,high,flood,1136578,846427,Risk declining from 6.2 to 4.6 by 2050 (SSP5-8.5). Capacity gap 0.9 — high incoming stress meets low coping.
113,Sonitpur,Arunachal Pradesh,5.01,4.62,-0.39,0.94,0.796,high,flood,1031071,950808,Risk stable from 5.0 to 4.6 by 2050 (SSP5-8.5). Capacity gap 0.9 — high incoming stress meets low coping.
114,Udalguri,Assam,5.81,4.37,-1.44,0.94,0.787,high,flood,666737,501487,Risk declining from 5.8 to 4.4 by 2050 (SSP5-8.5). Capacity gap 0.9 — high incoming stress meets low coping.
115,Bara Banki,Uttar Pradesh,4.8,3.32,-1.48,0.93,0.72,high,wet-bulb,2731911,1889572,Risk declining from 4.8 to 3.3 by 2050 (SSP5-8.5). Capacity gap 0.9 — high incoming stress meets low coping.
116,Siwan,Uttar Pradesh,6.0,3.5,-2.5,0.93,0.733,high,flood,2511733,1465177,Risk declining from 6.0 to 3.5 by 2050 (SSP5-8.5). Capacity gap 0.9 — high incoming stress meets low coping.
117,Sambhal,Uttar Pradesh,5.14,3.81,-1.33,0.93,0.755,high,wet-bulb,1824005,1352035,Risk declining from 5.1 to 3.8 by 2050 (SSP5-8.5). Capacity gap 0.9 — high incoming stress meets low coping.
118,Morigaon,Assam,6.14,4.45,-1.69,0.93,0.792,high,flood,1018821,738396,Risk declining from 6.1 to 4.5 by 2050 (SSP5-8.5). Capacity gap 0.9 — high incoming stress meets low coping.
119,Agar,Madhya Pradesh,4.9,4.01,-0.89,0.92,0.77,high,flood,459794,376281,Risk declining from 4.9 to 4.0 by 2050 (SSP5-8.5). Capacity gap 0.9 — high incoming stress meets low coping.
120,Deoghar,Jharkhand,3.54,2.41,-1.13,0.91,0.624,high,wet-bulb,938704,639061,Risk declining from 3.5 to 2.4 by 2050 (SSP5-8.5). Capacity gap 0.9 — high incoming stress meets low coping.
121,Sabar Kantha,Gujarat,5.98,4.49,-1.49,0.91,0.797,high,flood,1250724,939088,Risk declining from 6.0 to 4.5 by 2050 (SSP5-8.5). Capacity gap 0.9 — high incoming stress meets low coping.
122,Shajapur,Madhya Pradesh,6.03,4.51,-1.52,0.91,0.799,high,flood,931523,696711,Risk declining from 6.0 to 4.5 by 2050 (SSP5-8.5). Capacity gap 0.9 — high incoming stress meets low coping.
123,Sirohi,Rajasthan,5.14,3.78,-1.36,0.91,0.76,high,flood,925008,680259,Risk declining from 5.1 to 3.8 by 2050 (SSP5-8.5). Capacity gap 0.9 — high incoming stress meets low coping.
124,Jamui,Bihar,3.61,2.45,-1.17,0.91,0.63,high,wet-bulb,1087686,738180,Risk declining from 3.6 to 2.5 by 2050 (SSP5-8.5). Capacity gap 0.9 — high incoming stress meets low coping.
125,Ukhrul,Manipur,3.24,3.22,-0.02,0.9,0.721,high,flood,88675,88128,Risk stable from 3.2 to 3.2 by 2050 (SSP5-8.5). Capacity gap 0.9 — high incoming stress meets low coping.
126,Harda,Madhya Pradesh,5.53,4.27,-1.26,0.9,0.79,high,flood,453032,349810,Risk declining from 5.5 to 4.3 by 2050 (SSP5-8.5). Capacity gap 0.9 — high incoming stress meets low coping.
127,Aravali,Gujarat,6.05,4.53,-1.51,0.9,0.802,high,flood,1015776,760573,Risk declining from 6.0 to 4.5 by 2050 (SSP5-8.5). Capacity gap 0.9 — high incoming stress meets low coping.
128,Malkangiri,Chhattisgarh,3.65,2.87,-0.78,0.89,0.691,high,wet-bulb,416262,327308,Risk declining from 3.6 to 2.9 by 2050 (SSP5-8.5). Capacity gap 0.9 — high incoming stress meets low coping.
129,Darrang,Assam,6.41,4.62,-1.79,0.89,0.807,high,flood,988406,712392,Risk declining from 6.4 to 4.6 by 2050 (SSP5-8.5). Capacity gap 0.9 — high incoming stress meets low coping.
130,Sehore,Madhya Pradesh,5.98,4.57,-1.41,0.89,0.805,high,flood,1393238,1064732,Risk declining from 6.0 to 4.6 by 2050 (SSP5-8.5). Capacity gap 0.9 — high incoming stress meets low coping.
131,Jyotiba Phule Nagar,Uttar Pradesh,6.16,4.47,-1.69,0.89,0.8,high,flood,2010507,1458923,Risk declining from 6.2 to 4.5 by 2050 (SSP5-8.5). Capacity gap 0.9 — high incoming stress meets low coping.
132,Biswanath,Nagaland,5.08,4.12,-0.96,0.88,0.787,high,flood,486690,394717,Risk declining from 5.1 to 4.1 by 2050 (SSP5-8.5). Capacity gap 0.9 — high incoming stress meets low coping.
133,Pashchimi Singhbhum,Jharkhand,3.76,2.22,-1.54,0.88,0.605,high,wet-bulb,916874,541346,Risk declining from 3.8 to 2.2 by 2050 (SSP5-8.5). Capacity gap 0.9 — high incoming stress meets low coping.
134,Alirajpur,Gujarat,5.17,3.88,-1.29,0.88,0.772,high,flood,637932,478757,Risk declining from 5.2 to 3.9 by 2050 (SSP5-8.5). Capacity gap 0.9 — high incoming stress meets low coping.
135,Nagaon,Assam,6.04,4.52,-1.52,0.88,0.806,high,flood,1738545,1301030,Risk declining from 6.0 to 4.5 by 2050 (SSP5-8.5). Capacity gap 0.9 — high incoming stress meets low coping.
136,Baksa,Assam,6.01,4.5,-1.51,0.88,0.805,high,flood,722561,541019,Risk declining from 6.0 to 4.5 by 2050 (SSP5-8.5). Capacity gap 0.9 — high incoming stress meets low coping.
137,East Garo Hills,Assam,4.82,4.1,-0.71,0.88,0.787,high,flood,64374,54758,Risk declining from 4.8 to 4.1 by 2050 (SSP5-8.5). Capacity gap 0.9 — high incoming stress meets low coping.
138,Kamrup,Assam,6.31,4.46,-1.84,0.87,0.806,high,flood,1790103,1265271,Risk declining from 6.3 to 4.5 by 2050 (SSP5-8.5). Capacity gap 0.9 — high incoming stress meets low coping.
139,North Tripura,Mizoram,4.55,4.53,-0.02,0.87,0.808,high,flood,430878,428984,Risk stable from 4.5 to 4.5 by 2050 (SSP5-8.5). Capacity gap 0.9 — high incoming stress meets low coping.
140,Pakur,Bihar,4.63,2.31,-2.32,0.87,0.621,high,wet-bulb,621887,310272,Risk declining from 4.6 to 2.3 by 2050 (SSP5-8.5). Capacity gap 0.9 — high incoming stress meets low coping.
141,Panna,Madhya Pradesh,3.82,2.73,-1.09,0.87,0.681,high,wet-bulb,543471,388397,Risk declining from 3.8 to 2.7 by 2050 (SSP5-8.5). Capacity gap 0.9 — high incoming stress meets low coping.
142,Ratlam,Madhya Pradesh,4.95,4.02,-0.93,0.86,0.786,high,flood,1008458,818990,Risk declining from 5.0 to 4.0 by 2050 (SSP5-8.5). Capacity gap 0.9 — high incoming stress meets low coping.
143,Thoubal,Manipur,3.9,3.89,-0.01,0.86,0.78,high,flood,111973,111685,Risk stable from 3.9 to 3.9 by 2050 (SSP5-8.5). Capacity gap 0.9 — high incoming stress meets low coping.
144,Sant Kabir Nagar,Uttar Pradesh,4.58,3.88,-0.7,0.86,0.778,high,flood,888807,752963,Risk declining from 4.6 to 3.9 by 2050 (SSP5-8.5). Capacity gap 0.9 — high incoming stress meets low coping.
145,Raisen,Madhya Pradesh,5.59,4.48,-1.11,0.85,0.81,high,flood,999452,800992,Risk declining from 5.6 to 4.5 by 2050 (SSP5-8.5). Capacity gap 0.8 — high incoming stress meets low coping.
146,Rayagada,Chhattisgarh,4.3,2.65,-1.65,0.85,0.678,high,wet-bulb,715897,441192,Risk declining from 4.3 to 2.6 by 2050 (SSP5-8.5). Capacity gap 0.8 — high incoming stress meets low coping.
147,Budaun,Uttar Pradesh,4.02,3.13,-0.89,0.84,0.731,high,wet-bulb,2066406,1608918,Risk declining from 4.0 to 3.1 by 2050 (SSP5-8.5). Capacity gap 0.8 — high incoming stress meets low coping.
148,Gaya,Bihar,3.8,2.65,-1.15,0.84,0.685,high,wet-bulb,2324082,1620742,Risk declining from 3.8 to 2.6 by 2050 (SSP5-8.5). Capacity gap 0.8 — high incoming stress meets low coping.
149,Katni,Madhya Pradesh,4.39,3.41,-0.98,0.84,0.753,high,wet-bulb,902944,701375,Risk declining from 4.4 to 3.4 by 2050 (SSP5-8.5). Capacity gap 0.8 — high incoming stress meets low coping.
150,Chirang,Assam,6.07,4.54,-1.53,0.84,0.816,high,flood,691453,517165,Risk declining from 6.1 to 4.5 by 2050 (SSP5-8.5). Capacity gap 0.8 — moderate stress with adequate coping.
151,Khagaria,Bihar,4.34,2.96,-1.38,0.84,0.716,high,wet-bulb,1102870,752188,Risk declining from 4.3 to 3.0 by 2050 (SSP5-8.5). Capacity gap 0.8 — high incoming stress meets low coping.
152,Gadchiroli,Chhattisgarh,4.52,3.93,-0.59,0.83,0.789,high,flood,721383,627220,Risk declining from 4.5 to 3.9 by 2050 (SSP5-8.5). Capacity gap 0.8 — high incoming stress meets low coping.
153,Godda,Bihar,3.7,2.44,-1.26,0.83,0.661,high,wet-bulb,968012,638365,Risk declining from 3.7 to 2.4 by 2050 (SSP5-8.5). Capacity gap 0.8 — high incoming stress meets low coping.
154,Dewas,Madhya Pradesh,4.5,3.95,-0.54,0.83,0.79,high,flood,1145534,1005524,Risk declining from 4.5 to 4.0 by 2050 (SSP5-8.5). Capacity gap 0.8 — high incoming stress meets low coping.
155,Samastipur,Bihar,3.81,2.7,-1.1,0.83,0.694,high,wet-bulb,2802753,1986203,Risk declining from 3.8 to 2.7 by 2050 (SSP5-8.5). Capacity gap 0.8 — high incoming stress meets low coping.
156,Purba Medinipur,West Bengal,6.85,4.61,-2.24,0.83,0.819,high,wet-bulb,5581459,3756281,Risk declining from 6.8 to 4.6 by 2050 (SSP5-8.5). Capacity gap 0.8 — moderate stress with adequate coping.
157,Kheda,Gujarat,6.56,4.63,-1.92,0.83,0.822,high,flood,1887721,1332340,Risk declining from 6.6 to 4.6 by 2050 (SSP5-8.5). Capacity gap 0.8 — moderate stress with adequate coping.
158,The Dangs,Maharashtra,4.24,4.18,-0.05,0.83,0.8,high,flood,142550,140533,Risk stable from 4.2 to 4.2 by 2050 (SSP5-8.5). Capacity gap 0.8 — high incoming stress meets low coping.
159,Bongaigaon,Assam,6.14,4.55,-1.59,0.83,0.817,high,flood,699854,518622,Risk declining from 6.1 to 4.5 by 2050 (SSP5-8.5). Capacity gap 0.8 — moderate stress with adequate coping.
160,Puruliya,Jharkhand,3.6,2.34,-1.25,0.82,0.65,high,wet-bulb,1752086,1138856,Risk declining from 3.6 to 2.3 by 2050 (SSP5-8.5). Capacity gap 0.8 — high incoming stress meets low coping.
161,Goalpara,Assam,6.23,4.46,-1.77,0.82,0.817,high,flood,928974,665044,Risk declining from 6.2 to 4.5 by 2050 (SSP5-8.5). Capacity gap 0.8 — moderate stress with adequate coping.
162,Saran,Bihar,3.42,2.46,-0.96,0.82,0.666,high,wet-bulb,1897986,1365218,Risk declining from 3.4 to 2.5 by 2050 (SSP5-8.5). Capacity gap 0.8 — high incoming stress meets low coping.
163,Dungarpur,Madhya Pradesh,5.57,3.79,-1.78,0.82,0.783,high,flood,1165161,792812,Risk declining from 5.6 to 3.8 by 2050 (SSP5-8.5). Capacity gap 0.8 — high incoming stress meets low coping.
164,Kendrapara,Odisha,8.01,4.55,-3.46,0.82,0.82,high,wet-bulb,1950421,1107917,Risk declining from 8.0 to 4.5 by 2050 (SSP5-8.5). Capacity gap 0.8 — moderate stress with adequate coping.
165,Lawngtlai,Mizoram,4.28,4.22,-0.06,0.81,0.809,high,flood,52851,52110,Risk stable from 4.3 to 4.2 by 2050 (SSP5-8.5). Capacity gap 0.8 — high incoming stress meets low coping.
166,Khowai,Tripura,4.54,4.52,-0.02,0.81,0.821,high,flood,219608,218641,Risk stable from 4.5 to 4.5 by 2050 (SSP5-8.5). Capacity gap 0.8 — moderate stress with adequate coping.
167,Betul,Maharashtra,4.05,3.81,-0.24,0.8,0.79,high,flood,968829,911417,Risk stable from 4.0 to 3.8 by 2050 (SSP5-8.5). Capacity gap 0.8 — high incoming stress meets low coping.
168,Dhemaji,Assam,6.17,4.53,-1.64,0.8,0.824,high,flood,609753,447679,Risk declining from 6.2 to 4.5 by 2050 (SSP5-8.5). Capacity gap 0.8 — moderate stress with adequate coping.
169,Majuli,Arunachal Pradesh,6.19,4.79,-1.4,0.8,0.834,high,flood,355105,274791,Risk declining from 6.2 to 4.8 by 2050 (SSP5-8.5). Capacity gap 0.8 — moderate stress with adequate coping.
170,Umaria,Madhya Pradesh,3.9,2.85,-1.05,0.8,0.72,high,wet-bulb,292656,213864,Risk declining from 3.9 to 2.9 by 2050 (SSP5-8.5). Capacity gap 0.8 — high incoming stress meets low coping.
171,Khunti,Jharkhand,3.51,2.28,-1.24,0.8,0.648,high,wet-bulb,304455,197765,Risk declining from 3.5 to 2.3 by 2050 (SSP5-8.5). Capacity gap 0.8 — high incoming stress meets low coping.
172,Charaideo,Assam,6.01,4.5,-1.51,0.8,0.822,high,flood,270992,202905,Risk declining from 6.0 to 4.5 by 2050 (SSP5-8.5). Capacity gap 0.8 — moderate stress with adequate coping.
173,Nabarangapur,Chhattisgarh,3.61,2.63,-0.98,0.79,0.701,high,wet-bulb,688809,501820,Risk declining from 3.6 to 2.6 by 2050 (SSP5-8.5). Capacity gap 0.8 — high incoming stress meets low coping.
174,Guna,Madhya Pradesh,3.42,2.84,-0.58,0.79,0.722,high,wet-bulb,725371,602355,Risk declining from 3.4 to 2.8 by 2050 (SSP5-8.5). Capacity gap 0.8 — high incoming stress meets low coping.
175,South Tripura,Tripura,4.6,4.53,-0.07,0.79,0.825,high,flood,222952,219559,Risk stable from 4.6 to 4.5 by 2050 (SSP5-8.5). Capacity gap 0.8 — moderate stress with adequate coping.
176,Rampur,Uttarakhand,6.08,4.54,-1.54,0.79,0.825,high,flood,2571663,1920288,Risk declining from 6.1 to 4.5 by 2050 (SSP5-8.5). Capacity gap 0.8 — moderate stress with adequate coping.
177,West Khasi Hills,Meghalaya,3.39,3.24,-0.15,0.78,0.76,high,flood,230422,220226,Risk stable from 3.4 to 3.2 by 2050 (SSP5-8.5). Capacity gap 0.8 — high incoming stress meets low coping.
178,Saharanpur,Uttar Pradesh,6.11,4.58,-1.53,0.78,0.83,high,flood,3631577,2722197,Risk declining from 6.1 to 4.6 by 2050 (SSP5-8.5). Capacity gap 0.8 — moderate stress with adequate coping.
179,Imphal West,Manipur,4.64,4.61,-0.03,0.78,0.83,high,flood,444047,441176,Risk stable from 4.6 to 4.6 by 2050 (SSP5-8.5). Capacity gap 0.8 — moderate stress with adequate coping.
180,Imphal East,Manipur,4.44,4.42,-0.02,0.78,0.823,high,flood,214532,213566,Risk stable from 4.4 to 4.4 by 2050 (SSP5-8.5). Capacity gap 0.8 — moderate stress with adequate coping.
181,Jagatsinghapur,Odisha,8.07,4.49,-3.58,0.77,0.828,high,wet-bulb,1085739,604085,Risk declining from 8.1 to 4.5 by 2050 (SSP5-8.5). Capacity gap 0.8 — moderate stress with adequate coping.
182,Dadra & Nagar Haveli,Dadra & Nagar Haveli And Daman & Diu,5.53,4.46,-1.07,0.77,0.828,high,flood,475859,383785,Risk declining from 5.5 to 4.5 by 2050 (SSP5-8.5). Capacity gap 0.8 — moderate stress with adequate coping.
183,Hojai,Meghalaya,5.53,4.15,-1.39,0.77,0.816,high,flood,898323,674148,Risk declining from 5.5 to 4.2 by 2050 (SSP5-8.5). Capacity gap 0.8 — moderate stress with adequate coping.
184,Muzaffarnagar,Uttar Pradesh,6.1,4.53,-1.57,0.77,0.83,high,flood,2668371,1981594,Risk declining from 6.1 to 4.5 by 2050 (SSP5-8.5). Capacity gap 0.8 — moderate stress with adequate coping.
185,Singrauli,Uttar Pradesh,3.93,2.33,-1.61,0.77,0.669,high,wet-bulb,1075721,637768,Risk declining from 3.9 to 2.3 by 2050 (SSP5-8.5). Capacity gap 0.8 — high incoming stress meets low coping.
186,Narsimhapur,Madhya Pradesh,5.87,4.43,-1.44,0.77,0.827,high,flood,1049906,792348,Risk declining from 5.9 to 4.4 by 2050 (SSP5-8.5). Capacity gap 0.8 — moderate stress with adequate coping.
187,Banas Kantha,Gujarat,4.48,3.31,-1.17,0.76,0.77,high,flood,2223867,1643080,Risk declining from 4.5 to 3.3 by 2050 (SSP5-8.5). Capacity gap 0.8 — high incoming stress meets low coping.
188,Basti,Uttar Pradesh,4.27,3.52,-0.75,0.76,0.783,high,wet-bulb,1920494,1583171,Risk declining from 4.3 to 3.5 by 2050 (SSP5-8.5). Capacity gap 0.8 — high incoming stress meets low coping.
189,Udham Singh Nagar,Uttarakhand,6.1,4.6,-1.51,0.76,0.834,high,flood,1699890,1281884,Risk declining from 6.1 to 4.6 by 2050 (SSP5-8.5). Capacity gap 0.8 — moderate stress with adequate coping.
190,Paschim Medinipur,West Bengal,5.22,3.58,-1.63,0.76,0.787,high,wet-bulb,4266546,2926098,Risk declining from 5.2 to 3.6 by 2050 (SSP5-8.5). Capacity gap 0.8 — high incoming stress meets low coping.
191,Nandurbar,Gujarat,3.74,2.79,-0.94,0.76,0.728,high,wet-bulb,1055949,787727,Risk declining from 3.7 to 2.8 by 2050 (SSP5-8.5). Capacity gap 0.8 — high incoming stress meets low coping.
192,Dibrugarh,Assam,6.41,4.81,-1.6,0.76,0.841,high,flood,1363372,1023061,Risk declining from 6.4 to 4.8 by 2050 (SSP5-8.5). Capacity gap 0.8 — moderate stress with adequate coping.
193,Senapati,Nagaland,3.1,3.08,-0.02,0.76,0.753,high,flood,184831,183639,Risk stable from 3.1 to 3.1 by 2050 (SSP5-8.5). Capacity gap 0.8 — high incoming stress meets low coping.
194,Banka,Bihar,3.38,2.21,-1.18,0.75,0.66,high,wet-bulb,1154204,754672,Risk declining from 3.4 to 2.2 by 2050 (SSP5-8.5). Capacity gap 0.8 — high incoming stress meets low coping.
195,Deoria,Uttar Pradesh,4.94,3.9,-1.04,0.75,0.808,high,wet-bulb,2755226,2175178,Risk declining from 4.9 to 3.9 by 2050 (SSP5-8.5). Capacity gap 0.8 — high incoming stress meets low coping.
196,Chatra,Jharkhand,3.35,2.16,-1.19,0.74,0.659,high,wet-bulb,529744,341566,Risk declining from 3.4 to 2.2 by 2050 (SSP5-8.5). Capacity gap 0.7 — high incoming stress meets low coping.
197,Sagar,Madhya Pradesh,3.8,3.28,-0.53,0.74,0.773,high,flood,1358535,1172631,Risk declining from 3.8 to 3.3 by 2050 (SSP5-8.5). Capacity gap 0.7 — high incoming stress meets low coping.
198,Dhar,Madhya Pradesh,3.86,2.98,-0.88,0.74,0.752,high,wet-bulb,1480595,1143050,Risk declining from 3.9 to 3.0 by 2050 (SSP5-8.5). Capacity gap 0.7 — high incoming stress meets low coping.
199,Ribhoi,Assam,4.43,3.78,-0.65,0.74,0.802,high,flood,143185,122176,Risk declining from 4.4 to 3.8 by 2050 (SSP5-8.5). Capacity gap 0.7 — high incoming stress meets low coping.
200,Nalbari,Assam,6.05,4.54,-1.51,0.74,0.836,high,flood,419636,314901,Risk declining from 6.0 to 4.5 by 2050 (SSP5-8.5). Capacity gap 0.7 — moderate stress with adequate coping.
201,Lakhisarai,Bihar,3.46,2.36,-1.1,0.73,0.693,high,wet-bulb,503455,343397,Risk declining from 3.5 to 2.4 by 2050 (SSP5-8.5). Capacity gap 0.7 — high incoming stress meets low coping.
202,Dima Hasao,Manipur,3.81,3.57,-0.24,0.73,0.795,high,flood,133085,124702,Risk stable from 3.8 to 3.6 by 2050 (SSP5-8.5). Capacity gap 0.7 — high incoming stress meets low coping.
203,Bhadrak,Odisha,7.13,4.1,-3.03,0.73,0.823,high,wet-bulb,1450190,833910,Risk declining from 7.1 to 4.1 by 2050 (SSP5-8.5). Capacity gap 0.7 — moderate stress with adequate coping.
204,South Garo Hills,Meghalaya,4.94,3.78,-1.16,0.73,0.807,high,flood,90247,69055,Risk declining from 4.9 to 3.8 by 2050 (SSP5-8.5). Capacity gap 0.7 — high incoming stress meets low coping.
205,Nuapada,Chhattisgarh,4.45,2.95,-1.5,0.72,0.756,high,wet-bulb,362427,240261,Risk declining from 4.5 to 3.0 by 2050 (SSP5-8.5). Capacity gap 0.7 — high incoming stress meets low coping.
206,Lakhimpur,Arunachal Pradesh,4.72,4.35,-0.37,0.72,0.834,high,flood,732322,674915,Risk stable from 4.7 to 4.3 by 2050 (SSP5-8.5). Capacity gap 0.7 — moderate stress with adequate coping.
207,Bastar,Chhattisgarh,3.48,2.54,-0.94,0.72,0.718,high,wet-bulb,473475,345582,Risk declining from 3.5 to 2.5 by 2050 (SSP5-8.5). Capacity gap 0.7 — high incoming stress meets low coping.
208,Baleshwar,Odisha,7.36,4.35,-3.01,0.72,0.834,high,wet-bulb,2490678,1472072,Risk declining from 7.4 to 4.3 by 2050 (SSP5-8.5). Capacity gap 0.7 — moderate stress with adequate coping.
209,Vidisha,Madhya Pradesh,4.24,3.27,-0.97,0.72,0.781,high,wet-bulb,1090081,840699,Risk declining from 4.2 to 3.3 by 2050 (SSP5-8.5). Capacity gap 0.7 — high incoming stress meets low coping.
210,Gajapati,Chhattisgarh,5.64,2.33,-3.31,0.72,0.688,high,wet-bulb,460723,190334,Risk declining from 5.6 to 2.3 by 2050 (SSP5-8.5). Capacity gap 0.7 — high incoming stress meets low coping.
211,Arwal,Bihar,4.11,2.33,-1.77,0.72,0.69,high,wet-bulb,458812,260105,Risk declining from 4.1 to 2.3 by 2050 (SSP5-8.5). Capacity gap 0.7 — high incoming stress meets low coping.
212,Golaghat,Nagaland,5.97,4.45,-1.52,0.72,0.838,high,flood,1129383,841835,Risk declining from 6.0 to 4.5 by 2050 (SSP5-8.5). Capacity gap 0.7 — moderate stress with adequate coping.
213,Jalpaiguri,West Bengal,4.82,4.61,-0.21,0.72,0.843,high,flood,1728200,1652905,Risk stable from 4.8 to 4.6 by 2050 (SSP5-8.5). Capacity gap 0.7 — moderate stress with adequate coping.
214,Jamtara,Jharkhand,3.38,2.33,-1.05,0.72,0.69,high,wet-bulb,646394,445591,Risk declining from 3.4 to 2.3 by 2050 (SSP5-8.5). Capacity gap 0.7 — high incoming stress meets low coping.
215,Sidhi,Madhya Pradesh,3.45,2.28,-1.17,0.71,0.691,high,wet-bulb,548302,362356,Risk declining from 3.5 to 2.3 by 2050 (SSP5-8.5). Capacity gap 0.7 — high incoming stress meets low coping.
216,Bhojpur,Bihar,3.69,2.45,-1.24,0.71,0.711,high,wet-bulb,1742589,1157004,Risk declining from 3.7 to 2.5 by 2050 (SSP5-8.5). Capacity gap 0.7 — high incoming stress meets low coping.
217,Muzaffarpur,Bihar,3.96,2.46,-1.5,0.71,0.71,high,wet-bulb,3721033,2311551,Risk declining from 4.0 to 2.5 by 2050 (SSP5-8.5). Capacity gap 0.7 — high incoming stress meets low coping.
218,Cuttack,Odisha,6.16,3.71,-2.45,0.71,0.808,high,wet-bulb,2591996,1561089,Risk declining from 6.2 to 3.7 by 2050 (SSP5-8.5). Capacity gap 0.7 — high incoming stress meets low coping.
219,Mon,Nagaland,3.6,2.76,-0.84,0.71,0.743,high,flood,146375,112221,Risk declining from 3.6 to 2.8 by 2050 (SSP5-8.5). Capacity gap 0.7 — high incoming stress meets low coping.
220,Gorakhpur,Uttar Pradesh,5.26,3.58,-1.69,0.71,0.802,high,wet-bulb,3342376,2274849,Risk declining from 5.3 to 3.6 by 2050 (SSP5-8.5). Capacity gap 0.7 — high incoming stress meets low coping.
221,Sambalpur,Odisha,5.19,3.56,-1.63,0.7,0.803,high,flood,875409,600473,Risk declining from 5.2 to 3.6 by 2050 (SSP5-8.5). Capacity gap 0.7 — high incoming stress meets low coping.
222,Sheopur,Madhya Pradesh,3.12,2.29,-0.83,0.7,0.696,high,wet-bulb,400248,293772,Risk declining from 3.1 to 2.3 by 2050 (SSP5-8.5). Capacity gap 0.7 — high incoming stress meets low coping.
223,Mandsaur,Madhya Pradesh,4.22,3.03,-1.19,0.7,0.767,high,wet-bulb,817898,587259,Risk declining from 4.2 to 3.0 by 2050 (SSP5-8.5). Capacity gap 0.7 — high incoming stress meets low coping.
224,Nawada,Bihar,3.37,2.36,-1.01,0.7,0.703,high,wet-bulb,1349214,944850,Risk declining from 3.4 to 2.4 by 2050 (SSP5-8.5). Capacity gap 0.7 — high incoming stress meets low coping.
225,Jogulamba,Telangana,2.68,2.32,-0.36,0.7,0.705,high,wet-bulb,286368,247901,Risk stable from 2.7 to 2.3 by 2050 (SSP5-8.5). Capacity gap 0.7 — high incoming stress meets low coping.
226,Giridih,Jharkhand,2.99,2.27,-0.72,0.7,0.693,high,wet-bulb,1328555,1008636,Risk declining from 3.0 to 2.3 by 2050 (SSP5-8.5). Capacity gap 0.7 — high incoming stress meets low coping.
227,Moradabad,Uttar Pradesh,5.31,4.14,-1.17,0.7,0.829,high,flood,2890476,2253592,Risk declining from 5.3 to 4.1 by 2050 (SSP5-8.5). Capacity gap 0.7 — moderate stress with adequate coping.
228,Jajapur,Odisha,5.36,2.93,-2.43,0.7,0.76,high,wet-bulb,1671354,913632,Risk declining from 5.4 to 2.9 by 2050 (SSP5-8.5). Capacity gap 0.7 — high incoming stress meets low coping.
229,Bhagalpur,Bihar,3.56,2.6,-0.96,0.7,0.729,high,wet-bulb,1696547,1239051,Risk declining from 3.6 to 2.6 by 2050 (SSP5-8.5). Capacity gap 0.7 — high incoming stress meets low coping.
230,Gumla,Jharkhand,3.69,2.13,-1.56,0.7,0.673,high,wet-bulb,589244,340133,Risk declining from 3.7 to 2.1 by 2050 (SSP5-8.5). Capacity gap 0.7 — high incoming stress meets low coping.
231,Gomati,Tripura,4.51,4.49,-0.02,0.7,0.845,high,flood,310426,309050,Risk stable from 4.5 to 4.5 by 2050 (SSP5-8.5). Capacity gap 0.7 — moderate stress with adequate coping.
232,Dimapur,Nagaland,6.5,4.68,-1.82,0.7,0.851,high,wet-bulb,260612,187641,Risk declining from 6.5 to 4.7 by 2050 (SSP5-8.5). Capacity gap 0.7 — moderate stress with adequate coping.
233,Khordha,Odisha,6.84,4.64,-2.2,0.69,0.852,high,flood,2019992,1370287,Risk declining from 6.8 to 4.6 by 2050 (SSP5-8.5). Capacity gap 0.7 — moderate stress with adequate coping.
234,Rewa,Uttar Pradesh,3.25,2.18,-1.06,0.69,0.683,high,wet-bulb,1122124,752686,Risk declining from 3.2 to 2.2 by 2050 (SSP5-8.5). Capacity gap 0.7 — high incoming stress meets low coping.
235,Viluppuram,Tamil Nadu,5.53,4.19,-1.33,0.69,0.835,high,wet-bulb,2452524,1858242,Risk declining from 5.5 to 4.2 by 2050 (SSP5-8.5). Capacity gap 0.7 — moderate stress with adequate coping.
236,Gir Somnath,Gujarat,6.41,4.46,-1.95,0.69,0.844,high,flood,904004,628995,Risk declining from 6.4 to 4.5 by 2050 (SSP5-8.5). Capacity gap 0.7 — moderate stress with adequate coping.
237,Latehar,Jharkhand,3.56,1.96,-1.6,0.69,0.65,high,wet-bulb,544884,299992,Risk declining from 3.6 to 2.0 by 2050 (SSP5-8.5). Capacity gap 0.7 — high incoming stress meets low coping.
238,Maldah,West Bengal,4.83,3.54,-1.29,0.68,0.809,high,wet-bulb,2768543,2029118,Risk declining from 4.8 to 3.5 by 2050 (SSP5-8.5). Capacity gap 0.7 — high incoming stress meets low coping.
239,Chhatarpur,Madhya Pradesh,3.99,2.45,-1.54,0.68,0.722,high,wet-bulb,1200090,736898,Risk declining from 4.0 to 2.5 by 2050 (SSP5-8.5). Capacity gap 0.7 — high incoming stress meets low coping.
240,Balaghat,Chhattisgarh,5.13,4.01,-1.13,0.68,0.829,high,flood,1262375,986769,Risk declining from 5.1 to 4.0 by 2050 (SSP5-8.5). Capacity gap 0.7 — moderate stress with adequate coping.
241,Nalanda,Bihar,3.44,2.32,-1.12,0.68,0.705,high,wet-bulb,1594800,1075563,Risk declining from 3.4 to 2.3 by 2050 (SSP5-8.5). Capacity gap 0.7 — high incoming stress meets low coping.
242,Kandhamal,Odisha,3.62,2.32,-1.3,0.68,0.706,high,wet-bulb,344196,220590,Risk declining from 3.6 to 2.3 by 2050 (SSP5-8.5). Capacity gap 0.7 — high incoming stress meets low coping.
243,Sheikhpura,Bihar,3.3,2.42,-0.87,0.68,0.718,high,wet-bulb,253746,186081,Risk declining from 3.3 to 2.4 by 2050 (SSP5-8.5). Capacity gap 0.7 — high incoming stress meets low coping.
244,Farrukhabad,Uttar Pradesh,3.39,2.83,-0.56,0.67,0.765,high,flood,979071,817336,Risk declining from 3.4 to 2.8 by 2050 (SSP5-8.5). Capacity gap 0.7 — high incoming stress meets low coping.
245,Mahesana,Gujarat,6.17,4.58,-1.6,0.67,0.853,high,flood,1716041,1273819,Risk declining from 6.2 to 4.6 by 2050 (SSP5-8.5). Capacity gap 0.7 — moderate stress with adequate coping.
246,Ariyalur,Tamil Nadu,4.71,3.82,-0.89,0.67,0.826,high,flood,322310,261406,Risk declining from 4.7 to 3.8 by 2050 (SSP5-8.5). Capacity gap 0.7 — moderate stress with adequate coping.
247,Yadgir,Karnataka,3.21,2.4,-0.81,0.66,0.725,high,wet-bulb,581515,434778,Risk declining from 3.2 to 2.4 by 2050 (SSP5-8.5). Capacity gap 0.7 — high incoming stress meets low coping.
248,Bhopal,Madhya Pradesh,5.98,4.47,-1.51,0.66,0.854,high,flood,2324200,1737320,Risk declining from 6.0 to 4.5 by 2050 (SSP5-8.5). Capacity gap 0.7 — moderate stress with adequate coping.
249,Palamu,Jharkhand,3.54,2.15,-1.39,0.66,0.694,high,wet-bulb,1230896,747578,Risk declining from 3.5 to 2.1 by 2050 (SSP5-8.5). Capacity gap 0.7 — high incoming stress meets low coping.
250,Bijnor,Uttarakhand,5.96,4.37,-1.58,0.66,0.849,high,flood,3272631,2399563,Risk declining from 6.0 to 4.4 by 2050 (SSP5-8.5). Capacity gap 0.7 — moderate stress with adequate coping.
251,Tapi,Maharashtra,5.26,4.16,-1.1,0.66,0.842,high,flood,678504,536612,Risk declining from 5.3 to 4.2 by 2050 (SSP5-8.5). Capacity gap 0.7 — moderate stress with adequate coping.
252,Ramgarh,Jharkhand,3.32,2.39,-0.94,0.66,0.724,high,wet-bulb,414360,298289,Risk declining from 3.3 to 2.4 by 2050 (SSP5-8.5). Capacity gap 0.7 — high incoming stress meets low coping.
253,Mumbai Suburban,Maharashtra,5.59,5.0,-0.59,0.66,0.867,high,flood,6811401,6092488,Risk declining from 5.6 to 5.0 by 2050 (SSP5-8.5). Capacity gap 0.7 — moderate stress with adequate coping.
254,Jehanabad,Bihar,4.05,2.31,-1.74,0.66,0.713,high,wet-bulb,692835,395173,Risk declining from 4.0 to 2.3 by 2050 (SSP5-8.5). Capacity gap 0.7 — high incoming stress meets low coping.
255,South Twenty Four Parganas,West Bengal,6.66,4.54,-2.12,0.65,0.857,moderate,wet-bulb,14898760,10156212,Risk declining from 6.7 to 4.5 by 2050 (SSP5-8.5). Capacity gap 0.7 — moderate stress with adequate coping.
256,Subarnapur,Odisha,3.87,3.58,-0.29,0.65,0.818,moderate,flood,422573,390908,Risk stable from 3.9 to 3.6 by 2050 (SSP5-8.5). Capacity gap 0.7 — moderate stress with adequate coping.
257,Dhule,Madhya Pradesh,3.2,2.55,-0.64,0.65,0.744,moderate,wet-bulb,1069957,852622,Risk declining from 3.2 to 2.5 by 2050 (SSP5-8.5). Capacity gap 0.7 — high incoming stress meets low coping.
258,Dhanbad,Jharkhand,2.75,2.64,-0.12,0.65,0.755,moderate,wet-bulb,1014553,973971,Risk stable from 2.8 to 2.6 by 2050 (SSP5-8.5). Capacity gap 0.7 — high incoming stress meets low coping.
259,Palghar,Maharashtra,5.45,4.46,-1.0,0.65,0.853,moderate,wet-bulb,2835742,2320625,Risk declining from 5.5 to 4.5 by 2050 (SSP5-8.5). Capacity gap 0.7 — moderate stress with adequate coping.
260,Patna,Bihar,3.37,2.67,-0.71,0.65,0.756,moderate,wet-bulb,3069244,2431715,Risk declining from 3.4 to 2.7 by 2050 (SSP5-8.5). Capacity gap 0.7 — high incoming stress meets low coping.
261,Barwani,Madhya Pradesh,3.39,2.42,-0.97,0.65,0.73,moderate,wet-bulb,798952,570343,Risk declining from 3.4 to 2.4 by 2050 (SSP5-8.5). Capacity gap 0.7 — high incoming stress meets low coping.
262,Bargarh,Odisha,4.24,3.39,-0.84,0.64,0.812,moderate,wet-bulb,861546,688830,Risk declining from 4.2 to 3.4 by 2050 (SSP5-8.5). Capacity gap 0.6 — high incoming stress meets low coping.
263,Bharuch,Gujarat,7.05,4.48,-2.57,0.64,0.857,moderate,wet-bulb,1675900,1064969,Risk declining from 7.0 to 4.5 by 2050 (SSP5-8.5). Capacity gap 0.6 — moderate stress with adequate coping.
264,Changlang,Arunachal Pradesh,4.14,3.13,-1.02,0.64,0.797,moderate,flood,189422,143211,Risk declining from 4.1 to 3.1 by 2050 (SSP5-8.5). Capacity gap 0.6 — high incoming stress meets low coping.
265,Garhwa,Jharkhand,3.75,2.19,-1.56,0.64,0.707,moderate,wet-bulb,764386,446402,Risk declining from 3.8 to 2.2 by 2050 (SSP5-8.5). Capacity gap 0.6 — high incoming stress meets low coping.
266,Tamenglong,Manipur,2.65,2.25,-0.4,0.64,0.716,moderate,flood,61287,52036,Risk stable from 2.6 to 2.2 by 2050 (SSP5-8.5). Capacity gap 0.6 — high incoming stress meets low coping.
267,Fatehpur,Uttar Pradesh,3.88,2.44,-1.44,0.63,0.741,moderate,wet-bulb,1854271,1166088,Risk declining from 3.9 to 2.4 by 2050 (SSP5-8.5). Capacity gap 0.6 — high incoming stress meets low coping.
268,Dakshin Dinajpur,West Bengal,4.9,4.51,-0.39,0.63,0.86,moderate,flood,1339871,1233228,Risk stable from 4.9 to 4.5 by 2050 (SSP5-8.5). Capacity gap 0.6 — moderate stress with adequate coping.
269,Bijapur,Karnataka,2.69,2.62,-0.07,0.63,0.759,moderate,wet-bulb,1055078,1027623,Risk stable from 2.7 to 2.6 by 2050 (SSP5-8.5). Capacity gap 0.6 — high incoming stress meets low coping.
270,Shivpuri,Madhya Pradesh,3.91,2.34,-1.57,0.63,0.731,moderate,wet-bulb,1041963,623579,Risk declining from 3.9 to 2.3 by 2050 (SSP5-8.5). Capacity gap 0.6 — high incoming stress meets low coping.
271,Jhalawar,Madhya Pradesh,3.49,2.67,-0.82,0.63,0.763,moderate,wet-bulb,743125,568522,Risk declining from 3.5 to 2.7 by 2050 (SSP5-8.5). Capacity gap 0.6 — high incoming stress meets low coping.
272,Hazaribagh,Jharkhand,2.86,2.24,-0.61,0.63,0.719,moderate,wet-bulb,888171,695630,Risk declining from 2.9 to 2.2 by 2050 (SSP5-8.5). Capacity gap 0.6 — high incoming stress meets low coping.
273,Ashoknagar,Madhya Pradesh,3.5,2.35,-1.15,0.63,0.73,moderate,wet-bulb,508928,341709,Risk declining from 3.5 to 2.4 by 2050 (SSP5-8.5). Capacity gap 0.6 — high incoming stress meets low coping.
274,Puri,Odisha,7.59,4.11,-3.48,0.63,0.847,moderate,wet-bulb,2154264,1166538,Risk declining from 7.6 to 4.1 by 2050 (SSP5-8.5). Capacity gap 0.6 — moderate stress with adequate coping.
275,Simdega,Odisha,3.53,2.14,-1.39,0.63,0.703,moderate,wet-bulb,368112,223162,Risk declining from 3.5 to 2.1 by 2050 (SSP5-8.5). Capacity gap 0.6 — high incoming stress meets low coping.
276,Longding,Assam,2.94,2.43,-0.51,0.63,0.741,moderate,flood,22268,18406,Risk declining from 2.9 to 2.4 by 2050 (SSP5-8.5). Capacity gap 0.6 — high incoming stress meets low coping.
277,Vaishali,Bihar,3.18,2.17,-1.01,0.62,0.715,moderate,wet-bulb,2322862,1585097,Risk declining from 3.2 to 2.2 by 2050 (SSP5-8.5). Capacity gap 0.6 — high incoming stress meets low coping.
278,Cuddalore,Tamil Nadu,6.58,4.43,-2.15,0.62,0.86,moderate,wet-bulb,2683971,1806990,Risk declining from 6.6 to 4.4 by 2050 (SSP5-8.5). Capacity gap 0.6 — moderate stress with adequate coping.
279,Banda,Uttar Pradesh,2.82,2.47,-0.36,0.62,0.747,moderate,wet-bulb,819444,717740,Risk stable from 2.8 to 2.5 by 2050 (SSP5-8.5). Capacity gap 0.6 — high incoming stress meets low coping.
280,Unnao,Uttar Pradesh,3.32,2.34,-0.98,0.62,0.734,moderate,wet-bulb,1347458,949715,Risk declining from 3.3 to 2.3 by 2050 (SSP5-8.5). Capacity gap 0.6 — high incoming stress meets low coping.
281,Gulbarga,Karnataka,3.02,2.39,-0.62,0.62,0.741,moderate,wet-bulb,1313224,1039274,Risk declining from 3.0 to 2.4 by 2050 (SSP5-8.5). Capacity gap 0.6 — high incoming stress meets low coping.
282,Wokha,Nagaland,3.92,3.34,-0.58,0.62,0.814,moderate,flood,109016,92886,Risk declining from 3.9 to 3.3 by 2050 (SSP5-8.5). Capacity gap 0.6 — high incoming stress meets low coping.
283,Koch Bihar,West Bengal,4.52,4.49,-0.03,0.62,0.862,moderate,flood,1961821,1948800,Risk stable from 4.5 to 4.5 by 2050 (SSP5-8.5). Capacity gap 0.6 — moderate stress with adequate coping.
284,Begusarai,Bihar,2.68,2.41,-0.26,0.62,0.744,moderate,wet-bulb,1497993,1347076,Risk stable from 2.7 to 2.4 by 2050 (SSP5-8.5). Capacity gap 0.6 — high incoming stress meets low coping.
285,Chitrakoot,Uttar Pradesh,3.23,2.28,-0.95,0.62,0.728,moderate,wet-bulb,648893,458042,Risk declining from 3.2 to 2.3 by 2050 (SSP5-8.5). Capacity gap 0.6 — high incoming stress meets low coping.
286,Haora,West Bengal,6.54,4.47,-2.07,0.62,0.862,moderate,wet-bulb,4970527,3397287,Risk declining from 6.5 to 4.5 by 2050 (SSP5-8.5). Capacity gap 0.6 — moderate stress with adequate coping.
287,Raigarh,Chhattisgarh,5.17,3.97,-1.21,0.61,0.846,moderate,wet-bulb,3976494,3053517,Risk declining from 5.2 to 4.0 by 2050 (SSP5-8.5). Capacity gap 0.6 — moderate stress with adequate coping.
288,Etah,Uttar Pradesh,3.58,2.49,-1.09,0.61,0.754,moderate,wet-bulb,1106913,769892,Risk declining from 3.6 to 2.5 by 2050 (SSP5-8.5). Capacity gap 0.6 — high incoming stress meets low coping.
289,Kalimpong,West Bengal,3.21,1.23,-1.98,0.61,0.5,moderate,cold wave,136570,52330,Risk declining from 3.2 to 1.2 by 2050 (SSP5-8.5). Capacity gap 0.6 — high incoming stress meets low coping.
290,Ujjain,Madhya Pradesh,3.96,3.16,-0.81,0.61,0.808,moderate,wet-bulb,1308902,1044477,Risk declining from 4.0 to 3.2 by 2050 (SSP5-8.5). Capacity gap 0.6 — high incoming stress meets low coping.
291,Mewat,Uttar Pradesh,2.82,2.35,-0.47,0.61,0.74,moderate,wet-bulb,584485,487071,Risk stable from 2.8 to 2.4 by 2050 (SSP5-8.5). Capacity gap 0.6 — high incoming stress meets low coping.
292,Dhenkanal,Odisha,4.17,2.26,-1.92,0.61,0.728,moderate,wet-bulb,811605,439863,Risk declining from 4.2 to 2.3 by 2050 (SSP5-8.5). Capacity gap 0.6 — high incoming stress meets low coping.
293,Phek,Nagaland,3.45,3.38,-0.06,0.61,0.821,moderate,flood,87113,85345,Risk stable from 3.5 to 3.4 by 2050 (SSP5-8.5). Capacity gap 0.6 — moderate stress with adequate coping.
294,Sivasagar,Assam,6.21,4.69,-1.52,0.61,0.869,moderate,flood,687702,519376,Risk declining from 6.2 to 4.7 by 2050 (SSP5-8.5). Capacity gap 0.6 — moderate stress with adequate coping.
295,Pratapgarh,Rajasthan,3.8,2.51,-1.29,0.6,0.762,moderate,wet-bulb,2527184,1669271,Risk declining from 3.8 to 2.5 by 2050 (SSP5-8.5). Capacity gap 0.6 — high incoming stress meets low coping.
296,Kendujhar,Odisha,3.64,2.13,-1.5,0.6,0.719,moderate,wet-bulb,1037641,607191,Risk declining from 3.6 to 2.1 by 2050 (SSP5-8.5). Capacity gap 0.6 — high incoming stress meets low coping.
297,Ambedkar Nagar,Uttar Pradesh,4.01,3.0,-1.01,0.6,0.799,moderate,wet-bulb,1359179,1016842,Risk declining from 4.0 to 3.0 by 2050 (SSP5-8.5). Capacity gap 0.6 — high incoming stress meets low coping.
298,Tikamgarh,Madhya Pradesh,3.88,2.25,-1.63,0.6,0.732,moderate,wet-bulb,558830,324064,Risk declining from 3.9 to 2.2 by 2050 (SSP5-8.5). Capacity gap 0.6 — high incoming stress meets low coping.
299,New Delhi,Uttar Pradesh,3.53,3.42,-0.11,0.6,0.825,moderate,wet-bulb,3076932,2981050,Risk stable from 3.5 to 3.4 by 2050 (SSP5-8.5). Capacity gap 0.6 — moderate stress with adequate coping.
300,Sonbhadra,Uttar Pradesh,3.44,2.24,-1.2,0.59,0.738,moderate,wet-bulb,879021,572386,Risk declining from 3.4 to 2.2 by 2050 (SSP5-8.5). Capacity gap 0.6 — high incoming stress meets low coping.
301,Karauli,Rajasthan,3.44,2.32,-1.12,0.59,0.745,moderate,wet-bulb,864765,583214,Risk declining from 3.4 to 2.3 by 2050 (SSP5-8.5). Capacity gap 0.6 — high incoming stress meets low coping.
302,Munger,Bihar,4.97,2.5,-2.46,0.59,0.767,moderate,wet-bulb,1275710,641705,Risk declining from 5.0 to 2.5 by 2050 (SSP5-8.5). Capacity gap 0.6 — high incoming stress meets low coping.
303,Kanshiram Nagar,Uttar Pradesh,3.31,2.38,-0.93,0.59,0.751,moderate,wet-bulb,680824,489535,Risk declining from 3.3 to 2.4 by 2050 (SSP5-8.5). Capacity gap 0.6 — high incoming stress meets low coping.
304,Meerut,Uttar Pradesh,4.75,3.64,-1.12,0.59,0.837,moderate,flood,2982239,2285337,Risk declining from 4.8 to 3.6 by 2050 (SSP5-8.5). Capacity gap 0.6 — moderate stress with adequate coping.
305,Bokaro,Jharkhand,3.26,2.27,-0.99,0.59,0.743,moderate,wet-bulb,1278762,890426,Risk declining from 3.3 to 2.3 by 2050 (SSP5-8.5). Capacity gap 0.6 — high incoming stress meets low coping.
306,Jorhat,Nagaland,5.54,4.27,-1.27,0.59,0.863,moderate,wet-bulb,535394,412660,Risk declining from 5.5 to 4.3 by 2050 (SSP5-8.5). Capacity gap 0.6 — moderate stress with adequate coping.
307,Buxar,Uttar Pradesh,4.39,2.36,-2.02,0.58,0.756,moderate,wet-bulb,915615,492221,Risk declining from 4.4 to 2.4 by 2050 (SSP5-8.5). Capacity gap 0.6 — high incoming stress meets low coping.
308,Nayagarh,Odisha,4.05,3.02,-1.03,0.58,0.806,moderate,wet-bulb,645729,481506,Risk declining from 4.0 to 3.0 by 2050 (SSP5-8.5). Capacity gap 0.6 — high incoming stress meets low coping.
309,Kodarma,Jharkhand,3.15,2.07,-1.08,0.58,0.719,moderate,wet-bulb,408231,268266,Risk declining from 3.1 to 2.1 by 2050 (SSP5-8.5). Capacity gap 0.6 — high incoming stress meets low coping.
310,Kaushambi,Uttar Pradesh,4.21,2.23,-1.98,0.58,0.738,moderate,wet-bulb,953498,505059,Risk declining from 4.2 to 2.2 by 2050 (SSP5-8.5). Capacity gap 0.6 — high incoming stress meets low coping.
311,Baudh,Odisha,3.46,2.39,-1.07,0.57,0.763,moderate,wet-bulb,251440,173682,Risk declining from 3.5 to 2.4 by 2050 (SSP5-8.5). Capacity gap 0.6 — high incoming stress meets low coping.
312,Shahdol,Chhattisgarh,3.35,2.16,-1.18,0.57,0.738,moderate,wet-bulb,544696,351207,Risk declining from 3.4 to 2.2 by 2050 (SSP5-8.5). Capacity gap 0.6 — high incoming stress meets low coping.
313,Gondiya,Chhattisgarh,5.02,3.85,-1.16,0.57,0.853,moderate,wet-bulb,1100469,843985,Risk declining from 5.0 to 3.9 by 2050 (SSP5-8.5). Capacity gap 0.6 — moderate stress with adequate coping.
314,Rae Bareli,Uttar Pradesh,3.9,2.22,-1.67,0.57,0.744,moderate,wet-bulb,1854272,1055509,Risk declining from 3.9 to 2.2 by 2050 (SSP5-8.5). Capacity gap 0.6 — high incoming stress meets low coping.
315,Dhaulpur,Uttar Pradesh,3.08,2.31,-0.76,0.57,0.753,moderate,wet-bulb,656358,492269,Risk declining from 3.1 to 2.3 by 2050 (SSP5-8.5). Capacity gap 0.6 — high incoming stress meets low coping.
316,Kannauj,Uttar Pradesh,3.17,2.45,-0.72,0.57,0.767,moderate,wet-bulb,794691,614194,Risk declining from 3.2 to 2.5 by 2050 (SSP5-8.5). Capacity gap 0.6 — high incoming stress meets low coping.
317,Sant Ravidas Nagar (Bhadohi),Uttar Pradesh,5.18,2.78,-2.4,0.57,0.795,moderate,wet-bulb,1074098,576447,Risk declining from 5.2 to 2.8 by 2050 (SSP5-8.5). Capacity gap 0.6 — high incoming stress meets low coping.
318,Bhilwara,Rajasthan,3.2,2.48,-0.72,0.56,0.774,moderate,wet-bulb,1175688,911158,Risk declining from 3.2 to 2.5 by 2050 (SSP5-8.5). Capacity gap 0.6 — high incoming stress meets low coping.
319,Udaipur,Rajasthan,3.78,2.5,-1.28,0.56,0.778,moderate,wet-bulb,1782490,1178895,Risk declining from 3.8 to 2.5 by 2050 (SSP5-8.5). Capacity gap 0.6 — high incoming stress meets low coping.
320,Baran,Madhya Pradesh,3.68,2.38,-1.29,0.56,0.766,moderate,wet-bulb,645022,417161,Risk declining from 3.7 to 2.4 by 2050 (SSP5-8.5). Capacity gap 0.6 — high incoming stress meets low coping.
321,Chhindwara,Madhya Pradesh,4.6,3.06,-1.54,0.56,0.817,moderate,wet-bulb,1598473,1063332,Risk declining from 4.6 to 3.1 by 2050 (SSP5-8.5). Capacity gap 0.6 — moderate stress with adequate coping.
322,Raichur,Karnataka,2.99,2.4,-0.59,0.56,0.765,moderate,wet-bulb,919058,737705,Risk declining from 3.0 to 2.4 by 2050 (SSP5-8.5). Capacity gap 0.6 — high incoming stress meets low coping.
323,Satna,Madhya Pradesh,3.38,2.22,-1.15,0.56,0.749,moderate,wet-bulb,1392553,914635,Risk declining from 3.4 to 2.2 by 2050 (SSP5-8.5). Capacity gap 0.6 — high incoming stress meets low coping.
324,Warangal (R),Telangana,3.63,2.12,-1.51,0.56,0.75,moderate,wet-bulb,530135,309610,Risk declining from 3.6 to 2.1 by 2050 (SSP5-8.5). Capacity gap 0.6 — high incoming stress meets low coping.
325,West Garo Hills,Assam,4.92,3.81,-1.11,0.56,0.854,moderate,flood,346608,268410,Risk declining from 4.9 to 3.8 by 2050 (SSP5-8.5). Capacity gap 0.6 — moderate stress with adequate coping.
326,Hapur,Uttar Pradesh,4.98,3.56,-1.41,0.56,0.841,moderate,wet-bulb,924868,661151,Risk declining from 5.0 to 3.6 by 2050 (SSP5-8.5). Capacity gap 0.6 — moderate stress with adequate coping.
327,Bundi,Rajasthan,3.5,2.33,-1.17,0.55,0.765,moderate,wet-bulb,776967,517238,Risk declining from 3.5 to 2.3 by 2050 (SSP5-8.5). Capacity gap 0.6 — high incoming stress meets low coping.
328,Bankura,West Bengal,3.46,2.35,-1.11,0.55,0.767,moderate,wet-bulb,2098089,1425003,Risk declining from 3.5 to 2.4 by 2050 (SSP5-8.5). Capacity gap 0.6 — high incoming stress meets low coping.
329,Vizianagaram,Chhattisgarh,4.76,2.53,-2.23,0.55,0.782,moderate,wet-bulb,1576940,838164,Risk declining from 4.8 to 2.5 by 2050 (SSP5-8.5). Capacity gap 0.6 — high incoming stress meets low coping.
330,Bharatpur,Rajasthan,2.95,2.39,-0.56,0.54,0.774,moderate,wet-bulb,1257693,1018944,Risk declining from 3.0 to 2.4 by 2050 (SSP5-8.5). Capacity gap 0.5 — high incoming stress meets low coping.
331,Lalitpur,Madhya Pradesh,3.74,2.28,-1.47,0.54,0.762,moderate,wet-bulb,787950,480355,Risk declining from 3.7 to 2.3 by 2050 (SSP5-8.5). Capacity gap 0.5 — high incoming stress meets low coping.
332,Anand,Gujarat,6.78,4.63,-2.15,0.54,0.883,moderate,flood,2576871,1759721,Risk declining from 6.8 to 4.6 by 2050 (SSP5-8.5). Capacity gap 0.5 — moderate stress with adequate coping.
333,Tonk,Rajasthan,2.39,2.42,0.03,0.53,0.78,moderate,wet-bulb,589369,596767,Risk stable from 2.4 to 2.4 by 2050 (SSP5-8.5). Capacity gap 0.5 — high incoming stress meets low coping.
334,East Khasi Hills,Meghalaya,3.1,2.87,-0.23,0.53,0.815,moderate,flood,428506,396713,Risk stable from 3.1 to 2.9 by 2050 (SSP5-8.5). Capacity gap 0.5 — high incoming stress meets low coping.
335,Lohardaga,Jharkhand,3.97,2.01,-1.96,0.53,0.736,moderate,wet-bulb,273171,138306,Risk declining from 4.0 to 2.0 by 2050 (SSP5-8.5). Capacity gap 0.5 — high incoming stress meets low coping.
336,Morena,Madhya Pradesh,3.19,2.41,-0.78,0.52,0.786,moderate,wet-bulb,1006136,760122,Risk declining from 3.2 to 2.4 by 2050 (SSP5-8.5). Capacity gap 0.5 — high incoming stress meets low coping.
337,Anuppur,Chhattisgarh,3.27,2.25,-1.02,0.52,0.771,moderate,wet-bulb,548570,377456,Risk declining from 3.3 to 2.2 by 2050 (SSP5-8.5). Capacity gap 0.5 — high incoming stress meets low coping.
338,Ballia,Uttar Pradesh,3.17,2.23,-0.94,0.52,0.769,moderate,wet-bulb,1899070,1335939,Risk declining from 3.2 to 2.2 by 2050 (SSP5-8.5). Capacity gap 0.5 — high incoming stress meets low coping.
339,Zunheboto,Nagaland,2.79,2.76,-0.02,0.52,0.81,moderate,flood,54849,54260,Risk stable from 2.8 to 2.8 by 2050 (SSP5-8.5). Capacity gap 0.5 — high incoming stress meets low coping.
340,Srikakulam,Chhattisgarh,5.88,2.66,-3.22,0.52,0.803,moderate,wet-bulb,2294925,1038180,Risk declining from 5.9 to 2.7 by 2050 (SSP5-8.5). Capacity gap 0.5 — high incoming stress meets low coping.
341,North Twenty Four Parganas,West Bengal,7.99,4.85,-3.14,0.52,0.892,moderate,wet-bulb,8333089,5058258,Risk declining from 8.0 to 4.8 by 2050 (SSP5-8.5). Capacity gap 0.5 — moderate stress with adequate coping.
342,Firozabad,Uttar Pradesh,3.44,2.44,-1.0,0.52,0.788,moderate,wet-bulb,1349389,957125,Risk declining from 3.4 to 2.4 by 2050 (SSP5-8.5). Capacity gap 0.5 — high incoming stress meets low coping.
343,Thane,Maharashtra,5.76,4.46,-1.3,0.52,0.883,moderate,flood,5108440,3955493,Risk declining from 5.8 to 4.5 by 2050 (SSP5-8.5). Capacity gap 0.5 — moderate stress with adequate coping.
344,Nashik,Maharashtra,3.24,2.84,-0.4,0.51,0.822,moderate,wet-bulb,3210556,2814191,Risk stable from 3.2 to 2.8 by 2050 (SSP5-8.5). Capacity gap 0.5 — moderate stress with adequate coping.
345,Adilabad,Maharashtra,4.03,2.38,-1.66,0.51,0.784,moderate,wet-bulb,431816,255018,Risk declining from 4.0 to 2.4 by 2050 (SSP5-8.5). Capacity gap 0.5 — high incoming stress meets low coping.
346,Korba,Chhattisgarh,3.96,2.26,-1.69,0.51,0.774,moderate,wet-bulb,813374,464198,Risk declining from 4.0 to 2.3 by 2050 (SSP5-8.5). Capacity gap 0.5 — high incoming stress meets low coping.
347,Kanpur Dehat,Uttar Pradesh,3.66,2.32,-1.35,0.51,0.782,moderate,wet-bulb,1052484,667148,Risk declining from 3.7 to 2.3 by 2050 (SSP5-8.5). Capacity gap 0.5 — high incoming stress meets low coping.
348,South West Khasi Hills,Meghalaya,3.14,2.27,-0.88,0.51,0.775,moderate,flood,77654,56138,Risk declining from 3.1 to 2.3 by 2050 (SSP5-8.5). Capacity gap 0.5 — high incoming stress meets low coping.
349,Mahamaya Nagar,Uttar Pradesh,2.6,2.39,-0.21,0.51,0.788,moderate,wet-bulb,765382,703563,Risk stable from 2.6 to 2.4 by 2050 (SSP5-8.5). Capacity gap 0.5 — high incoming stress meets low coping.
350,Kaimur (Bhabua),Uttar Pradesh,3.86,2.05,-1.81,0.5,0.758,moderate,wet-bulb,1098238,583261,Risk declining from 3.9 to 2.0 by 2050 (SSP5-8.5). Capacity gap 0.5 — high incoming stress meets low coping.
351,Dausa,Rajasthan,3.45,2.38,-1.06,0.5,0.79,moderate,wet-bulb,860108,593350,Risk declining from 3.5 to 2.4 by 2050 (SSP5-8.5). Capacity gap 0.5 — high incoming stress meets low coping.
352,Kalahandi,Chhattisgarh,3.5,2.36,-1.14,0.5,0.789,moderate,wet-bulb,949003,639899,Risk declining from 3.5 to 2.4 by 2050 (SSP5-8.5). Capacity gap 0.5 — high incoming stress meets low coping.
353,Mainpuri,Uttar Pradesh,3.43,2.29,-1.14,0.5,0.781,moderate,wet-bulb,987294,659156,Risk declining from 3.4 to 2.3 by 2050 (SSP5-8.5). Capacity gap 0.5 — high incoming stress meets low coping.
354,Surajpur,Chhattisgarh,3.64,2.36,-1.28,0.5,0.789,moderate,wet-bulb,421206,273089,Risk declining from 3.6 to 2.4 by 2050 (SSP5-8.5). Capacity gap 0.5 — high incoming stress meets low coping.
355,Ghazipur,Uttar Pradesh,3.87,2.26,-1.61,0.49,0.785,moderate,wet-bulb,2269697,1325456,Risk declining from 3.9 to 2.3 by 2050 (SSP5-8.5). Capacity gap 0.5 — high incoming stress meets low coping.
356,Neemuch,Rajasthan,4.12,2.57,-1.55,0.49,0.808,moderate,wet-bulb,448722,279906,Risk declining from 4.1 to 2.6 by 2050 (SSP5-8.5). Capacity gap 0.5 — high incoming stress meets low coping.
357,Mathura,Uttar Pradesh,2.95,2.27,-0.68,0.49,0.782,moderate,wet-bulb,1324738,1019375,Risk declining from 3.0 to 2.3 by 2050 (SSP5-8.5). Capacity gap 0.5 — high incoming stress meets low coping.
358,Amethi,Uttar Pradesh,4.28,2.11,-2.17,0.49,0.766,moderate,wet-bulb,1677136,826812,Risk declining from 4.3 to 2.1 by 2050 (SSP5-8.5). Capacity gap 0.5 — high incoming stress meets low coping.
359,Alwar,Rajasthan,3.13,2.35,-0.78,0.49,0.794,moderate,wet-bulb,1865942,1400947,Risk declining from 3.1 to 2.4 by 2050 (SSP5-8.5). Capacity gap 0.5 — high incoming stress meets low coping.
360,Jalor,Rajasthan,4.01,2.85,-1.16,0.49,0.829,moderate,wet-bulb,1183993,841491,Risk declining from 4.0 to 2.9 by 2050 (SSP5-8.5). Capacity gap 0.5 — moderate stress with adequate coping.
361,Devbhumi Dwarka,Gujarat,5.2,2.94,-2.26,0.49,0.833,moderate,wet-bulb,474523,268288,Risk declining from 5.2 to 2.9 by 2050 (SSP5-8.5). Capacity gap 0.5 — moderate stress with adequate coping.
362,Koppal,Karnataka,2.82,2.36,-0.46,0.49,0.794,moderate,wet-bulb,750138,627775,Risk stable from 2.8 to 2.4 by 2050 (SSP5-8.5). Capacity gap 0.5 — high incoming stress meets low coping.
363,Chandauli,Uttar Pradesh,3.74,2.25,-1.49,0.49,0.782,moderate,wet-bulb,1005736,605055,Risk declining from 3.7 to 2.2 by 2050 (SSP5-8.5). Capacity gap 0.5 — high incoming stress meets low coping.
364,Tirap,Assam,2.87,2.83,-0.05,0.49,0.826,moderate,flood,33551,33083,Risk stable from 2.9 to 2.8 by 2050 (SSP5-8.5). Capacity gap 0.5 — moderate stress with adequate coping.
365,Gautam Buddha Nagar,Uttar Pradesh,4.36,2.85,-1.51,0.49,0.827,moderate,wet-bulb,2601038,1700220,Risk declining from 4.4 to 2.9 by 2050 (SSP5-8.5). Capacity gap 0.5 — moderate stress with adequate coping.
366,West Tripura,Tripura,4.51,4.46,-0.06,0.49,0.891,moderate,flood,495105,489616,Risk stable from 4.5 to 4.5 by 2050 (SSP5-8.5). Capacity gap 0.5 — moderate stress with adequate coping.
367,Junagadh,Gujarat,6.09,4.33,-1.75,0.48,0.89,moderate,flood,1346229,957171,Risk declining from 6.1 to 4.3 by 2050 (SSP5-8.5). Capacity gap 0.5 — moderate stress with adequate coping.
368,Sindhudurg,Karnataka,5.11,4.13,-0.98,0.48,0.884,moderate,flood,551814,445987,Risk declining from 5.1 to 4.1 by 2050 (SSP5-8.5). Capacity gap 0.5 — moderate stress with adequate coping.
369,Tirupathur,Karnataka,3.42,1.91,-1.51,0.48,0.77,moderate,wet-bulb,606708,338834,Risk declining from 3.4 to 1.9 by 2050 (SSP5-8.5). Capacity gap 0.5 — high incoming stress meets low coping.
370,Murshidabad,West Bengal,5.47,2.28,-3.18,0.48,0.788,moderate,wet-bulb,5890360,2455214,Risk declining from 5.5 to 2.3 by 2050 (SSP5-8.5). Capacity gap 0.5 — high incoming stress meets low coping.
371,Balangir,Odisha,3.31,2.42,-0.88,0.48,0.804,moderate,wet-bulb,912881,667424,Risk declining from 3.3 to 2.4 by 2050 (SSP5-8.5). Capacity gap 0.5 — high incoming stress meets low coping.
372,Aligarh,Uttar Pradesh,3.6,2.22,-1.37,0.48,0.785,moderate,wet-bulb,1972571,1216419,Risk declining from 3.6 to 2.2 by 2050 (SSP5-8.5). Capacity gap 0.5 — high incoming stress meets low coping.
373,Washim,Maharashtra,3.84,2.21,-1.63,0.48,0.782,moderate,wet-bulb,771243,443866,Risk declining from 3.8 to 2.2 by 2050 (SSP5-8.5). Capacity gap 0.5 — high incoming stress meets low coping.
374,Mahoba,Madhya Pradesh,3.13,2.29,-0.84,0.48,0.789,moderate,wet-bulb,419087,306616,Risk declining from 3.1 to 2.3 by 2050 (SSP5-8.5). Capacity gap 0.5 — high incoming stress meets low coping.
375,Chittaurgarh,Rajasthan,3.53,2.26,-1.27,0.48,0.789,moderate,wet-bulb,950833,608748,Risk declining from 3.5 to 2.3 by 2050 (SSP5-8.5). Capacity gap 0.5 — high incoming stress meets low coping.
376,Anugul,Odisha,3.32,1.97,-1.35,0.48,0.758,moderate,wet-bulb,628074,372683,Risk declining from 3.3 to 2.0 by 2050 (SSP5-8.5). Capacity gap 0.5 — high incoming stress meets low coping.
377,Purbi Singhbhum,Jharkhand,3.62,2.31,-1.31,0.48,0.793,moderate,wet-bulb,983264,627442,Risk declining from 3.6 to 2.3 by 2050 (SSP5-8.5). Capacity gap 0.5 — high incoming stress meets low coping.
378,Yamunanagar,Haryana,5.37,4.39,-0.98,0.48,0.89,moderate,flood,966829,790387,Risk declining from 5.4 to 4.4 by 2050 (SSP5-8.5). Capacity gap 0.5 — moderate stress with adequate coping.
379,Sawai Madhopur,Rajasthan,3.15,2.31,-0.84,0.48,0.794,moderate,wet-bulb,547479,401484,Risk declining from 3.1 to 2.3 by 2050 (SSP5-8.5). Capacity gap 0.5 — high incoming stress meets low coping.
380,Datia,Madhya Pradesh,3.57,2.25,-1.32,0.48,0.788,moderate,wet-bulb,425368,268089,Risk declining from 3.6 to 2.2 by 2050 (SSP5-8.5). Capacity gap 0.5 — high incoming stress meets low coping.
381,Baghpat,Uttar Pradesh,4.17,3.04,-1.13,0.47,0.845,moderate,wet-bulb,998785,728131,Risk declining from 4.2 to 3.0 by 2050 (SSP5-8.5). Capacity gap 0.5 — moderate stress with adequate coping.
382,Navsari,Maharashtra,5.49,4.59,-0.9,0.47,0.897,moderate,flood,1005523,840683,Risk declining from 5.5 to 4.6 by 2050 (SSP5-8.5). Capacity gap 0.5 — moderate stress with adequate coping.
383,Hugli,West Bengal,6.1,3.44,-2.65,0.47,0.864,moderate,wet-bulb,5727256,3229797,Risk declining from 6.1 to 3.4 by 2050 (SSP5-8.5). Capacity gap 0.5 — moderate stress with adequate coping.
384,Patan,Gujarat,4.89,3.25,-1.63,0.46,0.857,moderate,wet-bulb,850948,565558,Risk declining from 4.9 to 3.2 by 2050 (SSP5-8.5). Capacity gap 0.5 — moderate stress with adequate coping.
385,Jaisalmer,Rajasthan,5.47,2.42,-3.06,0.46,0.811,moderate,drought,856458,378908,Risk declining from 5.5 to 2.4 by 2050 (SSP5-8.5). Capacity gap 0.5 — high incoming stress meets low coping.
386,Surat,Gujarat,6.82,4.47,-2.35,0.46,0.898,moderate,flood,6453158,4229562,Risk declining from 6.8 to 4.5 by 2050 (SSP5-8.5). Capacity gap 0.5 — moderate stress with adequate coping.
387,Faizabad,Uttar Pradesh,3.99,2.18,-1.81,0.46,0.789,moderate,wet-bulb,1501710,820483,Risk declining from 4.0 to 2.2 by 2050 (SSP5-8.5). Capacity gap 0.5 — high incoming stress meets low coping.
388,Sri Potti Sriramulu Nellore,Andhra Pradesh,4.88,3.7,-1.17,0.46,0.875,moderate,wet-bulb,2200449,1668373,Risk declining from 4.9 to 3.7 by 2050 (SSP5-8.5). Capacity gap 0.5 — moderate stress with adequate coping.
389,Surendranagar,Gujarat,3.55,2.52,-1.03,0.46,0.816,moderate,wet-bulb,855634,607380,Risk declining from 3.5 to 2.5 by 2050 (SSP5-8.5). Capacity gap 0.5 — moderate stress with adequate coping.
390,Sultanpur,Uttar Pradesh,4.21,2.16,-2.05,0.46,0.788,moderate,wet-bulb,1506906,773140,Risk declining from 4.2 to 2.2 by 2050 (SSP5-8.5). Capacity gap 0.5 — high incoming stress meets low coping.
391,Vadodara,Gujarat,6.48,4.78,-1.7,0.46,0.903,moderate,flood,2912864,2148686,Risk declining from 6.5 to 4.8 by 2050 (SSP5-8.5). Capacity gap 0.5 — moderate stress with adequate coping.
392,Jayashankar,Telangana,3.11,2.19,-0.92,0.46,0.788,moderate,wet-bulb,179086,126109,Risk declining from 3.1 to 2.2 by 2050 (SSP5-8.5). Capacity gap 0.5 — high incoming stress meets low coping.
393,Khandwa (East Nimar),Madhya Pradesh,3.63,2.33,-1.3,0.46,0.803,moderate,wet-bulb,883217,566913,Risk declining from 3.6 to 2.3 by 2050 (SSP5-8.5). Capacity gap 0.5 — high incoming stress meets low coping.
394,Valsad,Maharashtra,6.21,4.79,-1.41,0.46,0.904,moderate,flood,1595268,1230489,Risk declining from 6.2 to 4.8 by 2050 (SSP5-8.5). Capacity gap 0.5 — moderate stress with adequate coping.
395,Jharsuguda,Odisha,3.39,2.56,-0.83,0.46,0.822,moderate,wet-bulb,329449,248787,Risk declining from 3.4 to 2.6 by 2050 (SSP5-8.5). Capacity gap 0.5 — moderate stress with adequate coping.
396,Jalna,Maharashtra,3.66,2.21,-1.45,0.45,0.795,moderate,wet-bulb,1172989,708280,Risk declining from 3.7 to 2.2 by 2050 (SSP5-8.5). Capacity gap 0.5 — high incoming stress meets low coping.
397,Agra,Uttar Pradesh,2.75,2.21,-0.54,0.45,0.797,moderate,wet-bulb,1824429,1466177,Risk declining from 2.8 to 2.2 by 2050 (SSP5-8.5). Capacity gap 0.5 — high incoming stress meets low coping.
398,Parbhani,Maharashtra,3.97,2.17,-1.8,0.45,0.791,moderate,wet-bulb,1220249,666987,Risk declining from 4.0 to 2.2 by 2050 (SSP5-8.5). Capacity gap 0.5 — high incoming stress meets low coping.
399,Ranchi,Jharkhand,3.24,2.21,-1.03,0.45,0.797,moderate,wet-bulb,1807660,1233002,Risk declining from 3.2 to 2.2 by 2050 (SSP5-8.5). Capacity gap 0.5 — high incoming stress meets low coping.
400,Mokokchung,Nagaland,4.61,3.66,-0.95,0.45,0.876,moderate,flood,203472,161542,Risk declining from 4.6 to 3.7 by 2050 (SSP5-8.5). Capacity gap 0.5 — moderate stress with adequate coping.
401,Jaunpur,Uttar Pradesh,3.92,2.17,-1.75,0.45,0.793,moderate,wet-bulb,2419531,1339383,Risk declining from 3.9 to 2.2 by 2050 (SSP5-8.5). Capacity gap 0.5 — high incoming stress meets low coping.
402,Gandhinagar,Gujarat,6.16,4.46,-1.7,0.45,0.9,moderate,flood,2306546,1669999,Risk declining from 6.2 to 4.5 by 2050 (SSP5-8.5). Capacity gap 0.5 — moderate stress with adequate coping.
403,Uttara Kannada,Karnataka,5.36,4.3,-1.06,0.44,0.898,moderate,flood,895536,718434,Risk declining from 5.4 to 4.3 by 2050 (SSP5-8.5). Capacity gap 0.4 — moderate stress with adequate coping.
404,Belgaum,Karnataka,3.82,2.83,-1.0,0.44,0.845,moderate,wet-bulb,2884626,2137040,Risk declining from 3.8 to 2.8 by 2050 (SSP5-8.5). Capacity gap 0.4 — moderate stress with adequate coping.
405,Bhavnagar,Gujarat,4.72,2.82,-1.9,0.44,0.844,moderate,wet-bulb,1628707,973083,Risk declining from 4.7 to 2.8 by 2050 (SSP5-8.5). Capacity gap 0.4 — moderate stress with adequate coping.
406,Khargone (West Nimar),Madhya Pradesh,3.47,2.22,-1.25,0.44,0.801,moderate,wet-bulb,954750,610820,Risk declining from 3.5 to 2.2 by 2050 (SSP5-8.5). Capacity gap 0.4 — high incoming stress meets low coping.
407,Mirzapur,Uttar Pradesh,3.81,2.24,-1.57,0.44,0.804,moderate,wet-bulb,1819364,1069652,Risk declining from 3.8 to 2.2 by 2050 (SSP5-8.5). Capacity gap 0.4 — high incoming stress meets low coping.
408,Bagalkot,Karnataka,3.02,2.24,-0.78,0.44,0.803,moderate,wet-bulb,698523,518110,Risk declining from 3.0 to 2.2 by 2050 (SSP5-8.5). Capacity gap 0.4 — high incoming stress meets low coping.
409,Gadag,Karnataka,2.31,2.3,-0.01,0.44,0.808,moderate,wet-bulb,383924,382262,Risk stable from 2.3 to 2.3 by 2050 (SSP5-8.5). Capacity gap 0.4 — high incoming stress meets low coping.
410,Auraiya,Madhya Pradesh,4.05,2.47,-1.58,0.44,0.821,moderate,wet-bulb,859081,523933,Risk declining from 4.0 to 2.5 by 2050 (SSP5-8.5). Capacity gap 0.4 — moderate stress with adequate coping.
411,Ghaziabad,Uttar Pradesh,3.35,2.98,-0.37,0.44,0.852,moderate,wet-bulb,2874865,2557343,Risk stable from 3.4 to 3.0 by 2050 (SSP5-8.5). Capacity gap 0.4 — moderate stress with adequate coping.
412,Bikaner,Rajasthan,4.38,2.39,-1.99,0.43,0.82,moderate,drought,1793020,978383,Risk declining from 4.4 to 2.4 by 2050 (SSP5-8.5). Capacity gap 0.4 — moderate stress with adequate coping.
413,Ratnagiri,Maharashtra,4.44,4.35,-0.09,0.43,0.9,moderate,flood,889488,871458,Risk stable from 4.4 to 4.3 by 2050 (SSP5-8.5). Capacity gap 0.4 — moderate stress with adequate coping.
414,Jalgaon,Maharashtra,3.27,2.23,-1.04,0.43,0.807,moderate,wet-bulb,2113537,1441342,Risk declining from 3.3 to 2.2 by 2050 (SSP5-8.5). Capacity gap 0.4 — high incoming stress meets low coping.
415,Bulandshahr,Uttar Pradesh,3.93,2.44,-1.5,0.43,0.822,moderate,wet-bulb,2082283,1292817,Risk declining from 3.9 to 2.4 by 2050 (SSP5-8.5). Capacity gap 0.4 — moderate stress with adequate coping.
416,Koriya,Madhya Pradesh,3.75,2.02,-1.73,0.43,0.79,moderate,wet-bulb,393654,212048,Risk declining from 3.8 to 2.0 by 2050 (SSP5-8.5). Capacity gap 0.4 — high incoming stress meets low coping.
417,Birbhum,West Bengal,3.76,2.08,-1.69,0.43,0.792,moderate,wet-bulb,2252994,1246337,Risk declining from 3.8 to 2.1 by 2050 (SSP5-8.5). Capacity gap 0.4 — high incoming stress meets low coping.
418,Thiruvarur,Tamil Nadu,7.73,4.47,-3.26,0.43,0.903,moderate,wet-bulb,1748722,1011228,Risk declining from 7.7 to 4.5 by 2050 (SSP5-8.5). Capacity gap 0.4 — moderate stress with adequate coping.
419,North West,Delhi,2.82,3.38,0.56,0.43,0.872,moderate,wet-bulb,1445913,1733045,Risk rising from 2.8 to 3.4 by 2050 (SSP5-8.5). Capacity gap 0.4 — moderate stress with adequate coping.
420,Paschim Barddhaman,West Bengal,3.61,2.32,-1.29,0.43,0.815,moderate,wet-bulb,1408962,905483,Risk declining from 3.6 to 2.3 by 2050 (SSP5-8.5). Capacity gap 0.4 — high incoming stress meets low coping.
421,South West,Uttar Pradesh,4.05,3.27,-0.78,0.43,0.869,moderate,wet-bulb,1482622,1197080,Risk declining from 4.0 to 3.3 by 2050 (SSP5-8.5). Capacity gap 0.4 — moderate stress with adequate coping.
422,Sundargarh,Odisha,3.41,2.0,-1.41,0.42,0.793,moderate,wet-bulb,1178357,691118,Risk declining from 3.4 to 2.0 by 2050 (SSP5-8.5). Capacity gap 0.4 — high incoming stress meets low coping.
423,Jalaun,Madhya Pradesh,2.74,2.33,-0.41,0.42,0.818,moderate,wet-bulb,702490,597373,Risk stable from 2.7 to 2.3 by 2050 (SSP5-8.5). Capacity gap 0.4 — moderate stress with adequate coping.
424,Uttar Bastar Kanker,Chhattisgarh,4.15,3.04,-1.11,0.42,0.861,moderate,wet-bulb,469077,343613,Risk declining from 4.2 to 3.0 by 2050 (SSP5-8.5). Capacity gap 0.4 — moderate stress with adequate coping.
425,Lucknow,Uttar Pradesh,3.37,2.7,-0.67,0.42,0.845,moderate,wet-bulb,2592927,2077419,Risk declining from 3.4 to 2.7 by 2050 (SSP5-8.5). Capacity gap 0.4 — moderate stress with adequate coping.
426,Hamirpur,Uttar Pradesh,2.83,2.71,-0.12,0.42,0.842,moderate,wet-bulb,739301,707953,Risk stable from 2.8 to 2.7 by 2050 (SSP5-8.5). Capacity gap 0.4 — moderate stress with adequate coping.
427,Kancheepuram,Tamil Nadu,7.46,4.41,-3.06,0.42,0.905,moderate,wet-bulb,2244918,1327089,Risk declining from 7.5 to 4.4 by 2050 (SSP5-8.5). Capacity gap 0.4 — moderate stress with adequate coping.
428,Mau,Uttar Pradesh,3.88,2.42,-1.47,0.42,0.825,moderate,wet-bulb,1402151,874538,Risk declining from 3.9 to 2.4 by 2050 (SSP5-8.5). Capacity gap 0.4 — moderate stress with adequate coping.
429,Nagapattinam,Tamil Nadu,8.15,4.1,-4.05,0.42,0.897,moderate,wet-bulb,603023,303361,Risk declining from 8.2 to 4.1 by 2050 (SSP5-8.5). Capacity gap 0.4 — moderate stress with adequate coping.
430,Debagarh,Odisha,3.52,1.89,-1.63,0.41,0.785,moderate,wet-bulb,161850,86903,Risk declining from 3.5 to 1.9 by 2050 (SSP5-8.5). Capacity gap 0.4 — high incoming stress meets low coping.
431,Bid,Maharashtra,3.27,2.19,-1.07,0.41,0.815,moderate,wet-bulb,1389391,930510,Risk declining from 3.3 to 2.2 by 2050 (SSP5-8.5). Capacity gap 0.4 — high incoming stress meets low coping.
432,Bellary,Karnataka,2.68,2.26,-0.42,0.41,0.819,moderate,wet-bulb,1104273,931215,Risk stable from 2.7 to 2.3 by 2050 (SSP5-8.5). Capacity gap 0.4 — moderate stress with adequate coping.
433,Porbandar,Gujarat,7.13,4.36,-2.77,0.41,0.905,moderate,wet-bulb,540984,330812,Risk declining from 7.1 to 4.4 by 2050 (SSP5-8.5). Capacity gap 0.4 — moderate stress with adequate coping.
434,Baloda Bazar,Chhattisgarh,4.08,2.24,-1.84,0.41,0.819,moderate,wet-bulb,647485,355482,Risk declining from 4.1 to 2.2 by 2050 (SSP5-8.5). Capacity gap 0.4 — moderate stress with adequate coping.
435,Azamgarh,Uttar Pradesh,3.81,2.35,-1.45,0.41,0.826,moderate,wet-bulb,2916036,1798605,Risk declining from 3.8 to 2.4 by 2050 (SSP5-8.5). Capacity gap 0.4 — moderate stress with adequate coping.
436,Rohtas,Uttar Pradesh,4.38,2.13,-2.25,0.41,0.808,moderate,wet-bulb,2275660,1106656,Risk declining from 4.4 to 2.1 by 2050 (SSP5-8.5). Capacity gap 0.4 — high incoming stress meets low coping.
437,Mamit,Mizoram,4.4,4.29,-0.11,0.41,0.906,moderate,flood,85444,83308,Risk stable from 4.4 to 4.3 by 2050 (SSP5-8.5). Capacity gap 0.4 — moderate stress with adequate coping.
438,Mungeli,Chhattisgarh,4.27,2.13,-2.14,0.41,0.808,moderate,wet-bulb,432620,215803,Risk declining from 4.3 to 2.1 by 2050 (SSP5-8.5). Capacity gap 0.4 — high incoming stress meets low coping.
439,Kiphire,Nagaland,2.05,1.8,-0.25,0.41,0.773,moderate,flood,8962,7869,Risk stable from 2.0 to 1.8 by 2050 (SSP5-8.5). Capacity gap 0.4 — high incoming stress meets low coping.
440,Kurnool,Andhra Pradesh,2.78,2.34,-0.44,0.4,0.827,moderate,wet-bulb,1866583,1571152,Risk stable from 2.8 to 2.3 by 2050 (SSP5-8.5). Capacity gap 0.4 — moderate stress with adequate coping.
441,Mahasamund,Chhattisgarh,4.05,2.83,-1.22,0.4,0.858,moderate,wet-bulb,704491,492274,Risk declining from 4.0 to 2.8 by 2050 (SSP5-8.5). Capacity gap 0.4 — moderate stress with adequate coping.
442,Jodhpur,Rajasthan,2.51,2.25,-0.26,0.4,0.822,moderate,wet-bulb,1472247,1319744,Risk stable from 2.5 to 2.2 by 2050 (SSP5-8.5). Capacity gap 0.4 — moderate stress with adequate coping.
443,Thiruvallur,Andhra Pradesh,7.2,4.28,-2.92,0.4,0.906,moderate,wet-bulb,3562263,2117567,Risk declining from 7.2 to 4.3 by 2050 (SSP5-8.5). Capacity gap 0.4 — moderate stress with adequate coping.
444,Surguja,Chhattisgarh,3.69,2.22,-1.47,0.4,0.822,moderate,wet-bulb,561491,337807,Risk declining from 3.7 to 2.2 by 2050 (SSP5-8.5). Capacity gap 0.4 — moderate stress with adequate coping.
445,Palwal,Uttar Pradesh,3.17,2.06,-1.1,0.4,0.806,moderate,wet-bulb,615274,399831,Risk declining from 3.2 to 2.1 by 2050 (SSP5-8.5). Capacity gap 0.4 — high incoming stress meets low coping.
446,Jashpur,Odisha,3.84,1.94,-1.9,0.4,0.793,moderate,wet-bulb,546806,276251,Risk declining from 3.8 to 1.9 by 2050 (SSP5-8.5). Capacity gap 0.4 — high incoming stress meets low coping.
447,Amreli,Gujarat,3.55,2.73,-0.82,0.4,0.852,moderate,wet-bulb,761936,585939,Risk declining from 3.5 to 2.7 by 2050 (SSP5-8.5). Capacity gap 0.4 — moderate stress with adequate coping.
448,Janjgir-Champa,Chhattisgarh,4.16,2.5,-1.66,0.4,0.838,moderate,wet-bulb,1351345,812106,Risk declining from 4.2 to 2.5 by 2050 (SSP5-8.5). Capacity gap 0.4 — moderate stress with adequate coping.
449,Bhind,Madhya Pradesh,2.3,2.34,0.03,0.4,0.829,moderate,wet-bulb,523530,532635,Risk stable from 2.3 to 2.3 by 2050 (SSP5-8.5). Capacity gap 0.4 — moderate stress with adequate coping.
450,Pathankot,Himachal Pradesh,4.42,4.38,-0.04,0.4,0.91,moderate,flood,405568,401898,Risk stable from 4.4 to 4.4 by 2050 (SSP5-8.5). Capacity gap 0.4 — moderate stress with adequate coping.
451,North & Middle Andaman,Andaman And Nicobar Islands,4.93,4.41,-0.52,0.4,0.909,moderate,flood,57974,51859,Risk declining from 4.9 to 4.4 by 2050 (SSP5-8.5). Capacity gap 0.4 — moderate stress with adequate coping.
452,Kanpur Nagar,Uttar Pradesh,3.0,2.25,-0.75,0.39,0.826,moderate,wet-bulb,1855899,1391924,Risk declining from 3.0 to 2.2 by 2050 (SSP5-8.5). Capacity gap 0.4 — moderate stress with adequate coping.
453,Nirmal,Maharashtra,4.26,2.15,-2.11,0.39,0.817,moderate,wet-bulb,437060,220582,Risk declining from 4.3 to 2.1 by 2050 (SSP5-8.5). Capacity gap 0.4 — moderate stress with adequate coping.
454,Visakhapatnam,Chhattisgarh,4.56,2.35,-2.21,0.39,0.833,moderate,wet-bulb,2515624,1296429,Risk declining from 4.6 to 2.4 by 2050 (SSP5-8.5). Capacity gap 0.4 — moderate stress with adequate coping.
455,Chandrapur,Maharashtra,4.26,3.57,-0.69,0.39,0.89,moderate,wet-bulb,1371585,1149427,Risk declining from 4.3 to 3.6 by 2050 (SSP5-8.5). Capacity gap 0.4 — moderate stress with adequate coping.
456,Satara,Maharashtra,3.82,3.53,-0.29,0.39,0.891,moderate,wet-bulb,1616815,1494072,Risk stable from 3.8 to 3.5 by 2050 (SSP5-8.5). Capacity gap 0.4 — moderate stress with adequate coping.
457,Jhansi,Madhya Pradesh,3.43,2.08,-1.35,0.39,0.81,moderate,wet-bulb,1143842,693642,Risk declining from 3.4 to 2.1 by 2050 (SSP5-8.5). Capacity gap 0.4 — high incoming stress meets low coping.
458,Ajmer,Rajasthan,3.3,2.44,-0.85,0.39,0.841,moderate,wet-bulb,1323441,978544,Risk declining from 3.3 to 2.4 by 2050 (SSP5-8.5). Capacity gap 0.4 — moderate stress with adequate coping.
459,Ganjam,Odisha,6.04,2.04,-4.01,0.39,0.81,moderate,wet-bulb,3166987,1069645,Risk declining from 6.0 to 2.0 by 2050 (SSP5-8.5). Capacity gap 0.4 — high incoming stress meets low coping.
460,Jaipur,Rajasthan,2.96,2.7,-0.27,0.38,0.859,moderate,wet-bulb,3300691,3010765,Risk stable from 3.0 to 2.7 by 2050 (SSP5-8.5). Capacity gap 0.4 — moderate stress with adequate coping.
461,Burhanpur,Maharashtra,3.48,2.08,-1.39,0.38,0.82,moderate,wet-bulb,402621,240647,Risk declining from 3.5 to 2.1 by 2050 (SSP5-8.5). Capacity gap 0.4 — moderate stress with adequate coping.
462,Aurangabad,Maharashtra,3.38,2.14,-1.24,0.38,0.822,moderate,wet-bulb,3884012,2459108,Risk declining from 3.4 to 2.1 by 2050 (SSP5-8.5). Capacity gap 0.4 — moderate stress with adequate coping.
463,Solapur,Karnataka,2.98,2.33,-0.65,0.38,0.837,moderate,wet-bulb,2160966,1689614,Risk declining from 3.0 to 2.3 by 2050 (SSP5-8.5). Capacity gap 0.4 — moderate stress with adequate coping.
464,Una,Punjab,4.39,4.35,-0.05,0.38,0.913,moderate,flood,457573,453404,Risk stable from 4.4 to 4.3 by 2050 (SSP5-8.5). Capacity gap 0.4 — moderate stress with adequate coping.
465,Tehri Garhwal,Uttarakhand,3.56,2.5,-1.05,0.38,0.848,moderate,flood,367417,258017,Risk declining from 3.6 to 2.5 by 2050 (SSP5-8.5). Capacity gap 0.4 — moderate stress with adequate coping.
466,Udupi,Karnataka,6.02,4.42,-1.6,0.37,0.917,moderate,flood,667542,490122,Risk declining from 6.0 to 4.4 by 2050 (SSP5-8.5). Capacity gap 0.4 — moderate stress with adequate coping.
467,Nagaur,Rajasthan,2.79,2.32,-0.47,0.37,0.842,moderate,wet-bulb,1519306,1263366,Risk stable from 2.8 to 2.3 by 2050 (SSP5-8.5). Capacity gap 0.4 — moderate stress with adequate coping.
468,Vikarabad,Telangana,3.74,2.11,-1.64,0.37,0.826,moderate,wet-bulb,543997,306908,Risk declining from 3.7 to 2.1 by 2050 (SSP5-8.5). Capacity gap 0.4 — moderate stress with adequate coping.
469,Mahabubabad,Andhra Pradesh,3.61,2.13,-1.48,0.37,0.83,moderate,wet-bulb,385876,227678,Risk declining from 3.6 to 2.1 by 2050 (SSP5-8.5). Capacity gap 0.4 — moderate stress with adequate coping.
470,Tiruvannamalai,Tamil Nadu,4.09,2.63,-1.46,0.37,0.861,moderate,wet-bulb,1713387,1101762,Risk declining from 4.1 to 2.6 by 2050 (SSP5-8.5). Capacity gap 0.4 — moderate stress with adequate coping.
471,Churu,Rajasthan,2.19,2.45,0.25,0.37,0.848,moderate,wet-bulb,660837,739293,Risk stable from 2.2 to 2.5 by 2050 (SSP5-8.5). Capacity gap 0.4 — moderate stress with adequate coping.
472,Rajsamand,Rajasthan,3.2,2.03,-1.17,0.37,0.819,moderate,wet-bulb,556715,353166,Risk declining from 3.2 to 2.0 by 2050 (SSP5-8.5). Capacity gap 0.4 — moderate stress with adequate coping.
473,Bidar,Telangana,3.65,2.15,-1.51,0.37,0.827,moderate,wet-bulb,902700,531727,Risk declining from 3.6 to 2.1 by 2050 (SSP5-8.5). Capacity gap 0.4 — moderate stress with adequate coping.
474,Etawah,Madhya Pradesh,3.43,2.18,-1.25,0.37,0.829,moderate,wet-bulb,1077283,684687,Risk declining from 3.4 to 2.2 by 2050 (SSP5-8.5). Capacity gap 0.4 — moderate stress with adequate coping.
475,Panchkula,Himachal Pradesh,5.1,4.64,-0.46,0.37,0.92,moderate,flood,822186,748028,Risk stable from 5.1 to 4.6 by 2050 (SSP5-8.5). Capacity gap 0.4 — moderate stress with adequate coping.
476,Nanded,Maharashtra,3.95,2.15,-1.8,0.36,0.834,moderate,wet-bulb,2187708,1190778,Risk declining from 4.0 to 2.1 by 2050 (SSP5-8.5). Capacity gap 0.4 — moderate stress with adequate coping.
477,Peren,Nagaland,3.02,1.9,-1.12,0.36,0.811,moderate,wet-bulb,56353,35454,Risk declining from 3.0 to 1.9 by 2050 (SSP5-8.5). Capacity gap 0.4 — high incoming stress meets low coping.
478,Anantapur,Karnataka,2.46,2.3,-0.16,0.36,0.843,moderate,wet-bulb,1480467,1384177,Risk stable from 2.5 to 2.3 by 2050 (SSP5-8.5). Capacity gap 0.4 — moderate stress with adequate coping.
479,Shimoga,Karnataka,4.62,3.7,-0.92,0.36,0.902,moderate,flood,1226558,982308,Risk declining from 4.6 to 3.7 by 2050 (SSP5-8.5). Capacity gap 0.4 — moderate stress with adequate coping.
480,Buldana,Maharashtra,3.92,2.2,-1.72,0.36,0.837,moderate,wet-bulb,1619180,908723,Risk declining from 3.9 to 2.2 by 2050 (SSP5-8.5). Capacity gap 0.4 — moderate stress with adequate coping.
481,Gurgaon,Uttar Pradesh,3.63,2.9,-0.73,0.36,0.877,moderate,wet-bulb,975471,779302,Risk declining from 3.6 to 2.9 by 2050 (SSP5-8.5). Capacity gap 0.4 — moderate stress with adequate coping.
482,Karur,Tamil Nadu,2.44,2.63,0.19,0.35,0.866,moderate,wet-bulb,445428,480113,Risk stable from 2.4 to 2.6 by 2050 (SSP5-8.5). Capacity gap 0.3 — moderate stress with adequate coping.
483,Barmer,Rajasthan,2.74,2.3,-0.45,0.35,0.849,moderate,wet-bulb,1237372,1038670,Risk stable from 2.7 to 2.3 by 2050 (SSP5-8.5). Capacity gap 0.3 — moderate stress with adequate coping.
484,Kamareddy,Telangana,4.27,2.08,-2.2,0.35,0.832,moderate,wet-bulb,505279,246131,Risk declining from 4.3 to 2.1 by 2050 (SSP5-8.5). Capacity gap 0.3 — moderate stress with adequate coping.
485,Kabeerdham,Chhattisgarh,4.38,2.19,-2.19,0.35,0.839,moderate,wet-bulb,711701,355850,Risk declining from 4.4 to 2.2 by 2050 (SSP5-8.5). Capacity gap 0.3 — moderate stress with adequate coping.
486,Ganganagar,Rajasthan,3.56,2.32,-1.23,0.35,0.85,moderate,wet-bulb,940566,612953,Risk declining from 3.6 to 2.3 by 2050 (SSP5-8.5). Capacity gap 0.3 — moderate stress with adequate coping.
487,Sikar,Rajasthan,2.96,2.24,-0.72,0.34,0.85,moderate,wet-bulb,1208729,914714,Risk declining from 3.0 to 2.2 by 2050 (SSP5-8.5). Capacity gap 0.3 — moderate stress with adequate coping.
488,Chitradurga,Karnataka,2.29,2.19,-0.1,0.34,0.844,moderate,wet-bulb,631800,604210,Risk stable from 2.3 to 2.2 by 2050 (SSP5-8.5). Capacity gap 0.3 — moderate stress with adequate coping.
489,Nagarkurnool,Andhra Pradesh,3.13,2.2,-0.92,0.34,0.844,moderate,wet-bulb,470548,330737,Risk declining from 3.1 to 2.2 by 2050 (SSP5-8.5). Capacity gap 0.3 — moderate stress with adequate coping.
490,Varanasi,Uttar Pradesh,4.11,2.38,-1.73,0.34,0.857,moderate,wet-bulb,2685170,1554916,Risk declining from 4.1 to 2.4 by 2050 (SSP5-8.5). Capacity gap 0.3 — moderate stress with adequate coping.
491,Pudukkottai,Tamil Nadu,3.28,2.2,-1.08,0.34,0.843,moderate,wet-bulb,978090,656036,Risk declining from 3.3 to 2.2 by 2050 (SSP5-8.5). Capacity gap 0.3 — moderate stress with adequate coping.
492,Indore,Madhya Pradesh,3.19,2.89,-0.29,0.34,0.883,moderate,wet-bulb,1926955,1745737,Risk stable from 3.2 to 2.9 by 2050 (SSP5-8.5). Capacity gap 0.3 — moderate stress with adequate coping.
493,Yavatmal,Maharashtra,3.8,2.07,-1.73,0.34,0.836,moderate,wet-bulb,1556208,847724,Risk declining from 3.8 to 2.1 by 2050 (SSP5-8.5). Capacity gap 0.3 — moderate stress with adequate coping.
494,Wanaparthy,Telangana,3.37,2.19,-1.17,0.34,0.844,moderate,wet-bulb,220936,143575,Risk declining from 3.4 to 2.2 by 2050 (SSP5-8.5). Capacity gap 0.3 — moderate stress with adequate coping.
495,Tuensang,Nagaland,2.22,1.69,-0.53,0.34,0.799,moderate,flood,73249,55761,Risk declining from 2.2 to 1.7 by 2050 (SSP5-8.5). Capacity gap 0.3 — high incoming stress meets low coping.
496,Kota,Rajasthan,3.5,2.44,-1.06,0.34,0.859,moderate,wet-bulb,974934,679669,Risk declining from 3.5 to 2.4 by 2050 (SSP5-8.5). Capacity gap 0.3 — moderate stress with adequate coping.
497,Puducherry,Puducherry,10.0,5.63,-4.37,0.34,0.939,moderate,wet-bulb,870620,490159,Risk declining from 10.0 to 5.6 by 2050 (SSP5-8.5). Capacity gap 0.3 — moderate stress with adequate coping.
498,Pune,Maharashtra,3.79,3.35,-0.44,0.33,0.9,moderate,wet-bulb,6227367,5504401,Risk stable from 3.8 to 3.4 by 2050 (SSP5-8.5). Capacity gap 0.3 — moderate stress with adequate coping.
499,Rajkot,Gujarat,4.72,3.64,-1.08,0.33,0.91,moderate,flood,2371897,1829175,Risk declining from 4.7 to 3.6 by 2050 (SSP5-8.5). Capacity gap 0.3 — moderate stress with adequate coping.
500,Hingoli,Maharashtra,3.8,2.03,-1.77,0.33,0.839,moderate,wet-bulb,711257,379961,Risk declining from 3.8 to 2.0 by 2050 (SSP5-8.5). Capacity gap 0.3 — moderate stress with adequate coping.
501,Sangareddy,Telangana,2.89,1.97,-0.91,0.33,0.833,moderate,wet-bulb,1009346,688032,Risk declining from 2.9 to 2.0 by 2050 (SSP5-8.5). Capacity gap 0.3 — moderate stress with adequate coping.
502,Rupnagar,Punjab,4.58,4.45,-0.13,0.33,0.925,moderate,flood,502593,488327,Risk stable from 4.6 to 4.5 by 2050 (SSP5-8.5). Capacity gap 0.3 — moderate stress with adequate coping.
503,Leparada,Assam,2.57,0.66,-1.91,0.33,0.5,moderate,cold wave,4989,1281,Risk declining from 2.6 to 0.7 by 2050 (SSP5-8.5). Capacity gap 0.3 — high incoming stress meets low coping.
504,Haveri,Karnataka,3.5,2.21,-1.29,0.32,0.853,moderate,wet-bulb,775259,489521,Risk declining from 3.5 to 2.2 by 2050 (SSP5-8.5). Capacity gap 0.3 — moderate stress with adequate coping.
505,Raipur,Chhattisgarh,3.67,2.48,-1.19,0.32,0.87,moderate,wet-bulb,1481368,1001034,Risk declining from 3.7 to 2.5 by 2050 (SSP5-8.5). Capacity gap 0.3 — moderate stress with adequate coping.
506,Kolasib,Mizoram,5.71,4.36,-1.35,0.32,0.927,moderate,wet-bulb,138679,105891,Risk declining from 5.7 to 4.4 by 2050 (SSP5-8.5). Capacity gap 0.3 — moderate stress with adequate coping.
507,Nainital,Uttarakhand,3.83,2.52,-1.32,0.32,0.872,moderate,wet-bulb,612229,402825,Risk declining from 3.8 to 2.5 by 2050 (SSP5-8.5). Capacity gap 0.3 — moderate stress with adequate coping.
508,Ambala,Haryana,4.52,4.39,-0.13,0.32,0.928,moderate,flood,647523,628900,Risk stable from 4.5 to 4.4 by 2050 (SSP5-8.5). Capacity gap 0.3 — moderate stress with adequate coping.
509,Saiha,Mizoram,3.6,3.41,-0.19,0.32,0.907,moderate,flood,57687,54642,Risk stable from 3.6 to 3.4 by 2050 (SSP5-8.5). Capacity gap 0.3 — moderate stress with adequate coping.
510,Nicobars,Andaman And Nicobar Islands,4.34,4.28,-0.05,0.32,0.925,moderate,flood,16200,15976,Risk stable from 4.3 to 4.3 by 2050 (SSP5-8.5). Capacity gap 0.3 — moderate stress with adequate coping.
511,Mahabubnagar,Telangana,3.37,2.07,-1.29,0.31,0.849,moderate,wet-bulb,481504,295760,Risk declining from 3.4 to 2.1 by 2050 (SSP5-8.5). Capacity gap 0.3 — moderate stress with adequate coping.
512,Gwalior,Madhya Pradesh,3.12,2.17,-0.95,0.31,0.856,moderate,wet-bulb,1199284,834118,Risk declining from 3.1 to 2.2 by 2050 (SSP5-8.5). Capacity gap 0.3 — moderate stress with adequate coping.
513,Pali,Rajasthan,2.58,2.26,-0.33,0.31,0.862,moderate,wet-bulb,796523,697730,Risk stable from 2.6 to 2.3 by 2050 (SSP5-8.5). Capacity gap 0.3 — moderate stress with adequate coping.
514,Perambalur,Tamil Nadu,2.95,2.18,-0.77,0.31,0.857,moderate,wet-bulb,276401,204256,Risk declining from 3.0 to 2.2 by 2050 (SSP5-8.5). Capacity gap 0.3 — moderate stress with adequate coping.
515,Faridabad,Uttar Pradesh,2.54,2.2,-0.34,0.31,0.862,moderate,wet-bulb,605578,524516,Risk stable from 2.5 to 2.2 by 2050 (SSP5-8.5). Capacity gap 0.3 — moderate stress with adequate coping.
516,Almora,Uttarakhand,3.57,2.9,-0.67,0.31,0.892,moderate,flood,307869,250089,Risk declining from 3.6 to 2.9 by 2050 (SSP5-8.5). Capacity gap 0.3 — moderate stress with adequate coping.
517,Medak,Telangana,4.09,2.23,-1.86,0.31,0.859,moderate,wet-bulb,529973,288958,Risk declining from 4.1 to 2.2 by 2050 (SSP5-8.5). Capacity gap 0.3 — moderate stress with adequate coping.
518,Warangal (U),Telangana,2.45,2.12,-0.32,0.31,0.853,moderate,wet-bulb,314602,272227,Risk stable from 2.5 to 2.1 by 2050 (SSP5-8.5). Capacity gap 0.3 — moderate stress with adequate coping.
519,Diu,Gujarat,7.31,4.07,-3.24,0.31,0.925,moderate,flood,91795,51109,Risk declining from 7.3 to 4.1 by 2050 (SSP5-8.5). Capacity gap 0.3 — moderate stress with adequate coping.
520,Nalgonda,Andhra Pradesh,3.68,2.13,-1.56,0.3,0.86,moderate,wet-bulb,937074,542382,Risk declining from 3.7 to 2.1 by 2050 (SSP5-8.5). Capacity gap 0.3 — moderate stress with adequate coping.
521,Lohit,Arunachal Pradesh,3.2,2.08,-1.12,0.3,0.855,moderate,flood,44255,28766,Risk declining from 3.2 to 2.1 by 2050 (SSP5-8.5). Capacity gap 0.3 — moderate stress with adequate coping.
522,Virudhunagar,Tamil Nadu,2.2,2.16,-0.04,0.3,0.86,moderate,wet-bulb,584383,573758,Risk stable from 2.2 to 2.2 by 2050 (SSP5-8.5). Capacity gap 0.3 — moderate stress with adequate coping.
523,Kolhapur,Karnataka,4.83,3.41,-1.42,0.3,0.913,moderate,wet-bulb,2544259,1796258,Risk declining from 4.8 to 3.4 by 2050 (SSP5-8.5). Capacity gap 0.3 — moderate stress with adequate coping.
524,Nadia,West Bengal,5.65,2.27,-3.38,0.3,0.869,moderate,wet-bulb,3504137,1407857,Risk declining from 5.7 to 2.3 by 2050 (SSP5-8.5). Capacity gap 0.3 — moderate stress with adequate coping.
525,Rajnandgaon,Chhattisgarh,4.06,2.22,-1.84,0.3,0.865,moderate,wet-bulb,1066776,583311,Risk declining from 4.1 to 2.2 by 2050 (SSP5-8.5). Capacity gap 0.3 — moderate stress with adequate coping.
526,Dharwad,Karnataka,2.78,2.39,-0.39,0.3,0.876,moderate,wet-bulb,746627,641884,Risk stable from 2.8 to 2.4 by 2050 (SSP5-8.5). Capacity gap 0.3 — moderate stress with adequate coping.
527,East Godavari,Andhra Pradesh,5.29,2.47,-2.82,0.3,0.88,moderate,wet-bulb,3413050,1593617,Risk declining from 5.3 to 2.5 by 2050 (SSP5-8.5). Capacity gap 0.3 — moderate stress with adequate coping.
528,Bhandara,Maharashtra,4.26,2.79,-1.47,0.3,0.892,moderate,wet-bulb,607024,397558,Risk declining from 4.3 to 2.8 by 2050 (SSP5-8.5). Capacity gap 0.3 — moderate stress with adequate coping.
529,Mancherial,Telangana,3.42,2.09,-1.32,0.3,0.854,moderate,wet-bulb,446875,273090,Risk declining from 3.4 to 2.1 by 2050 (SSP5-8.5). Capacity gap 0.3 — moderate stress with adequate coping.
530,Karaikal,Puducherry,6.21,4.76,-1.45,0.3,0.936,moderate,flood,209071,160254,Risk declining from 6.2 to 4.8 by 2050 (SSP5-8.5). Capacity gap 0.3 — moderate stress with adequate coping.
531,Bemetra,Chhattisgarh,4.51,2.03,-2.48,0.3,0.854,moderate,wet-bulb,595912,268227,Risk declining from 4.5 to 2.0 by 2050 (SSP5-8.5). Capacity gap 0.3 — moderate stress with adequate coping.
532,Latur,Maharashtra,3.74,2.08,-1.65,0.29,0.862,moderate,wet-bulb,1365974,759686,Risk declining from 3.7 to 2.1 by 2050 (SSP5-8.5). Capacity gap 0.3 — moderate stress with adequate coping.
533,Prakasam,Andhra Pradesh,3.53,2.09,-1.45,0.29,0.862,moderate,wet-bulb,1734693,1027056,Risk declining from 3.5 to 2.1 by 2050 (SSP5-8.5). Capacity gap 0.3 — moderate stress with adequate coping.
534,Kangra,Himachal Pradesh,4.15,2.82,-1.33,0.29,0.896,moderate,wet-bulb,902290,613122,Risk declining from 4.2 to 2.8 by 2050 (SSP5-8.5). Capacity gap 0.3 — moderate stress with adequate coping.
535,Nizamabad,Telangana,3.6,1.9,-1.7,0.29,0.85,moderate,wet-bulb,836389,441428,Risk declining from 3.6 to 1.9 by 2050 (SSP5-8.5). Capacity gap 0.3 — moderate stress with adequate coping.
536,Pithoragarh,Uttarakhand,3.9,2.49,-1.42,0.29,0.884,moderate,flood,280082,178822,Risk declining from 3.9 to 2.5 by 2050 (SSP5-8.5). Capacity gap 0.3 — moderate stress with adequate coping.
537,Morbi,Gujarat,3.38,2.52,-0.85,0.29,0.885,moderate,wet-bulb,480170,357996,Risk declining from 3.4 to 2.5 by 2050 (SSP5-8.5). Capacity gap 0.3 — moderate stress with adequate coping.
538,Rajanna Sircilla,Telangana,3.11,2.17,-0.94,0.29,0.864,moderate,wet-bulb,256067,178671,Risk declining from 3.1 to 2.2 by 2050 (SSP5-8.5). Capacity gap 0.3 — moderate stress with adequate coping.
539,Hanumangarh,Rajasthan,2.94,2.3,-0.64,0.28,0.878,moderate,wet-bulb,877027,686109,Risk declining from 2.9 to 2.3 by 2050 (SSP5-8.5). Capacity gap 0.3 — moderate stress with adequate coping.
540,Akola,Maharashtra,3.8,2.11,-1.7,0.28,0.867,moderate,wet-bulb,1062266,589837,Risk declining from 3.8 to 2.1 by 2050 (SSP5-8.5). Capacity gap 0.3 — moderate stress with adequate coping.
541,Dindigul,Tamil Nadu,3.01,1.94,-1.07,0.28,0.856,moderate,wet-bulb,1048709,675912,Risk declining from 3.0 to 1.9 by 2050 (SSP5-8.5). Capacity gap 0.3 — moderate stress with adequate coping.
542,Bilaspur,Himachal Pradesh,4.04,2.25,-1.79,0.28,0.875,moderate,wet-bulb,1462984,814781,Risk declining from 4.0 to 2.2 by 2050 (SSP5-8.5). Capacity gap 0.3 — moderate stress with adequate coping.
543,Champawat,Uttarakhand,2.42,2.26,-0.16,0.28,0.876,moderate,flood,72622,67821,Risk stable from 2.4 to 2.3 by 2050 (SSP5-8.5). Capacity gap 0.3 — moderate stress with adequate coping.
544,Osmanabad,Maharashtra,3.56,2.15,-1.41,0.28,0.869,moderate,wet-bulb,953743,575996,Risk declining from 3.6 to 2.1 by 2050 (SSP5-8.5). Capacity gap 0.3 — moderate stress with adequate coping.
545,Suryapet,Andhra Pradesh,3.51,2.03,-1.48,0.28,0.862,moderate,wet-bulb,533883,308770,Risk declining from 3.5 to 2.0 by 2050 (SSP5-8.5). Capacity gap 0.3 — moderate stress with adequate coping.
546,Thanjavur,Tamil Nadu,5.56,3.4,-2.16,0.28,0.916,moderate,wet-bulb,1730403,1058160,Risk declining from 5.6 to 3.4 by 2050 (SSP5-8.5). Capacity gap 0.3 — moderate stress with adequate coping.
547,Dharmapuri,Karnataka,3.65,2.22,-1.43,0.27,0.879,moderate,wet-bulb,773398,470396,Risk declining from 3.6 to 2.2 by 2050 (SSP5-8.5). Capacity gap 0.3 — moderate stress with adequate coping.
548,Mansa,Haryana,4.4,2.22,-2.17,0.27,0.879,moderate,wet-bulb,482606,243497,Risk declining from 4.4 to 2.2 by 2050 (SSP5-8.5). Capacity gap 0.3 — moderate stress with adequate coping.
549,South,Uttar Pradesh,3.3,2.17,-1.13,0.27,0.874,moderate,wet-bulb,1066223,701123,Risk declining from 3.3 to 2.2 by 2050 (SSP5-8.5). Capacity gap 0.3 — moderate stress with adequate coping.
550,Bageshwar,Uttarakhand,3.05,2.47,-0.58,0.26,0.892,moderate,flood,113541,91950,Risk declining from 3.0 to 2.5 by 2050 (SSP5-8.5). Capacity gap 0.3 — moderate stress with adequate coping.
551,Balod,Chhattisgarh,3.87,2.14,-1.73,0.26,0.878,moderate,wet-bulb,577110,319125,Risk declining from 3.9 to 2.1 by 2050 (SSP5-8.5). Capacity gap 0.3 — moderate stress with adequate coping.
552,Amravati,Maharashtra,3.64,2.1,-1.55,0.26,0.876,moderate,wet-bulb,1561994,901150,Risk declining from 3.6 to 2.1 by 2050 (SSP5-8.5). Capacity gap 0.3 — moderate stress with adequate coping.
553,Lunglei,Mizoram,4.21,3.57,-0.64,0.26,0.926,moderate,wet-bulb,101232,85843,Risk declining from 4.2 to 3.6 by 2050 (SSP5-8.5). Capacity gap 0.3 — moderate stress with adequate coping.
554,Chittoor,Tamil Nadu,3.41,2.02,-1.38,0.26,0.874,moderate,wet-bulb,2242401,1328343,Risk declining from 3.4 to 2.0 by 2050 (SSP5-8.5). Capacity gap 0.3 — moderate stress with adequate coping.
555,Fazilka,Punjab,4.1,2.05,-2.05,0.26,0.874,moderate,wet-bulb,595780,297890,Risk declining from 4.1 to 2.0 by 2050 (SSP5-8.5). Capacity gap 0.3 — moderate stress with adequate coping.
556,Sahibzada Ajit Singh Nagar,Punjab,4.13,3.92,-0.21,0.26,0.933,moderate,flood,1184059,1123853,Risk stable from 4.1 to 3.9 by 2050 (SSP5-8.5). Capacity gap 0.3 — moderate stress with adequate coping.
557,Dehradun,Uttarakhand,3.82,2.75,-1.08,0.26,0.907,moderate,flood,1091187,785541,Risk declining from 3.8 to 2.8 by 2050 (SSP5-8.5). Capacity gap 0.3 — moderate stress with adequate coping.
558,Peddapalli,Telangana,3.21,2.12,-1.09,0.26,0.875,moderate,wet-bulb,379383,250558,Risk declining from 3.2 to 2.1 by 2050 (SSP5-8.5). Capacity gap 0.3 — moderate stress with adequate coping.
559,Yanam,Andhra Pradesh,6.42,2.95,-3.47,0.26,0.913,moderate,wet-bulb,109812,50459,Risk declining from 6.4 to 3.0 by 2050 (SSP5-8.5). Capacity gap 0.3 — moderate stress with adequate coping.
560,East Siang,Arunachal Pradesh,2.61,2.16,-0.45,0.26,0.88,moderate,flood,23805,19700,Risk stable from 2.6 to 2.2 by 2050 (SSP5-8.5). Capacity gap 0.3 — moderate stress with adequate coping.
561,South Andaman,Andaman And Nicobar Islands,4.38,4.34,-0.04,0.26,0.94,moderate,flood,71880,71224,Risk stable from 4.4 to 4.3 by 2050 (SSP5-8.5). Capacity gap 0.3 — moderate stress with adequate coping.
562,Dhamtari,Chhattisgarh,3.9,2.31,-1.59,0.25,0.894,moderate,wet-bulb,445967,264149,Risk declining from 3.9 to 2.3 by 2050 (SSP5-8.5). Capacity gap 0.2 — moderate stress with adequate coping.
563,Kurukshetra,Haryana,4.28,2.85,-1.43,0.25,0.911,moderate,wet-bulb,769799,512600,Risk declining from 4.3 to 2.9 by 2050 (SSP5-8.5). Capacity gap 0.2 — moderate stress with adequate coping.
564,Kachchh,Gujarat,4.98,2.22,-2.76,0.25,0.889,moderate,wet-bulb,1745054,777916,Risk declining from 5.0 to 2.2 by 2050 (SSP5-8.5). Capacity gap 0.2 — moderate stress with adequate coping.
565,Tiruchirappalli,Tamil Nadu,2.93,2.03,-0.9,0.25,0.879,moderate,wet-bulb,1270851,880487,Risk declining from 2.9 to 2.0 by 2050 (SSP5-8.5). Capacity gap 0.2 — moderate stress with adequate coping.
566,West Godavari,Andhra Pradesh,5.78,2.31,-3.46,0.25,0.892,moderate,wet-bulb,3598066,1437981,Risk declining from 5.8 to 2.3 by 2050 (SSP5-8.5). Capacity gap 0.2 — moderate stress with adequate coping.
567,Yadadri Bhongiri,Telangana,3.38,2.1,-1.28,0.25,0.882,moderate,wet-bulb,375171,233094,Risk declining from 3.4 to 2.1 by 2050 (SSP5-8.5). Capacity gap 0.2 — moderate stress with adequate coping.
568,Tarn Taran,Punjab,4.43,2.11,-2.32,0.25,0.88,moderate,wet-bulb,617826,294269,Risk declining from 4.4 to 2.1 by 2050 (SSP5-8.5). Capacity gap 0.2 — moderate stress with adequate coping.
569,Solan,Himachal Pradesh,2.98,2.76,-0.23,0.25,0.908,moderate,flood,301940,279649,Risk stable from 3.0 to 2.8 by 2050 (SSP5-8.5). Capacity gap 0.2 — moderate stress with adequate coping.
570,Panipat,Haryana,4.01,2.28,-1.73,0.25,0.894,moderate,wet-bulb,728741,414346,Risk declining from 4.0 to 2.3 by 2050 (SSP5-8.5). Capacity gap 0.2 — moderate stress with adequate coping.
571,Salem,Tamil Nadu,3.32,1.85,-1.47,0.24,0.871,moderate,wet-bulb,2014207,1122374,Risk declining from 3.3 to 1.9 by 2050 (SSP5-8.5). Capacity gap 0.2 — moderate stress with adequate coping.
572,Krishna,Andhra Pradesh,5.39,1.98,-3.41,0.24,0.879,moderate,wet-bulb,3237188,1189171,Risk declining from 5.4 to 2.0 by 2050 (SSP5-8.5). Capacity gap 0.2 — moderate stress with adequate coping.
573,Guntur,Andhra Pradesh,4.53,2.14,-2.39,0.24,0.886,moderate,wet-bulb,3438231,1624242,Risk declining from 4.5 to 2.1 by 2050 (SSP5-8.5). Capacity gap 0.2 — moderate stress with adequate coping.
574,Karimnagar,Telangana,3.6,1.91,-1.69,0.24,0.876,moderate,wet-bulb,611839,324615,Risk declining from 3.6 to 1.9 by 2050 (SSP5-8.5). Capacity gap 0.2 — moderate stress with adequate coping.
575,North Goa,Karnataka,5.15,4.35,-0.8,0.24,0.945,moderate,flood,667188,563547,Risk declining from 5.2 to 4.3 by 2050 (SSP5-8.5). Capacity gap 0.2 — moderate stress with adequate coping.
576,Kodagu,Kerala,3.88,3.82,-0.06,0.23,0.941,moderate,flood,340519,335254,Risk stable from 3.9 to 3.8 by 2050 (SSP5-8.5). Capacity gap 0.2 — moderate stress with adequate coping.
577,Chikmagalur,Karnataka,3.87,3.11,-0.76,0.23,0.925,moderate,flood,617968,496610,Risk declining from 3.9 to 3.1 by 2050 (SSP5-8.5). Capacity gap 0.2 — moderate stress with adequate coping.
578,Erode,Tamil Nadu,2.58,1.99,-0.59,0.23,0.883,moderate,wet-bulb,872539,673005,Risk declining from 2.6 to 2.0 by 2050 (SSP5-8.5). Capacity gap 0.2 — moderate stress with adequate coping.
579,Karnal,Haryana,4.38,2.28,-2.1,0.23,0.902,moderate,wet-bulb,1047701,545379,Risk declining from 4.4 to 2.3 by 2050 (SSP5-8.5). Capacity gap 0.2 — moderate stress with adequate coping.
580,Rangareddy,Telangana,3.65,2.02,-1.63,0.23,0.885,moderate,wet-bulb,1550508,858089,Risk declining from 3.6 to 2.0 by 2050 (SSP5-8.5). Capacity gap 0.2 — moderate stress with adequate coping.
581,Mahendragarh,Haryana,2.65,2.1,-0.55,0.23,0.89,moderate,wet-bulb,381384,302229,Risk declining from 2.6 to 2.1 by 2050 (SSP5-8.5). Capacity gap 0.2 — moderate stress with adequate coping.
582,Kathua,Jammu And Kashmir,3.11,2.22,-0.89,0.23,0.893,moderate,flood,278557,198841,Risk declining from 3.1 to 2.2 by 2050 (SSP5-8.5). Capacity gap 0.2 — moderate stress with adequate coping.
583,Longleng,Nagaland,1.01,1.0,-0.01,0.23,0.772,moderate,flood,17,17,Risk stable from 1.0 to 1.0 by 2050 (SSP5-8.5). Capacity gap 0.2 — high incoming stress meets low coping.
584,Theni,Tamil Nadu,2.69,2.36,-0.33,0.22,0.906,moderate,wet-bulb,459076,402759,Risk stable from 2.7 to 2.4 by 2050 (SSP5-8.5). Capacity gap 0.2 — moderate stress with adequate coping.
585,Jamnagar,Gujarat,4.81,2.35,-2.46,0.22,0.906,moderate,wet-bulb,1059800,517782,Risk declining from 4.8 to 2.4 by 2050 (SSP5-8.5). Capacity gap 0.2 — moderate stress with adequate coping.
586,Davanagere,Karnataka,2.57,2.06,-0.51,0.22,0.894,moderate,wet-bulb,686886,550578,Risk declining from 2.6 to 2.1 by 2050 (SSP5-8.5). Capacity gap 0.2 — moderate stress with adequate coping.
587,Muktsar,Punjab,4.19,2.11,-2.08,0.22,0.894,moderate,wet-bulb,659680,332202,Risk declining from 4.2 to 2.1 by 2050 (SSP5-8.5). Capacity gap 0.2 — moderate stress with adequate coping.
588,Ramanathapuram,Tamil Nadu,4.54,2.17,-2.37,0.22,0.902,moderate,wet-bulb,585041,279634,Risk declining from 4.5 to 2.2 by 2050 (SSP5-8.5). Capacity gap 0.2 — moderate stress with adequate coping.
589,Durg,Chhattisgarh,3.73,2.03,-1.7,0.22,0.892,moderate,wet-bulb,1058124,575869,Risk declining from 3.7 to 2.0 by 2050 (SSP5-8.5). Capacity gap 0.2 — moderate stress with adequate coping.
590,Siddipet,Telangana,3.59,2.02,-1.57,0.22,0.89,moderate,wet-bulb,606268,341131,Risk declining from 3.6 to 2.0 by 2050 (SSP5-8.5). Capacity gap 0.2 — moderate stress with adequate coping.
591,Khammam,Andhra Pradesh,2.98,1.9,-1.08,0.22,0.883,moderate,wet-bulb,584483,372657,Risk declining from 3.0 to 1.9 by 2050 (SSP5-8.5). Capacity gap 0.2 — moderate stress with adequate coping.
592,Sirsa,Haryana,3.97,2.05,-1.92,0.22,0.891,moderate,wet-bulb,729548,376719,Risk declining from 4.0 to 2.0 by 2050 (SSP5-8.5). Capacity gap 0.2 — moderate stress with adequate coping.
593,Ludhiana,Punjab,3.98,2.37,-1.62,0.21,0.911,moderate,wet-bulb,2288398,1362689,Risk declining from 4.0 to 2.4 by 2050 (SSP5-8.5). Capacity gap 0.2 — moderate stress with adequate coping.
594,Firozpur,Punjab,4.91,2.13,-2.77,0.21,0.901,moderate,wet-bulb,651862,282783,Risk declining from 4.9 to 2.1 by 2050 (SSP5-8.5). Capacity gap 0.2 — moderate stress with adequate coping.
595,South Goa,Goa,4.72,4.24,-0.48,0.21,0.951,moderate,flood,318400,286021,Risk stable from 4.7 to 4.2 by 2050 (SSP5-8.5). Capacity gap 0.2 — moderate stress with adequate coping.
596,Krishnagiri,Karnataka,3.08,1.86,-1.22,0.21,0.888,moderate,wet-bulb,971513,586693,Risk declining from 3.1 to 1.9 by 2050 (SSP5-8.5). Capacity gap 0.2 — moderate stress with adequate coping.
597,Hoshiarpur,Punjab,4.39,4.13,-0.26,0.21,0.95,moderate,flood,1040022,978426,Risk stable from 4.4 to 4.1 by 2050 (SSP5-8.5). Capacity gap 0.2 — moderate stress with adequate coping.
598,Rewari,Rajasthan,2.26,2.27,0.0,0.21,0.906,moderate,wet-bulb,255337,256467,Risk stable from 2.3 to 2.3 by 2050 (SSP5-8.5). Capacity gap 0.2 — moderate stress with adequate coping.
599,Sangli,Karnataka,3.1,2.37,-0.73,0.2,0.916,moderate,wet-bulb,1633635,1248940,Risk declining from 3.1 to 2.4 by 2050 (SSP5-8.5). Capacity gap 0.2 — moderate stress with adequate coping.
600,Sivaganga,Tamil Nadu,2.76,2.03,-0.73,0.2,0.899,moderate,wet-bulb,588018,432492,Risk declining from 2.8 to 2.0 by 2050 (SSP5-8.5). Capacity gap 0.2 — moderate stress with adequate coping.
601,Tiruppur,Tamil Nadu,2.01,2.25,0.24,0.2,0.912,moderate,wet-bulb,788746,882925,Risk stable from 2.0 to 2.2 by 2050 (SSP5-8.5). Capacity gap 0.2 — moderate stress with adequate coping.
602,Chamarajanagar,Kerala,2.48,1.74,-0.74,0.2,0.883,moderate,wet-bulb,368474,258526,Risk declining from 2.5 to 1.7 by 2050 (SSP5-8.5). Capacity gap 0.2 — moderate stress with adequate coping.
603,Faridkot,Punjab,4.49,1.95,-2.54,0.2,0.895,moderate,wet-bulb,442349,192111,Risk declining from 4.5 to 1.9 by 2050 (SSP5-8.5). Capacity gap 0.2 — moderate stress with adequate coping.
604,Namakkal,Tamil Nadu,3.28,2.13,-1.15,0.19,0.91,moderate,wet-bulb,812051,527338,Risk declining from 3.3 to 2.1 by 2050 (SSP5-8.5). Capacity gap 0.2 — moderate stress with adequate coping.
605,Bhiwani,Haryana,2.83,2.32,-0.51,0.19,0.917,moderate,wet-bulb,681058,558324,Risk declining from 2.8 to 2.3 by 2050 (SSP5-8.5). Capacity gap 0.2 — moderate stress with adequate coping.
606,Kaithal,Haryana,3.98,2.02,-1.96,0.19,0.908,moderate,wet-bulb,611132,310172,Risk declining from 4.0 to 2.0 by 2050 (SSP5-8.5). Capacity gap 0.2 — moderate stress with adequate coping.
607,Thoothukkudi,Tamil Nadu,3.09,2.28,-0.81,0.19,0.919,moderate,wet-bulb,575569,424692,Risk declining from 3.1 to 2.3 by 2050 (SSP5-8.5). Capacity gap 0.2 — moderate stress with adequate coping.
608,Papum Pare,Arunachal Pradesh,2.56,1.18,-1.38,0.19,0.843,moderate,wet-bulb,97373,44883,Risk declining from 2.6 to 1.2 by 2050 (SSP5-8.5). Capacity gap 0.2 — moderate stress with adequate coping.
609,Wardha,Maharashtra,3.62,2.16,-1.46,0.19,0.912,moderate,wet-bulb,678190,404666,Risk declining from 3.6 to 2.2 by 2050 (SSP5-8.5). Capacity gap 0.2 — moderate stress with adequate coping.
610,Medchal,Telangana,2.22,2.15,-0.07,0.19,0.911,moderate,wet-bulb,1239692,1200602,Risk stable from 2.2 to 2.1 by 2050 (SSP5-8.5). Capacity gap 0.2 — moderate stress with adequate coping.
611,Patiala,Haryana,4.55,2.39,-2.16,0.19,0.92,moderate,wet-bulb,1451907,762650,Risk declining from 4.5 to 2.4 by 2050 (SSP5-8.5). Capacity gap 0.2 — moderate stress with adequate coping.
612,Bathinda,Punjab,4.3,1.96,-2.34,0.19,0.902,moderate,wet-bulb,1024770,467105,Risk declining from 4.3 to 2.0 by 2050 (SSP5-8.5). Capacity gap 0.2 — moderate stress with adequate coping.
613,Fatehabad,Haryana,3.95,1.99,-1.96,0.19,0.904,moderate,wet-bulb,507858,255858,Risk declining from 4.0 to 2.0 by 2050 (SSP5-8.5). Capacity gap 0.2 — moderate stress with adequate coping.
614,Moga,Punjab,5.0,2.0,-3.01,0.18,0.911,moderate,wet-bulb,696884,278754,Risk declining from 5.0 to 2.0 by 2050 (SSP5-8.5). Capacity gap 0.2 — moderate stress with adequate coping.
615,Idukki,Kerala,3.98,3.17,-0.81,0.18,0.943,moderate,flood,639708,509516,Risk declining from 4.0 to 3.2 by 2050 (SSP5-8.5). Capacity gap 0.2 — moderate stress with adequate coping.
616,Amritsar,Punjab,4.01,2.23,-1.78,0.18,0.92,moderate,wet-bulb,1617751,899647,Risk declining from 4.0 to 2.2 by 2050 (SSP5-8.5). Capacity gap 0.2 — moderate stress with adequate coping.
617,Jind,Haryana,3.98,2.22,-1.76,0.18,0.917,moderate,wet-bulb,771472,430319,Risk declining from 4.0 to 2.2 by 2050 (SSP5-8.5). Capacity gap 0.2 — moderate stress with adequate coping.
618,Sirmaur,Himachal Pradesh,3.07,1.7,-1.37,0.18,0.896,moderate,wet-bulb,185230,102570,Risk declining from 3.1 to 1.7 by 2050 (SSP5-8.5). Capacity gap 0.2 — moderate stress with adequate coping.
619,Vellore,Tamil Nadu,3.96,1.79,-2.18,0.18,0.899,moderate,wet-bulb,873886,395014,Risk declining from 4.0 to 1.8 by 2050 (SSP5-8.5). Capacity gap 0.2 — moderate stress with adequate coping.
620,Dakshina Kannada,Kerala,4.56,4.12,-0.44,0.17,0.958,moderate,flood,1330729,1202325,Risk stable from 4.6 to 4.1 by 2050 (SSP5-8.5). Capacity gap 0.2 — moderate stress with adequate coping.
621,Mysore,Kerala,2.97,2.12,-0.85,0.16,0.924,moderate,wet-bulb,1459627,1041889,Risk declining from 3.0 to 2.1 by 2050 (SSP5-8.5). Capacity gap 0.2 — moderate stress with adequate coping.
622,Hassan,Karnataka,2.98,2.0,-0.99,0.16,0.919,moderate,wet-bulb,763462,512391,Risk declining from 3.0 to 2.0 by 2050 (SSP5-8.5). Capacity gap 0.2 — moderate stress with adequate coping.
623,Madurai,Tamil Nadu,2.89,1.95,-0.93,0.16,0.915,moderate,wet-bulb,1507590,1017232,Risk declining from 2.9 to 1.9 by 2050 (SSP5-8.5). Capacity gap 0.2 — moderate stress with adequate coping.
624,Sonipat,Haryana,3.57,2.05,-1.51,0.16,0.921,moderate,wet-bulb,1081148,620827,Risk declining from 3.6 to 2.0 by 2050 (SSP5-8.5). Capacity gap 0.2 — moderate stress with adequate coping.
625,Hisar,Haryana,3.21,1.95,-1.26,0.16,0.918,moderate,wet-bulb,760559,462022,Risk declining from 3.2 to 1.9 by 2050 (SSP5-8.5). Capacity gap 0.2 — moderate stress with adequate coping.
626,Chikkaballapura,Karnataka,2.34,1.67,-0.67,0.16,0.902,moderate,wet-bulb,418741,298845,Risk declining from 2.3 to 1.7 by 2050 (SSP5-8.5). Capacity gap 0.2 — moderate stress with adequate coping.
627,Jalandhar,Punjab,4.25,2.22,-2.03,0.16,0.93,moderate,wet-bulb,1090705,569733,Risk declining from 4.2 to 2.2 by 2050 (SSP5-8.5). Capacity gap 0.2 — moderate stress with adequate coping.
628,Tirunelveli,Kerala,1.7,2.0,0.3,0.16,0.919,moderate,wet-bulb,474097,557762,Risk stable from 1.7 to 2.0 by 2050 (SSP5-8.5). Capacity gap 0.2 — moderate stress with adequate coping.
629,Coimbatore,Tamil Nadu,1.98,1.98,-0.0,0.15,0.923,moderate,wet-bulb,1234569,1234569,Risk stable from 2.0 to 2.0 by 2050 (SSP5-8.5). Capacity gap 0.1 — moderate stress with adequate coping.
630,Tumkur,Karnataka,2.47,1.66,-0.8,0.15,0.91,moderate,wet-bulb,1005207,675564,Risk declining from 2.5 to 1.7 by 2050 (SSP5-8.5). Capacity gap 0.1 — moderate stress with adequate coping.
631,Uttarkashi,Uttarakhand,3.76,1.06,-2.69,0.15,0.863,moderate,cold wave,259168,73063,Risk declining from 3.8 to 1.1 by 2050 (SSP5-8.5). Capacity gap 0.1 — moderate stress with adequate coping.
632,Kapurthala,Punjab,4.31,2.04,-2.27,0.15,0.928,moderate,wet-bulb,772576,365674,Risk declining from 4.3 to 2.0 by 2050 (SSP5-8.5). Capacity gap 0.1 — moderate stress with adequate coping.
633,Kohima,Nagaland,1.93,1.1,-0.83,0.15,0.864,moderate,flood,114818,65440,Risk declining from 1.9 to 1.1 by 2050 (SSP5-8.5). Capacity gap 0.1 — moderate stress with adequate coping.
634,Fatehgarh Sahib,Punjab,4.79,2.27,-2.52,0.15,0.935,moderate,wet-bulb,399121,189145,Risk declining from 4.8 to 2.3 by 2050 (SSP5-8.5). Capacity gap 0.1 — moderate stress with adequate coping.
635,Rohtak,Haryana,3.7,2.03,-1.67,0.14,0.93,moderate,wet-bulb,670284,367750,Risk declining from 3.7 to 2.0 by 2050 (SSP5-8.5). Capacity gap 0.1 — moderate stress with adequate coping.
636,Sangrur,Punjab,4.62,2.01,-2.61,0.14,0.929,moderate,wet-bulb,1375227,598313,Risk declining from 4.6 to 2.0 by 2050 (SSP5-8.5). Capacity gap 0.1 — moderate stress with adequate coping.
637,Jhajjar,Delhi,2.38,2.18,-0.2,0.13,0.94,moderate,wet-bulb,576249,527825,Risk stable from 2.4 to 2.2 by 2050 (SSP5-8.5). Capacity gap 0.1 — moderate stress with adequate coping.
638,Champhai,Mizoram,4.18,4.16,-0.02,0.13,0.97,moderate,flood,35066,34898,Risk stable from 4.2 to 4.2 by 2050 (SSP5-8.5). Capacity gap 0.1 — moderate stress with adequate coping.
639,Kolar,Karnataka,2.75,1.6,-1.15,0.13,0.92,moderate,wet-bulb,635235,369591,Risk declining from 2.8 to 1.6 by 2050 (SSP5-8.5). Capacity gap 0.1 — moderate stress with adequate coping.
640,Mandya,Karnataka,2.51,1.55,-0.97,0.13,0.915,moderate,wet-bulb,649890,401326,Risk declining from 2.5 to 1.6 by 2050 (SSP5-8.5). Capacity gap 0.1 — moderate stress with adequate coping.
641,Nagpur,Maharashtra,3.5,2.11,-1.38,0.13,0.94,moderate,wet-bulb,2605461,1570721,Risk declining from 3.5 to 2.1 by 2050 (SSP5-8.5). Capacity gap 0.1 — moderate stress with adequate coping.
642,Thiruvananthapuram,Kerala,4.45,4.32,-0.13,0.13,0.97,moderate,flood,2193497,2129417,Risk stable from 4.5 to 4.3 by 2050 (SSP5-8.5). Capacity gap 0.1 — moderate stress with adequate coping.
643,Serchhip,Mizoram,4.16,4.14,-0.02,0.13,0.969,moderate,flood,54392,54130,Risk stable from 4.2 to 4.1 by 2050 (SSP5-8.5). Capacity gap 0.1 — moderate stress with adequate coping.
644,Shahid Bhagat Singh Nagar,Punjab,4.44,2.65,-1.78,0.13,0.95,moderate,wet-bulb,355057,211915,Risk declining from 4.4 to 2.6 by 2050 (SSP5-8.5). Capacity gap 0.1 — moderate stress with adequate coping.
645,Barnala,Punjab,4.73,1.87,-2.86,0.13,0.928,moderate,wet-bulb,307156,121434,Risk declining from 4.7 to 1.9 by 2050 (SSP5-8.5). Capacity gap 0.1 — moderate stress with adequate coping.
646,Aizawl,Mizoram,3.53,3.51,-0.02,0.12,0.966,moderate,flood,166937,165991,Risk stable from 3.5 to 3.5 by 2050 (SSP5-8.5). Capacity gap 0.1 — moderate stress with adequate coping.
647,Lower Dibang Valley,Arunachal Pradesh,2.63,0.98,-1.64,0.12,0.884,moderate,cold wave,15566,5800,Risk declining from 2.6 to 1.0 by 2050 (SSP5-8.5). Capacity gap 0.1 — moderate stress with adequate coping.
648,Ramanagara,Karnataka,2.22,1.55,-0.67,0.12,0.924,moderate,wet-bulb,353148,246567,Risk declining from 2.2 to 1.6 by 2050 (SSP5-8.5). Capacity gap 0.1 — moderate stress with adequate coping.
649,Bangalore,Karnataka,1.91,1.78,-0.13,0.12,0.933,moderate,wet-bulb,3515196,3275942,Risk stable from 1.9 to 1.8 by 2050 (SSP5-8.5). Capacity gap 0.1 — moderate stress with adequate coping.
650,Pakke Kessang,Arunachal Pradesh,2.69,0.23,-2.46,0.12,0.5,moderate,cold wave,17875,1528,Risk declining from 2.7 to 0.2 by 2050 (SSP5-8.5). Capacity gap 0.1 — high incoming stress meets low coping.
651,Shimla,Uttarakhand,3.4,1.54,-1.85,0.11,0.93,moderate,cold wave,413863,187456,Risk declining from 3.4 to 1.5 by 2050 (SSP5-8.5). Capacity gap 0.1 — moderate stress with adequate coping.
652,Chamoli,Uttarakhand,2.77,0.91,-1.86,0.11,0.885,moderate,cold wave,208890,68624,Risk declining from 2.8 to 0.9 by 2050 (SSP5-8.5). Capacity gap 0.1 — moderate stress with adequate coping.
653,Mandi,Himachal Pradesh,2.44,1.38,-1.05,0.11,0.919,moderate,cold wave,383202,216729,Risk declining from 2.4 to 1.4 by 2050 (SSP5-8.5). Capacity gap 0.1 — moderate stress with adequate coping.
654,Kasaragod,Kerala,4.77,4.34,-0.43,0.1,0.976,moderate,flood,645456,587270,Risk stable from 4.8 to 4.3 by 2050 (SSP5-8.5). Capacity gap 0.1 — moderate stress with adequate coping.
655,Bangalore Rural,Karnataka,3.35,1.32,-2.02,0.1,0.923,moderate,wet-bulb,817229,322013,Risk declining from 3.4 to 1.3 by 2050 (SSP5-8.5). Capacity gap 0.1 — moderate stress with adequate coping.
656,Chamba,Himachal Pradesh,4.29,0.58,-3.71,0.08,0.859,moderate,cold wave,378118,51121,Risk declining from 4.3 to 0.6 by 2050 (SSP5-8.5). Capacity gap 0.1 — moderate stress with adequate coping.
657,Pathanamthitta,Kerala,5.12,4.34,-0.77,0.08,0.982,moderate,flood,792687,671926,Risk declining from 5.1 to 4.3 by 2050 (SSP5-8.5). Capacity gap 0.1 — moderate stress with adequate coping.
658,Rudraprayag,Uttarakhand,2.54,0.72,-1.82,0.08,0.896,moderate,cold wave,66565,18869,Risk declining from 2.5 to 0.7 by 2050 (SSP5-8.5). Capacity gap 0.1 — moderate stress with adequate coping.
659,Palakkad,Kerala,4.0,3.26,-0.74,0.08,0.976,moderate,wet-bulb,1558873,1270482,Risk declining from 4.0 to 3.3 by 2050 (SSP5-8.5). Capacity gap 0.1 — moderate stress with adequate coping.
660,Kollam,Kerala,5.01,4.23,-0.78,0.08,0.981,moderate,wet-bulb,1326194,1119720,Risk declining from 5.0 to 4.2 by 2050 (SSP5-8.5). Capacity gap 0.1 — moderate stress with adequate coping.
661,Wayanad,Kerala,3.33,2.74,-0.6,0.08,0.969,moderate,flood,378651,311562,Risk declining from 3.3 to 2.7 by 2050 (SSP5-8.5). Capacity gap 0.1 — moderate stress with adequate coping.
662,Ernakulam,Tamil Nadu,6.87,4.62,-2.25,0.07,0.986,moderate,wet-bulb,2751712,1850496,Risk declining from 6.9 to 4.6 by 2050 (SSP5-8.5). Capacity gap 0.1 — moderate stress with adequate coping.
663,Thrissur,Kerala,5.15,4.31,-0.84,0.07,0.984,moderate,wet-bulb,2201240,1842203,Risk declining from 5.2 to 4.3 by 2050 (SSP5-8.5). Capacity gap 0.1 — moderate stress with adequate coping.
664,Kozhikode,Kerala,4.77,4.11,-0.67,0.07,0.983,moderate,wet-bulb,1816622,1565265,Risk declining from 4.8 to 4.1 by 2050 (SSP5-8.5). Capacity gap 0.1 — moderate stress with adequate coping.
665,Kannur,Kerala,4.65,4.23,-0.42,0.07,0.984,moderate,flood,1270092,1155374,Risk stable from 4.7 to 4.2 by 2050 (SSP5-8.5). Capacity gap 0.1 — moderate stress with adequate coping.
666,South District,Sikkim,1.53,0.86,-0.67,0.07,0.915,moderate,cold wave,89525,50321,Risk declining from 1.5 to 0.9 by 2050 (SSP5-8.5). Capacity gap 0.1 — moderate stress with adequate coping.
667,The Nilgiris,Kerala,2.08,1.01,-1.07,0.07,0.933,moderate,wet-bulb,205456,99765,Risk declining from 2.1 to 1.0 by 2050 (SSP5-8.5). Capacity gap 0.1 — moderate stress with adequate coping.
668,East District,West Bengal,2.05,0.78,-1.27,0.07,0.902,moderate,cold wave,73773,28070,Risk declining from 2.0 to 0.8 by 2050 (SSP5-8.5). Capacity gap 0.1 — moderate stress with adequate coping.
669,West Kameng,Arunachal Pradesh,3.67,0.47,-3.2,0.06,0.879,moderate,cold wave,91604,11731,Risk declining from 3.7 to 0.5 by 2050 (SSP5-8.5). Capacity gap 0.1 — moderate stress with adequate coping.
670,Kanniyakumari,Kerala,4.41,3.13,-1.28,0.06,0.982,moderate,wet-bulb,1043295,740479,Risk declining from 4.4 to 3.1 by 2050 (SSP5-8.5). Capacity gap 0.1 — moderate stress with adequate coping.
671,Kottayam,Kerala,5.65,4.3,-1.34,0.06,0.987,moderate,flood,1786047,1359292,Risk declining from 5.7 to 4.3 by 2050 (SSP5-8.5). Capacity gap 0.1 — moderate stress with adequate coping.
672,North District,Sikkim,5.61,0.37,-5.24,0.04,0.901,moderate,cold wave,78602,5184,Risk declining from 5.6 to 0.4 by 2050 (SSP5-8.5). Capacity gap 0.0 — moderate stress with adequate coping.
673,Kinnaur,Himachal Pradesh,6.54,0.4,-6.14,0.04,0.89,moderate,cold wave,138509,8472,Risk declining from 6.5 to 0.4 by 2050 (SSP5-8.5). Capacity gap 0.0 — moderate stress with adequate coping.
674,Anjaw,Arunachal Pradesh,4.32,0.21,-4.1,0.04,0.825,moderate,cold wave,21653,1053,Risk declining from 4.3 to 0.2 by 2050 (SSP5-8.5). Capacity gap 0.0 — moderate stress with adequate coping.
675,Kullu,Himachal Pradesh,5.47,0.24,-5.23,0.03,0.891,moderate,cold wave,318688,13983,Risk declining from 5.5 to 0.2 by 2050 (SSP5-8.5). Capacity gap 0.0 — moderate stress with adequate coping.
676,Malappuram,Kerala,4.64,4.12,-0.52,0.03,0.993,moderate,wet-bulb,2895470,2570977,Risk declining from 4.6 to 4.1 by 2050 (SSP5-8.5). Capacity gap 0.0 — moderate stress with adequate coping.
677,Alappuzha,Kerala,5.97,4.42,-1.54,0.03,0.992,moderate,flood,1531703,1134025,Risk declining from 6.0 to 4.4 by 2050 (SSP5-8.5). Capacity gap 0.0 — moderate stress with adequate coping.
678,Lahul & Spiti,Himachal Pradesh,7.13,0.09,-7.04,0.02,0.83,moderate,cold wave,293877,3710,Risk declining from 7.1 to 0.1 by 2050 (SSP5-8.5). Capacity gap 0.0 — moderate stress with adequate coping.
679,West District,Sikkim,4.57,0.24,-4.33,0.02,0.91,moderate,cold wave,21010,1103,Risk declining from 4.6 to 0.2 by 2050 (SSP5-8.5). Capacity gap 0.0 — moderate stress with adequate coping.
680,Doda,Jammu And Kashmir,4.47,0.03,-4.44,0.01,0.807,moderate,cold wave,205315,1378,Risk declining from 4.5 to 0.0 by 2050 (SSP5-8.5). Capacity gap 0.0 — high incoming stress meets low coping.
681,Kamle,Assam,3.16,0.01,-3.14,0.01,0.5,moderate,cold wave,20672,65,Risk declining from 3.2 to 0.0 by 2050 (SSP5-8.5). Capacity gap 0.0 — high incoming stress meets low coping.
682,DATA NOT AVAILABLE,Jammu And Kashmir,7.73,0.0,-7.73,0.0,0.131,low,cold wave,3254051,0,Risk declining from 7.7 to 0.0 by 2050 (SSP5-8.5). Capacity gap 0.0 — high incoming stress meets low coping.
683,Kishtwar,Jammu And Kashmir,6.03,0.0,-6.03,0.0,0.788,low,cold wave,319400,0,Risk declining from 6.0 to 0.0 by 2050 (SSP5-8.5). Capacity gap 0.0 — high incoming stress meets low coping.
684,Dibang Valley,Arunachal Pradesh,4.84,0.0,-4.84,0.0,0.881,low,cold wave,49548,0,Risk declining from 4.8 to 0.0 by 2050 (SSP5-8.5). Capacity gap 0.0 — moderate stress with adequate coping.
685,Reasi,Jammu And Kashmir,1.97,0.0,-1.97,0.0,0.747,low,cold wave,78961,0,Risk declining from 2.0 to 0.0 by 2050 (SSP5-8.5). Capacity gap 0.0 — high incoming stress meets low coping.
686,Kupwara,Jammu And Kashmir,3.64,0.0,-3.64,0.0,0.835,low,cold wave,577751,0,Risk declining from 3.6 to 0.0 by 2050 (SSP5-8.5). Capacity gap 0.0 — moderate stress with adequate coping.
687,Leh(Ladakh),Ladakh,7.99,0.0,-7.99,0.0,0.5,low,cold wave,316351,0,Risk declining from 8.0 to 0.0 by 2050 (SSP5-8.5). Capacity gap 0.0 — high incoming stress meets low coping.
688,Udhampur,Jammu And Kashmir,2.61,0.0,-2.61,0.0,0.806,low,cold wave,303492,0,Risk declining from 2.6 to 0.0 by 2050 (SSP5-8.5). Capacity gap 0.0 — high incoming stress meets low coping.
689,East Kameng,Arunachal Pradesh,2.91,0.0,-2.91,0.0,0.787,low,cold wave,54095,0,Risk declining from 2.9 to 0.0 by 2050 (SSP5-8.5). Capacity gap 0.0 — high incoming stress meets low coping.
690,Kurung Kumey,Arunachal Pradesh,1.6,0.0,-1.6,0.0,0.834,low,cold wave,9692,0,Risk declining from 1.6 to 0.0 by 2050 (SSP5-8.5). Capacity gap 0.0 — moderate stress with adequate coping.
691,Upper Subansiri,Arunachal Pradesh,2.07,0.0,-2.07,0.0,0.809,low,cold wave,38396,0,Risk declining from 2.1 to 0.0 by 2050 (SSP5-8.5). Capacity gap 0.0 — high incoming stress meets low coping.
692,Samba,Punjab,0.81,0.0,-0.81,0.0,0.903,low,cold wave,80857,0,Risk declining from 0.8 to 0.0 by 2050 (SSP5-8.5). Capacity gap 0.0 — moderate stress with adequate coping.
693,Anantnag,Jammu And Kashmir,3.99,0.0,-3.99,0.0,0.888,low,cold wave,474464,0,Risk declining from 4.0 to 0.0 by 2050 (SSP5-8.5). Capacity gap 0.0 — moderate stress with adequate coping.
694,Punch,Jammu And Kashmir,2.64,0.0,-2.64,0.0,0.799,low,cold wave,219670,0,Risk declining from 2.6 to 0.0 by 2050 (SSP5-8.5). Capacity gap 0.0 — high incoming stress meets low coping.
695,Kargil,Jammu And Kashmir,7.42,0.0,-7.42,0.0,0.773,low,cold wave,253838,0,Risk declining from 7.4 to 0.0 by 2050 (SSP5-8.5). Capacity gap 0.0 — high incoming stress meets low coping.
696,Kra Daadi,Arunachal Pradesh,2.13,0.0,-2.13,0.0,0.835,low,cold wave,41429,0,Risk declining from 2.1 to 0.0 by 2050 (SSP5-8.5). Capacity gap 0.0 — moderate stress with adequate coping.
697,Siang,Arunachal Pradesh,1.53,0.0,-1.53,0.0,0.891,low,cold wave,10225,0,Risk declining from 1.5 to 0.0 by 2050 (SSP5-8.5). Capacity gap 0.0 — moderate stress with adequate coping.
698,Upper Siang,Arunachal Pradesh,3.07,0.0,-3.07,0.0,0.87,low,cold wave,18096,0,Risk declining from 3.1 to 0.0 by 2050 (SSP5-8.5). Capacity gap 0.0 — moderate stress with adequate coping.
699,Pulwama,Jammu And Kashmir,2.39,0.0,-2.39,0.0,0.917,low,cold wave,197234,0,Risk declining from 2.4 to 0.0 by 2050 (SSP5-8.5). Capacity gap 0.0 — moderate stress with adequate coping.
700,West Siang,Arunachal Pradesh,1.2,0.0,-1.2,0.0,0.866,low,cold wave,4569,0,Risk declining from 1.2 to 0.0 by 2050 (SSP5-8.5). Capacity gap 0.0 — moderate stress with adequate coping.
701,Tawang,Assam,5.32,0.0,-5.32,0.0,0.823,low,cold wave,47144,0,Risk declining from 5.3 to 0.0 by 2050 (SSP5-8.5). Capacity gap 0.0 — moderate stress with adequate coping.
702,Lower Subansiri,Arunachal Pradesh,1.37,0.0,-1.37,0.0,0.867,low,cold wave,15269,0,Risk declining from 1.4 to 0.0 by 2050 (SSP5-8.5). Capacity gap 0.0 — moderate stress with adequate coping.
703,Baramula,Jammu And Kashmir,3.74,0.0,-3.74,0.0,0.857,low,cold wave,659019,0,Risk declining from 3.7 to 0.0 by 2050 (SSP5-8.5). Capacity gap 0.0 — moderate stress with adequate coping.
704,Shi Yomi,Arunachal Pradesh,5.36,0.0,-5.36,0.0,0.5,low,cold wave,49687,0,Risk declining from 5.4 to 0.0 by 2050 (SSP5-8.5). Capacity gap 0.0 — high incoming stress meets low coping.
705,Rajouri,Jammu And Kashmir,2.07,0.0,-2.07,0.0,0.797,low,cold wave,151875,0,Risk declining from 2.1 to 0.0 by 2050 (SSP5-8.5). Capacity gap 0.0 — high incoming stress meets low coping.
706,Ramban,Jammu And Kashmir,3.2,0.0,-3.2,0.0,0.711,low,cold wave,105679,0,Risk declining from 3.2 to 0.0 by 2050 (SSP5-8.5). Capacity gap 0.0 — high incoming stress meets low coping.
707,Shupiyan,Jammu And Kashmir,3.57,0.0,-3.57,0.0,0.914,low,cold wave,211219,0,Risk declining from 3.6 to 0.0 by 2050 (SSP5-8.5). Capacity gap 0.0 — moderate stress with adequate coping.
708,Srinagar,Jammu And Kashmir,2.82,0.0,-2.82,0.0,0.911,low,cold wave,464725,0,Risk declining from 2.8 to 0.0 by 2050 (SSP5-8.5). Capacity gap 0.0 — moderate stress with adequate coping.
709,Jammu,Jammu And Kashmir,0.82,0.0,-0.82,0.0,0.917,low,cold wave,170527,0,Risk declining from 0.8 to 0.0 by 2050 (SSP5-8.5). Capacity gap 0.0 — moderate stress with adequate coping.
710,Bandipore,Jammu And Kashmir,3.32,0.0,-3.32,0.0,0.816,low,cold wave,193360,0,Risk declining from 3.3 to 0.0 by 2050 (SSP5-8.5). Capacity gap 0.0 — moderate stress with adequate coping.
711,Badgam,Jammu And Kashmir,3.75,0.0,-3.75,0.0,0.871,low,cold wave,357413,0,Risk declining from 3.8 to 0.0 by 2050 (SSP5-8.5). Capacity gap 0.0 — moderate stress with adequate coping.
712,Ganderbal,Jammu And Kashmir,4.56,0.0,-4.56,0.0,0.864,low,cold wave,225082,0,Risk declining from 4.6 to 0.0 by 2050 (SSP5-8.5). Capacity gap 0.0 — moderate stress with adequate coping.
713,Kulgam,Jammu And Kashmir,3.21,0.0,-3.21,0.0,0.88,low,cold wave,415710,0,Risk declining from 3.2 to 0.0 by 2050 (SSP5-8.5). Capacity gap 0.0 — moderate stress with adequate coping.
