State,Indicator No.,Indicator,Unit,NFHS 6,NFHS 6 Small Sample,NFHS 5,NFHS 5 Small Sample,Delta (6-5)
Andaman and Nicobar Islands,1,Population below age 5 years (%),%,3.7,,5.3,,-1.6
Andaman and Nicobar Islands,2,Population below age 15 years (%),%,17.5,,20.8,,-3.3
Andaman and Nicobar Islands,3,Population age 60 years and above (%),%,12.6,,11.0,,1.6
Andaman and Nicobar Islands,4,Population living in households with electricity (%),%,97.5,,97.6,,-0.1
Andaman and Nicobar Islands,5,Population living in households with an improved drinking-water source1 (%),%,97.9,,96.3,,1.6
Andaman and Nicobar Islands,6,Households using iodized salt (%),%,99.0,,99.7,,-0.7
Andaman and Nicobar Islands,7,Households with any usual member covered under a health insurance/financing scheme (%),%,9.1,,1.8,,7.3
Andaman and Nicobar Islands,8,Households with any usual member having a bank account/post office account (%),%,98.3,,97.3,,1.0
Andaman and Nicobar Islands,9,Female population age 6 years and above who ever attended school (%),%,85.0,,83.5,,1.5
Andaman and Nicobar Islands,10,Households with any usual female members owning a house and/or land (alone or jointly with,,13.1,,13.8,,-0.7
Andaman and Nicobar Islands,11,Children age 2-4 years who attended pre-school (%),%,62.2,,88.5,,-26.3
Andaman and Nicobar Islands,12,Women with 10 or more years of schooling (%),%,65.0,,52.5,,12.5
Andaman and Nicobar Islands,13,Men with 10 or more years of schooling (%),%,66.8,,52.3,,14.5
Andaman and Nicobar Islands,14,Women who have ever used the internet (%),%,72.0,,34.8,,37.2
Andaman and Nicobar Islands,15,Men who have ever used the internet (%),%,86.1,,45.6,,40.5
Andaman and Nicobar Islands,16,Women age 20-24 years married before age 18 years (%),%,8.8,,16.2,,-7.4
Andaman and Nicobar Islands,17,Men age 25-29 years married before age 21 years (%),%,1.2,Y,7.1,Y,-5.9
Andaman and Nicobar Islands,18,Total fertility rate (children per woman),children per woman,0.9,,1.3,,-0.4
Andaman and Nicobar Islands,19,Women age 15-19 years who were already mothers or pregnant at the time of the survey (%),%,1.6,,3.0,,-1.4
Andaman and Nicobar Islands,20,Any method2 (%),%,78.3,,65.8,,12.5
Andaman and Nicobar Islands,21,Any modern method2 (%),%,66.3,,57.7,,8.6
Andaman and Nicobar Islands,22,Any traditional method (%),%,12.0,,8.1,,3.9
Andaman and Nicobar Islands,23,Female sterilization (%),%,41.5,,39.2,,2.3
Andaman and Nicobar Islands,24,Male sterilization (%),%,0.0,,0.2,,-0.2
Andaman and Nicobar Islands,25,Total unmet need3 (%),%,4.6,,13.5,,-8.9
Andaman and Nicobar Islands,26,Unmet need for spacing3 (%),%,3.5,,6.1,,-2.6
Andaman and Nicobar Islands,27,Unmet need for limiting3 (%),%,1.1,,7.4,,-6.3
Andaman and Nicobar Islands,28,Mothers who had an antenatal check-up in the first trimester (%),%,82.1,,77.1,,5.0
Andaman and Nicobar Islands,29,Mothers who had any antenatal care visits (%),%,96.1,,91.9,,4.2
Andaman and Nicobar Islands,30,Mothers who had at least 4 antenatal care visits (%),%,45.4,,83.6,,-38.2
Andaman and Nicobar Islands,31,Mothers whose last birth was protected against neonatal tetanus4 (%),%,96.6,,90.8,,5.8
Andaman and Nicobar Islands,32,Mothers who consumed iron folic acid for 100 days or more when they were pregnant (%),%,85.6,,80.9,,4.7
Andaman and Nicobar Islands,33,Mothers who consumed iron folic acid for 180 days or more when they were pregnant (%),%,35.0,,52.1,,-17.1
Andaman and Nicobar Islands,34,Registered pregnancies for which the mother received a Mother and Child Protection (MCP),MCP,99.5,,98.9,,0.6
Andaman and Nicobar Islands,35,Institutional births (%),%,99.5,,98.9,,0.6
Andaman and Nicobar Islands,36,Institutional births in public facility (%),%,86.5,,87.3,,-0.8
Andaman and Nicobar Islands,37,Births attended by skilled health personnel5 (%),%,99.6,,97.3,,2.3
Andaman and Nicobar Islands,38,Births delivered by caesarean section (%),%,35.0,,29.9,,5.1
Andaman and Nicobar Islands,39,Births in a private health facility that were delivered by caesarean section (%),%,,Y,79.2,Y,
Andaman and Nicobar Islands,40,Births in a public health facility that were delivered by caesarean section (%),%,28.5,,23.6,,4.9
Andaman and Nicobar Islands,41,Mothers who received postnatal care from a doctor/nurse/LHV/ANM/midwife/other health,,92.5,,88.9,,3.6
Andaman and Nicobar Islands,42,Children born at home who were taken to a health facility for a check-up within 24 hours of,,,Y,,Y,
Andaman and Nicobar Islands,43,Children who received postnatal care from a doctor/nurse/LHV/ANM/midwife/ other health,,98.7,,91.0,,7.7
Andaman and Nicobar Islands,44,Children age 12-23 months fully vaccinated based on information from either vaccination card,,88.5,,79.9,,8.6
Andaman and Nicobar Islands,45,Children age 12-23 months fully vaccinated based on information from vaccination card,,91.3,,96.0,,-4.7
Andaman and Nicobar Islands,46,Children age 12-23 months who have received any vaccine (%),%,97.2,,98.2,,-1.0
Andaman and Nicobar Islands,47,Children age 12-23 months who have received BCG (%),%,97.2,,98.2,,-1.0
Andaman and Nicobar Islands,48,Children age 12-23 months who have received 3 doses of polio vaccine8 (%),%,92.2,,80.9,,11.3
Andaman and Nicobar Islands,49,Children age 12-23 months who have received 3 doses of pentavalent vaccine (%),%,92.3,,92.8,,-0.5
Andaman and Nicobar Islands,50,Children age 12-23 months who have received the first dose of measles-containing,,96.0,,84.0,,12.0
Andaman and Nicobar Islands,51,Children age 24-35 months who have received a second dose of measles-containing,,90.9,,77.4,,13.5
Andaman and Nicobar Islands,52,Children age 12-23 months who have received birth dose of hepatitis B vaccine (%),%,96.6,,59.5,,37.1
Andaman and Nicobar Islands,53,Children age 12-23 months who have received 3 doses of rotavirus vaccine (%),%,76.0,,0.3,,75.7
Andaman and Nicobar Islands,54,Children age 9-35 months who received a vitamin A dose in the last 6 months (%),%,64.0,,86.0,,-22.0
Andaman and Nicobar Islands,55,Children age 12-23 months who received most of their vaccinations in a public health,,95.1,,94.9,,0.2
Andaman and Nicobar Islands,56,Children age 12-23 months who received most of their vaccinations in a private health,,4.9,,3.2,,1.7
Andaman and Nicobar Islands,57,Prevalence of diarrhoea in the 2 weeks preceding the survey (%),%,1.5,,5.6,,-4.1
Andaman and Nicobar Islands,58,Prevalence of severe diarrhoea in the 2 weeks preceding the survey (%),%,0.0,,0.4,,-0.4
Andaman and Nicobar Islands,59,Prevalence of symptoms of acute respiratory infection (ARI) in the 2 weeks preceding the,,0.2,,1.7,,-1.5
Andaman and Nicobar Islands,60,Children with fever or symptoms of ARI in the 2 weeks preceding the survey taken to a health,,69.4,,72.7,,-3.3
Andaman and Nicobar Islands,61,Children under age 3 years breastfed within one hour of birth 9 (%),%,51.4,,46.9,,4.5
Andaman and Nicobar Islands,62,Children under age 6 months exclusively breastfed10 (%),%,85.6,Y,73.3,Y,12.3
Andaman and Nicobar Islands,63,Children under age 6 months currently breastfeeding 10 (%),%,93.5,Y,92.8,Y,0.7
Andaman and Nicobar Islands,64,Children under age 6 months exclusively breastfed or breastfeeding and consuming plain,,92.6,Y,80.9,Y,11.7
Andaman and Nicobar Islands,65,Children age 6-8 months receiving solid or semi-solid food and breastmilk10 (%),%,,Y,,Y,
Andaman and Nicobar Islands,66,"Breastfeeding children age 6-23 months receiving an adequate diet10, 11 (%)",%,10.9,,17.4,,-6.5
Andaman and Nicobar Islands,67,"Non-breastfeeding children age 6-23 months receiving an adequate diet 10, 11 (%)",%,,Y,,Y,
Andaman and Nicobar Islands,68,"Total children age 6-23 months receiving an adequate diet10, 11 (%)",%,11.3,,18.5,,-7.2
Andaman and Nicobar Islands,69,Children under 5 years who are stunted (height-for-age)12 (%),%,26.7,,22.5,,4.2
Andaman and Nicobar Islands,70,Children under 5 years who are wasted (weight-for-height)12 (%),%,11.1,,16.0,,-4.9
Andaman and Nicobar Islands,71,Children under 5 years who are severely wasted (weight-for-height)13 (%),%,3.8,,4.8,,-1.0
Andaman and Nicobar Islands,72,Children under 5 years who are underweight (weight-for-age)12 (%),%,19.3,,23.6,,-4.3
Andaman and Nicobar Islands,73,Children under 5 years who are overweight (weight-for-height)14 (%),%,7.2,,5.4,,1.8
Andaman and Nicobar Islands,74,Women whose Body Mass Index (BMI) is below normal (BMI <18.5 kg/m 2)15 (%),%,3.1,,9.4,,-6.3
Andaman and Nicobar Islands,75,Men whose Body Mass Index (BMI) is below normal (BMI <18.5 kg/m 2) (%),%,1.4,,4.0,,-2.6
Andaman and Nicobar Islands,76,Women who are overweight or obese (BMI ≥25.0 kg/m2)15 (%),%,44.5,,38.1,,6.4
Andaman and Nicobar Islands,77,Men who are overweight or obese (BMI ≥25.0 kg/m2) (%),%,46.1,,45.3,,0.8
Andaman and Nicobar Islands,78,Blood sugar level - high (141-160 mg/dl)16 (%),%,7.3,,7.4,,-0.1
Andaman and Nicobar Islands,79,Blood sugar level - very high (>160 mg/dl)16 (%),%,11.5,,8.1,,3.4
Andaman and Nicobar Islands,80,Blood sugar level - high or very high (>140 mg/dl) or taking medicine to control blood,,20.5,,17.5,,3.0
Andaman and Nicobar Islands,81,Blood sugar level - high (141-160 mg/dl)16 (%),%,9.6,,9.3,,0.3
Andaman and Nicobar Islands,82,Blood sugar level - very high (>160 mg/dl)16 (%),%,11.2,,7.3,,3.9
Andaman and Nicobar Islands,83,Blood sugar level - high or very high (>140 mg/dl) or taking medicine to control blood,,21.4,,17.9,,3.5
Andaman and Nicobar Islands,84,Mildly elevated blood pressure (Systolic 140-159 mm of Hg and/or Diastolic 90-99 mm of Hg) (%),%,14.5,,15.3,,-0.8
Andaman and Nicobar Islands,85,Moderately or severely elevated blood pressure (Systolic ≥160 mm of Hg and/or,,6.9,,4.9,,2.0
Andaman and Nicobar Islands,86,Elevated blood pressure (Systolic ≥140 mm of Hg and/or Diastolic ≥90 mm of Hg) or taking,,24.1,,25.3,,-1.2
Andaman and Nicobar Islands,87,Mildly elevated blood pressure (Systolic 140-159 mm of Hg and/or,,20.5,,20.6,,-0.1
Andaman and Nicobar Islands,88,Moderately or severely elevated blood pressure (Systolic ≥160 mm of Hg and/or,,7.0,,6.5,,0.5
Andaman and Nicobar Islands,89,Elevated blood pressure (Systolic ≥140 mm of Hg and/or Diastolic ≥90 mm of Hg) or taking,,31.2,,30.2,,1.0
Andaman and Nicobar Islands,90,Currently married women who usually participate in three household decisions 17 (%),%,94.8,,94.5,,0.3
Andaman and Nicobar Islands,91,Women who worked in the last 12 months and were paid in cash (%),%,25.0,,24.6,,0.4
Andaman and Nicobar Islands,92,Women having a bank or savings account that they themselves use (%),%,93.3,,89.2,,4.1
Andaman and Nicobar Islands,93,Women having a mobile phone that they themselves use (%),%,86.7,,80.8,,5.9
Andaman and Nicobar Islands,94,Women age 15-24 years who use hygienic methods of protection during their menstrual,,98.7,,98.8,,-0.1
Andaman and Nicobar Islands,95,Ever-married women age 18-49 years who have ever experienced spousal violence 19 (%),%,18.2,,17.2,,1.0
Andaman and Nicobar Islands,96,Ever-married women age 18-49 years who have experienced physical violence during any,,0.2,,0.3,,-0.1
Andaman and Nicobar Islands,97,Young women age 18-29 years who experienced sexual violence by age 18 (%),%,0.3,,1.2,,-0.9
Andaman and Nicobar Islands,98,Women age 15 years and above who use any kind of tobacco (%),%,26.6,,31.2,,-4.6
Andaman and Nicobar Islands,99,Men age 15 years and above who use any kind of tobacco (%),%,52.1,,58.7,,-6.6
Andaman and Nicobar Islands,100,Women age 15 years and above who consume alcohol (%),%,3.9,,5.0,,-1.1
Andaman and Nicobar Islands,101,Men age 15 years and above who consume alcohol (%),%,32.0,,38.8,,-6.8
Andhra Pradesh,1,Population below age 5 years (%),%,6.9,,6.7,,0.2
Andhra Pradesh,2,Population below age 15 years (%),%,21.1,,22.2,,-1.1
Andhra Pradesh,3,Population age 60 years and above (%),%,13.9,,13.2,,0.7
Andhra Pradesh,4,Population living in households with electricity (%),%,99.7,,99.5,,0.2
Andhra Pradesh,5,Population living in households with an improved drinking-water source1 (%),%,97.6,,96.7,,0.9
Andhra Pradesh,6,Households using iodized salt (%),%,97.3,,83.1,,14.2
Andhra Pradesh,7,Households with any usual member covered under a health insurance/financing scheme (%),%,91.9,,80.2,,11.7
Andhra Pradesh,8,Households with any usual member having a bank account/post office account (%),%,98.5,,95.8,,2.7
Andhra Pradesh,9,Female population age 6 years and above who ever attended school (%),%,69.1,,65.6,,3.5
Andhra Pradesh,10,Households with any usual female members owning a house and/or land (alone or jointly with,,31.9,,27.7,,4.2
Andhra Pradesh,11,Children age 2-4 years who attended pre-school (%),%,69.8,,75.4,,-5.6
Andhra Pradesh,12,Women with 10 or more years of schooling (%),%,48.4,,39.6,,8.8
Andhra Pradesh,13,Men with 10 or more years of schooling (%),%,59.5,,47.9,,11.6
Andhra Pradesh,14,Women who have ever used the internet (%),%,63.6,,21.0,,42.6
Andhra Pradesh,15,Men who have ever used the internet (%),%,83.7,,41.9,,41.8
Andhra Pradesh,16,Women age 20-24 years married before age 18 years (%),%,25.1,,29.3,,-4.2
Andhra Pradesh,17,Men age 25-29 years married before age 21 years (%),%,9.7,,14.5,,-4.8
Andhra Pradesh,18,Total fertility rate (children per woman),children per woman,1.8,,1.7,,0.1
Andhra Pradesh,19,Women age 15-19 years who were already mothers or pregnant at the time of the survey (%),%,9.2,,12.6,,-3.4
Andhra Pradesh,20,Any method2 (%),%,74.7,,71.1,,3.6
Andhra Pradesh,21,Any modern method2 (%),%,73.1,,70.8,,2.3
Andhra Pradesh,22,Any traditional method (%),%,1.6,,0.3,,1.3
Andhra Pradesh,23,Female sterilization (%),%,69.5,,69.6,,-0.1
Andhra Pradesh,24,Male sterilization (%),%,0.8,,0.4,,0.4
Andhra Pradesh,25,Total unmet need3 (%),%,4.4,,4.7,,-0.3
Andhra Pradesh,26,Unmet need for spacing3 (%),%,2.8,,2.7,,0.1
Andhra Pradesh,27,Unmet need for limiting3 (%),%,1.6,,2.0,,-0.4
Andhra Pradesh,28,Mothers who had an antenatal check-up in the first trimester (%),%,88.6,,81.7,,6.9
Andhra Pradesh,29,Mothers who had any antenatal care visits (%),%,99.7,,99.2,,0.5
Andhra Pradesh,30,Mothers who had at least 4 antenatal care visits (%),%,85.5,,67.5,,18.0
Andhra Pradesh,31,Mothers whose last birth was protected against neonatal tetanus4 (%),%,96.8,,92.8,,4.0
Andhra Pradesh,32,Mothers who consumed iron folic acid for 100 days or more when they were pregnant (%),%,86.2,,70.3,,15.9
Andhra Pradesh,33,Mothers who consumed iron folic acid for 180 days or more when they were pregnant (%),%,56.3,,41.1,,15.2
Andhra Pradesh,34,Registered pregnancies for which the mother received a Mother and Child Protection (MCP),MCP,98.7,,96.5,,2.2
Andhra Pradesh,35,Institutional births (%),%,98.4,,96.5,,1.9
Andhra Pradesh,36,Institutional births in public facility (%),%,45.8,,50.4,,-4.6
Andhra Pradesh,37,Births attended by skilled health personnel5 (%),%,98.7,,96.1,,2.6
Andhra Pradesh,38,Births delivered by caesarean section (%),%,52.2,,42.4,,9.8
Andhra Pradesh,39,Births in a private health facility that were delivered by caesarean section (%),%,66.2,,63.0,,3.2
Andhra Pradesh,40,Births in a public health facility that were delivered by caesarean section (%),%,38.0,,26.6,,11.4
Andhra Pradesh,41,Mothers who received postnatal care from a doctor/nurse/LHV/ANM/midwife/other health,,97.4,,90.7,,6.7
Andhra Pradesh,42,Children born at home who were taken to a health facility for a check-up within 24 hours of birth (%),%,,Y,17.2,,
Andhra Pradesh,43,Children who received postnatal care from a doctor/nurse/LHV/ANM/midwife/ other health,,97.1,,92.3,,4.8
Andhra Pradesh,44,Children age 12-23 months fully vaccinated based on information from either vaccination card or mother's recall6 (%),%,87.7,,73.2,,14.5
Andhra Pradesh,45,Children age 12-23 months fully vaccinated based on information from vaccination card,,92.3,,88.0,,4.3
Andhra Pradesh,46,Children age 12-23 months who have received any vaccine (%),%,97.7,,95.0,,2.7
Andhra Pradesh,47,Children age 12-23 months who have received BCG (%),%,96.6,,94.6,,2.0
Andhra Pradesh,48,Children age 12-23 months who have received 3 doses of polio vaccine8 (%),%,88.9,,75.0,,13.9
Andhra Pradesh,49,Children age 12-23 months who have received 3 doses of pentavalent vaccine (%),%,94.5,,88.5,,6.0
Andhra Pradesh,50,Children age 12-23 months who have received the first dose of measles-containing,,96.0,,87.1,,8.9
Andhra Pradesh,51,Children age 24-35 months who have received a second dose of measles-containing,,84.1,,57.5,,26.6
Andhra Pradesh,52,Children age 12-23 months who have received birth dose of hepatitis B vaccine (%),%,91.8,,79.5,,12.3
Andhra Pradesh,53,Children age 12-23 months who have received 3 doses of rotavirus vaccine (%),%,92.7,,75.5,,17.2
Andhra Pradesh,54,Children age 9-35 months who received a vitamin A dose in the last 6 months (%),%,91.3,,80.3,,11.0
Andhra Pradesh,55,Children age 12-23 months who received most of their vaccinations in a public health,,94.2,,94.2,,0.0
Andhra Pradesh,56,Children age 12-23 months who received most of their vaccinations in a private health,,3.7,,4.3,,-0.6
Andhra Pradesh,57,Prevalence of diarrhoea in the 2 weeks preceding the survey (%),%,4.8,,7.2,,-2.4
Andhra Pradesh,58,Prevalence of severe diarrhoea in the 2 weeks preceding the survey (%),%,0.1,,0.7,,-0.6
Andhra Pradesh,59,Prevalence of symptoms of acute respiratory infection (ARI) in the 2 weeks preceding the,,1.0,,2.4,,-1.4
Andhra Pradesh,60,Children with fever or symptoms of ARI in the 2 weeks preceding the survey taken to a health,,66.5,,70.2,,-3.7
Andhra Pradesh,61,Children under age 3 years breastfed within one hour of birth 9 (%),%,67.2,,52.0,,15.2
Andhra Pradesh,62,Children under age 6 months exclusively breastfed10 (%),%,69.5,,68.0,,1.5
Andhra Pradesh,63,Children under age 6 months currently breastfeeding 10 (%),%,96.5,,93.3,,3.2
Andhra Pradesh,64,Children under age 6 months exclusively breastfed or breastfeeding and consuming plain,,87.0,,79.6,,7.4
Andhra Pradesh,65,Children age 6-8 months receiving solid or semi-solid food and breastmilk10 (%),%,72.0,,50.8,,21.2
Andhra Pradesh,66,"Breastfeeding children age 6-23 months receiving an adequate diet10, 11 (%)",%,17.0,,8.1,,8.9
Andhra Pradesh,67,"Non-breastfeeding children age 6-23 months receiving an adequate diet 10, 11 (%)",%,28.2,,11.4,,16.8
Andhra Pradesh,68,"Total children age 6-23 months receiving an adequate diet10, 11 (%)",%,19.2,,9.0,,10.2
Andhra Pradesh,69,Children under 5 years who are stunted (height-for-age)12 (%),%,24.6,,31.2,,-6.6
Andhra Pradesh,70,Children under 5 years who are wasted (weight-for-height)12 (%),%,12.3,,16.1,,-3.8
Andhra Pradesh,71,Children under 5 years who are severely wasted (weight-for-height)13 (%),%,2.7,,6.0,,-3.3
Andhra Pradesh,72,Children under 5 years who are underweight (weight-for-age)12 (%),%,23.2,,29.6,,-6.4
Andhra Pradesh,73,Children under 5 years who are overweight (weight-for-height)14 (%),%,1.5,,2.7,,-1.2
Andhra Pradesh,74,Women whose Body Mass Index (BMI) is below normal (BMI <18.5 kg/m 2)15 (%),%,10.8,,14.8,,-4.0
Andhra Pradesh,75,Men whose Body Mass Index (BMI) is below normal (BMI <18.5 kg/m2) (%),%,12.9,,16.5,,-3.6
Andhra Pradesh,76,Women who are overweight or obese (BMI ≥25.0 kg/m2)15 (%),%,47.9,,36.3,,11.6
Andhra Pradesh,77,Men who are overweight or obese (BMI ≥25.0 kg/m2) (%),%,41.5,,31.1,,10.4
Andhra Pradesh,78,Blood sugar level - high (141-160 mg/dl)16 (%),%,7.0,,7.3,,-0.3
Andhra Pradesh,79,Blood sugar level - very high (>160 mg/dl)16 (%),%,12.2,,10.4,,1.8
Andhra Pradesh,80,Blood sugar level - high or very high (>140 mg/dl) or taking medicine to control blood,,21.8,,19.5,,2.3
Andhra Pradesh,81,Blood sugar level - high (141-160 mg/dl)16 (%),%,7.5,,8.4,,-0.9
Andhra Pradesh,82,Blood sugar level - very high (>160 mg/dl)16 (%),%,13.9,,11.4,,2.5
Andhra Pradesh,83,Blood sugar level - high or very high (>140 mg/dl) or taking medicine to control blood,,24.1,,21.8,,2.3
Andhra Pradesh,84,Mildly elevated blood pressure (Systolic 140-159 mm of Hg and/or Diastolic 90-99 mm of Hg) (%),%,10.0,,13.6,,-3.6
Andhra Pradesh,85,Moderately or severely elevated blood pressure (Systolic ≥160 mm of Hg and/or,,5.7,,5.9,,-0.2
Andhra Pradesh,86,Elevated blood pressure (Systolic ≥140 mm of Hg and/or Diastolic ≥90 mm of Hg) or taking,,24.1,,25.3,,-1.2
Andhra Pradesh,87,Mildly elevated blood pressure (Systolic 140-159 mm of Hg and/or,,12.7,,17.6,,-4.9
Andhra Pradesh,88,Moderately or severely elevated blood pressure (Systolic ≥160 mm of Hg and/or,,3.4,,7.1,,-3.7
Andhra Pradesh,89,Elevated blood pressure (Systolic ≥140 mm of Hg and/or Diastolic ≥90 mm of Hg) or taking,,26.0,,29.0,,-3.0
Andhra Pradesh,90,Currently married women who usually participate in three household decisions 17 (%),%,84.0,,84.1,,-0.1
Andhra Pradesh,91,Women who worked in the last 12 months and were paid in cash (%),%,48.0,,42.1,,5.9
Andhra Pradesh,92,Women having a bank or savings account that they themselves use (%),%,92.3,,81.8,,10.5
Andhra Pradesh,93,Women having a mobile phone that they themselves use (%),%,64.1,,48.9,,15.2
Andhra Pradesh,94,Women age 15-24 years who use hygienic methods of protection during their menstrual,,94.3,,85.2,,9.1
Andhra Pradesh,95,Ever-married women age 18-49 years who have ever experienced spousal violence19 (%),%,22.7,,29.9,,-7.2
Andhra Pradesh,96,Ever-married women age 18-49 years who have experienced physical violence during any,,1.9,,3.8,,-1.9
Andhra Pradesh,97,Young women age 18-29 years who experienced sexual violence by age 18 (%),%,0.0,,0.8,,-0.8
Andhra Pradesh,98,Women age 15 years and above who use any kind of tobacco (%),%,3.8,,3.9,,-0.1
Andhra Pradesh,99,Men age 15 years and above who use any kind of tobacco (%),%,18.8,,22.6,,-3.8
Andhra Pradesh,100,Women age 15 years and above who consume alcohol (%),%,0.6,,0.5,,0.1
Andhra Pradesh,101,Men age 15 years and above who consume alcohol (%),%,23.3,,23.1,,0.2
Arunachal Pradesh,1,Population below age 5 years (%),%,6.3,,8.2,,-1.9
Arunachal Pradesh,2,Population below age 15 years (%),%,21.8,,27.1,,-5.3
Arunachal Pradesh,3,Population age 60 years and above (%),%,10.2,,8.1,,2.1
Arunachal Pradesh,4,Population living in households with electricity (%),%,98.2,,94.8,,3.4
Arunachal Pradesh,5,Population living in households with an improved drinking-water source1 (%),%,97.1,,93.7,,3.4
Arunachal Pradesh,6,Households using iodized salt (%),%,98.7,,99.2,,-0.5
Arunachal Pradesh,7,Households with any usual member covered under a health insurance/financing scheme (%),%,51.8,,29.3,,22.5
Arunachal Pradesh,8,Households with any usual member having a bank account/post office account (%),%,96.1,,91.6,,4.5
Arunachal Pradesh,9,Female population age 6 years and above who ever attended school (%),%,68.6,,71.2,,-2.6
Arunachal Pradesh,10,Households with any usual female members owning a house and/or land (alone or jointly with,,14.8,,15.9,,-1.1
Arunachal Pradesh,11,Children age 2-4 years who attended pre-school (%),%,34.7,,24.6,,10.1
Arunachal Pradesh,12,Women with 10 or more years of schooling (%),%,50.4,,39.4,,11.0
Arunachal Pradesh,13,Men with 10 or more years of schooling (%),%,61.4,,48.2,,13.2
Arunachal Pradesh,14,Women who have ever used the internet (%),%,73.4,,52.9,,20.5
Arunachal Pradesh,15,Men who have ever used the internet (%),%,80.0,,71.6,,8.4
Arunachal Pradesh,16,Women age 20-24 years married before age 18 years (%),%,17.3,,18.9,,-1.6
Arunachal Pradesh,17,Men age 25-29 years married before age 21 years (%),%,11.4,,20.8,,-9.4
Arunachal Pradesh,18,Total fertility rate (children per woman),children per woman,1.5,,1.8,,-0.3
Arunachal Pradesh,19,Women age 15-19 years who were already mothers or pregnant at the time of the survey (%),%,5.6,,6.0,,-0.4
Arunachal Pradesh,20,Any method2 (%),%,65.3,,59.1,,6.2
Arunachal Pradesh,21,Any modern method2 (%),%,47.9,,47.1,,0.8
Arunachal Pradesh,22,Any traditional method (%),%,17.4,,12.0,,5.4
Arunachal Pradesh,23,Female sterilization (%),%,21.1,,18.2,,2.9
Arunachal Pradesh,24,Male sterilization (%),%,0.1,,0.0,,0.1
Arunachal Pradesh,25,Total unmet need3 (%),%,8.9,,12.4,,-3.5
Arunachal Pradesh,26,Unmet need for spacing3 (%),%,6.5,,7.0,,-0.5
Arunachal Pradesh,27,Unmet need for limiting3 (%),%,2.4,,5.4,,-3.0
Arunachal Pradesh,28,Mothers who had an antenatal check-up in the first trimester (%),%,57.6,,53.1,,4.5
Arunachal Pradesh,29,Mothers who had any antenatal care visits (%),%,84.4,,75.3,,9.1
Arunachal Pradesh,30,Mothers who had at least 4 antenatal care visits (%),%,46.0,,36.6,,9.4
Arunachal Pradesh,31,Mothers whose last birth was protected against neonatal tetanus4 (%),%,87.3,,76.9,,10.4
Arunachal Pradesh,32,Mothers who consumed iron folic acid for 100 days or more when they were pregnant (%),%,31.3,,23.8,,7.5
Arunachal Pradesh,33,Mothers who consumed iron folic acid for 180 days or more when they were pregnant (%),%,19.8,,8.6,,11.2
Arunachal Pradesh,34,Registered pregnancies for which the mother received a Mother and Child Protection (MCP),MCP,97.2,,95.6,,1.6
Arunachal Pradesh,35,Institutional births (%),%,88.7,,79.2,,9.5
Arunachal Pradesh,36,Institutional births in public facility (%),%,83.0,,74.8,,8.2
Arunachal Pradesh,37,Births attended by skilled health personnel5 (%),%,88.1,,82.1,,6.0
Arunachal Pradesh,38,Births delivered by caesarean section (%),%,17.4,,14.8,,2.6
Arunachal Pradesh,39,Births in a private health facility that were delivered by caesarean section (%),%,62.1,,47.3,,14.8
Arunachal Pradesh,40,Births in a public health facility that were delivered by caesarean section (%),%,16.7,,17.0,,-0.3
Arunachal Pradesh,41,Mothers who received postnatal care from a doctor/nurse/LHV/ANM/midwife/other health,,61.5,,56.4,,5.1
Arunachal Pradesh,42,Children born at home who were taken to a health facility for a check-up within 24 hours of,,2.5,,2.3,,0.2
Arunachal Pradesh,43,Children who received postnatal care from a doctor/nurse/LHV/ANM/midwife/ other health,,64.3,,56.5,,7.8
Arunachal Pradesh,44,Children age 12-23 months fully vaccinated based on information from either vaccination card,,75.9,,64.9,,11.0
Arunachal Pradesh,45,Children age 12-23 months fully vaccinated based on information from vaccination card,,89.1,,76.4,,12.7
Arunachal Pradesh,46,Children age 12-23 months who have received any vaccine (%),%,90.8,,90.6,,0.2
Arunachal Pradesh,47,Children age 12-23 months who have received BCG (%),%,89.3,,87.9,,1.4
Arunachal Pradesh,48,Children age 12-23 months who have received 3 doses of polio vaccine8 (%),%,78.6,,69.0,,9.6
Arunachal Pradesh,49,Children age 12-23 months who have received 3 doses of pentavalent vaccine (%),%,82.0,,77.6,,4.4
Arunachal Pradesh,50,Children age 12-23 months who have received the first dose of measles-containing,,83.8,,80.7,,3.1
Arunachal Pradesh,51,Children age 24-35 months who have received a second dose of measles-containing,,65.7,,51.9,,13.8
Arunachal Pradesh,52,Children age 12-23 months who have received birth dose of hepatitis B vaccine (%),%,74.7,,65.1,,9.6
Arunachal Pradesh,53,Children age 12-23 months who have received 3 doses of rotavirus vaccine (%),%,79.3,,32.0,,47.3
Arunachal Pradesh,54,Children age 9-35 months who received a vitamin A dose in the last 6 months (%),%,74.9,,69.7,,5.2
Arunachal Pradesh,55,Children age 12-23 months who received most of their vaccinations in a public health,,97.2,,97.6,,-0.4
Arunachal Pradesh,56,Children age 12-23 months who received most of their vaccinations in a private health,,1.4,,0.7,,0.7
Arunachal Pradesh,57,Prevalence of diarrhoea in the 2 weeks preceding the survey (%),%,3.8,,5.1,,-1.3
Arunachal Pradesh,58,Prevalence of severe diarrhoea in the 2 weeks preceding the survey (%),%,0.4,,1.0,,-0.6
Arunachal Pradesh,59,Prevalence of symptoms of acute respiratory infection (ARI) in the 2 weeks preceding the,,0.5,,2.1,,-1.6
Arunachal Pradesh,60,Children with fever or symptoms of ARI in the 2 weeks preceding the survey taken to a health,,51.7,,47.1,,4.6
Arunachal Pradesh,61,Children under age 3 years breastfed within one hour of birth9 (%),%,47.8,,52.0,,-4.2
Arunachal Pradesh,62,Children under age 6 months exclusively breastfed10 (%),%,50.5,,63.4,,-12.9
Arunachal Pradesh,63,Children under age 6 months currently breastfeeding10 (%),%,95.1,,86.5,,8.6
Arunachal Pradesh,64,Children under age 6 months exclusively breastfed or breastfeeding and consuming plain,,63.9,,73.2,,-9.3
Arunachal Pradesh,65,Children age 6-8 months receiving solid or semi-solid food and breastmilk10 (%),%,68.4,,48.4,,20.0
Arunachal Pradesh,66,"Breastfeeding children age 6-23 months receiving an adequate diet10, 11 (%)",%,25.0,,22.6,,2.4
Arunachal Pradesh,67,"Non-breastfeeding children age 6-23 months receiving an adequate diet10, 11 (%)",%,15.1,,12.7,,2.4
Arunachal Pradesh,68,"Total children age 6-23 months receiving an adequate diet10, 11 (%)",%,24.0,,20.9,,3.1
Arunachal Pradesh,69,Children under 5 years who are stunted (height-for-age)12 (%),%,24.1,,28.0,,-3.9
Arunachal Pradesh,70,Children under 5 years who are wasted (weight-for-height)12 (%),%,16.1,,13.1,,3.0
Arunachal Pradesh,71,Children under 5 years who are severely wasted (weight-for-height)13 (%),%,8.0,,6.5,,1.5
Arunachal Pradesh,72,Children under 5 years who are underweight (weight-for-age)12 (%),%,18.2,,15.4,,2.8
Arunachal Pradesh,73,Children under 5 years who are overweight (weight-for-height)14 (%),%,8.8,,9.6,,-0.8
Arunachal Pradesh,74,Women whose Body Mass Index (BMI) is below normal (BMI <18.5 kg/m2)15 (%),%,6.8,,5.7,,1.1
Arunachal Pradesh,75,Men whose Body Mass Index (BMI) is below normal (BMI <18.5 kg/m2) (%),%,5.8,,4.9,,0.9
Arunachal Pradesh,76,Women who are overweight or obese (BMI ≥25.0 kg/m2)15 (%),%,29.3,,23.9,,5.4
Arunachal Pradesh,77,Men who are overweight or obese (BMI ≥25.0 kg/m2) (%),%,31.8,,27.6,,4.2
Arunachal Pradesh,78,Blood sugar level - high (141-160 mg/dl)16 (%),%,5.9,,4.6,,1.3
Arunachal Pradesh,79,Blood sugar level - very high (>160 mg/dl)16 (%),%,4.7,,3.1,,1.6
Arunachal Pradesh,80,Blood sugar level - high or very high (>140 mg/dl) or taking medicine to control blood,,11.2,,8.4,,2.8
Arunachal Pradesh,81,Blood sugar level - high (141-160 mg/dl)16 (%),%,6.6,,6.7,,-0.1
Arunachal Pradesh,82,Blood sugar level - very high (>160 mg/dl)16 (%),%,5.5,,4.3,,1.2
Arunachal Pradesh,83,Blood sugar level - high or very high (>140 mg/dl) or taking medicine to control blood,,12.7,,11.9,,0.8
Arunachal Pradesh,84,Mildly elevated blood pressure (Systolic 140-159 mm of Hg and/or,,16.0,,16.4,,-0.4
Arunachal Pradesh,85,Moderately or severely elevated blood pressure (Systolic ≥160 mm of Hg and/or,,6.8,,6.7,,0.1
Arunachal Pradesh,86,Elevated blood pressure (Systolic ≥140 mm of Hg and/or Diastolic ≥90 mm of Hg) or taking,,24.2,,24.9,,-0.7
Arunachal Pradesh,87,Mildly elevated blood pressure (Systolic 140-159 mm of Hg and/or,,22.2,,22.8,,-0.6
Arunachal Pradesh,88,Moderately or severely elevated blood pressure (Systolic ≥160 mm of Hg and/or,,4.1,,9.0,,-4.9
Arunachal Pradesh,89,Elevated blood pressure (Systolic ≥140 mm of Hg and/or Diastolic ≥90 mm of Hg) or taking,,31.3,,33.1,,-1.8
Arunachal Pradesh,90,Currently married women who usually participate in three household decisions17 (%),%,87.0,,87.0,,0.0
Arunachal Pradesh,91,Women who worked in the last 12 months and were paid in cash (%),%,41.8,,23.5,,18.3
Arunachal Pradesh,92,Women having a bank or savings account that they themselves use (%),%,91.2,,78.2,,13.0
Arunachal Pradesh,93,Women having a mobile phone that they themselves use (%),%,90.3,,76.4,,13.9
Arunachal Pradesh,94,Women age 15-24 years who use hygienic methods of protection during their menstrual,,96.7,,92.0,,4.7
Arunachal Pradesh,95,Ever-married women age 18-49 years who have ever experienced spousal violence19 (%),%,17.8,,24.9,,-7.1
Arunachal Pradesh,96,Ever-married women age 18-49 years who have experienced physical violence during any,,1.9,,3.0,,-1.1
Arunachal Pradesh,97,Young women age 18-29 years who experienced sexual violence by age 18 (%),%,0.2,,0.7,,-0.5
Arunachal Pradesh,98,Women age 15 years and above who use any kind of tobacco (%),%,19.1,,18.8,,0.3
Arunachal Pradesh,99,Men age 15 years and above who use any kind of tobacco (%),%,51.4,,50.3,,1.1
Arunachal Pradesh,100,Women age 15 years and above who consume alcohol (%),%,23.2,,24.2,,-1.0
Arunachal Pradesh,101,Men age 15 years and above who consume alcohol (%),%,50.5,,52.6,,-2.1
Assam,1,Population below age 5 years (%),%,6.9,,8.2,,-1.3
Assam,2,Population below age 15 years (%),%,25.7,,28.3,,-2.6
Assam,3,Population age 60 years and above (%),%,10.3,,8.6,,1.7
Assam,4,Population living in households with electricity (%),%,96.4,,92.6,,3.8
Assam,5,Population living in households with an improved drinking-water source1 (%),%,92.8,,86.0,,6.8
Assam,6,Households using iodized salt (%),%,97.5,,98.8,,-1.3
Assam,7,Households with any usual member covered under a health insurance/financing scheme (%),%,70.3,,66.7,,3.6
Assam,8,Households with any usual member having a bank account/post office account (%),%,97.6,,95.7,,1.9
Assam,9,Female population age 6 years and above who ever attended school (%),%,79.7,,78.2,,1.5
Assam,10,Households with any usual female members owning a house and/or land (alone or jointly with,,9.9,,8.3,,1.6
Assam,11,Children age 2-4 years who attended pre-school (%),%,52.9,,38.1,,14.8
Assam,12,Women with 10 or more years of schooling (%),%,37.1,,29.6,,7.5
Assam,13,Men with 10 or more years of schooling (%),%,41.7,,35.5,,6.2
Assam,14,Women who have ever used the internet (%),%,53.5,,28.2,,25.3
Assam,15,Men who have ever used the internet (%),%,70.4,,36.9,,33.5
Assam,16,Women age 20-24 years married before age 18 years (%),%,25.3,,31.8,,-6.5
Assam,17,Men age 25-29 years married before age 21 years (%),%,17.5,,21.8,,-4.3
Assam,18,Total fertility rate (children per woman),children per woman,1.6,,1.9,,-0.3
Assam,19,Women age 15-19 years who were already mothers or pregnant at the time of the survey (%),%,7.3,,11.7,,-4.4
Assam,20,Any method2 (%),%,71.0,,60.8,,10.2
Assam,21,Any modern method2 (%),%,53.4,,45.3,,8.1
Assam,22,Any traditional method (%),%,17.6,,15.5,,2.1
Assam,23,Female sterilization (%),%,7.7,,9.0,,-1.3
Assam,24,Male sterilization (%),%,0.3,,0.1,,0.2
Assam,25,Total unmet need3 (%),%,7.4,,11.0,,-3.6
Assam,26,Unmet need for spacing3 (%),%,4.1,,4.2,,-0.1
Assam,27,Unmet need for limiting3 (%),%,3.3,,6.8,,-3.5
Assam,28,Mothers who had an antenatal check-up in the first trimester (%),%,72.5,,63.8,,8.7
Assam,29,Mothers who had any antenatal care visits (%),%,90.2,,94.3,,-4.1
Assam,30,Mothers who had at least 4 antenatal care visits (%),%,51.4,,50.7,,0.7
Assam,31,Mothers whose last birth was protected against neonatal tetanus 4 (%),%,93.8,,94.5,,-0.7
Assam,32,Mothers who consumed iron folic acid for 100 days or more when they were pregnant (%),%,65.4,,47.5,,17.9
Assam,33,Mothers who consumed iron folic acid for 180 days or more when they were pregnant (%),%,44.0,,18.5,,25.5
Assam,34,Registered pregnancies for which the mother received a Mother and Child Protection (MCP),MCP,98.1,,98.7,,-0.6
Assam,35,Institutional births (%),%,87.6,,84.1,,3.5
Assam,36,Institutional births in public facility (%),%,75.6,,74.4,,1.2
Assam,37,Births attended by skilled health personnel5 (%),%,90.7,,86.1,,4.6
Assam,38,Births delivered by caesarean section (%),%,22.9,,18.1,,4.8
Assam,39,Births in a private health facility that were delivered by caesarean section (%),%,81.4,,70.6,,10.8
Assam,40,Births in a public health facility that were delivered by caesarean section (%),%,17.4,,15.2,,2.2
Assam,41,Mothers who received postnatal care from a doctor/nurse/LHV/ANM/midwife/other health,,67.4,,65.3,,2.1
Assam,42,Children born at home who were taken to a health facility for a check-up within 24 hours of,,7.1,,2.0,,5.1
Assam,43,Children who received postnatal care from a doctor/nurse/LHV/ANM/midwife/ other health,,69.5,,69.9,,-0.4
Assam,44,Children age 12-23 months fully vaccinated based on information from either vaccination,,81.7,,66.7,,15.0
Assam,45,Children age 12-23 months fully vaccinated based on information from vaccination card 71.8 only7 (%) 87.6,,87.8,,87.7,,0.1
Assam,46,Children age 12-23 months who have received any vaccine (%),%,95.5,,94.7,,0.8
Assam,47,Children age 12-23 months who have received BCG (%),%,94.0,,92.5,,1.5
Assam,48,Children age 12-23 months who have received 3 doses of polio vaccine 8 (%),%,84.1,,73.4,,10.7
Assam,49,Children age 12-23 months who have received 3 doses of pentavalent vaccine (%),%,88.6,,82.5,,6.1
Assam,50,Children age 12-23 months who have received the first dose of measles-containing,,90.5,,82.8,,7.7
Assam,51,Children age 24-35 months who have received a second dose of measles-containing,,68.1,,35.5,,32.6
Assam,52,Children age 12-23 months who have received birth dose of hepatitis B vaccine (%),%,71.7,,53.9,,17.8
Assam,53,Children age 12-23 months who have received 3 doses of rotavirus vaccine (%),%,87.4,,45.4,,42.0
Assam,54,Children age 9-35 months who received a vitamin A dose in the last 6 months (%),%,78.5,,58.2,,20.3
Assam,55,Children age 12-23 months who received most of their vaccinations in a public health,,95.9,,95.6,,0.3
Assam,56,Children age 12-23 months who received most of their vaccinations in a private health,,1.9,,2.3,,-0.4
Assam,57,Prevalence of diarrhoea in the 2 weeks preceding the survey (%),%,1.9,,5.5,,-3.6
Assam,58,Prevalence of severe diarrhoea in the 2 weeks preceding the survey (%),%,0.4,,0.8,,-0.4
Assam,59,Prevalence of symptoms of acute respiratory infection (ARI) in the 2 weeks preceding the,,0.6,,2.5,,-1.9
Assam,60,Children with fever or symptoms of ARI in the 2 weeks preceding the survey taken to a health,,44.4,,51.2,,-6.8
Assam,61,Children under age 3 years breastfed within one hour of birth 9 (%),%,54.8,,49.1,,5.7
Assam,62,Children under age 6 months exclusively breastfed10 (%),%,54.3,,63.6,,-9.3
Assam,63,Children under age 6 months currently breastfeeding 10 (%),%,98.4,,95.4,,3.0
Assam,64,Children under age 6 months exclusively breastfed or breastfeeding and consuming plain,,74.4,,77.8,,-3.4
Assam,65,Children age 6-8 months receiving solid or semi-solid food and breastmilk10 (%),%,66.6,,51.7,,14.9
Assam,66,"Breastfeeding children age 6-23 months receiving an adequate diet10, 11 (%)",%,16.0,,7.5,,8.5
Assam,67,"Non-breastfeeding children age 6-23 months receiving an adequate diet10, 11 (%)",%,23.6,,3.1,,20.5
Assam,68,"Total children age 6-23 months receiving an adequate diet10, 11 (%)",%,16.4,,7.2,,9.2
Assam,69,Children under 5 years who are stunted (height-for-age)12 (%),%,30.3,,35.3,,-5.0
Assam,70,Children under 5 years who are wasted (weight-for-height)12 (%),%,21.4,,21.7,,-0.3
Assam,71,Children under 5 years who are severely wasted (weight-for-height)13 (%),%,8.5,,9.0,,-0.5
Assam,72,Children under 5 years who are underweight (weight-for-age)12 (%),%,30.7,,32.8,,-2.1
Assam,73,Children under 5 years who are overweight (weight-for-height)14 (%),%,4.2,,4.8,,-0.6
Assam,74,Women whose Body Mass Index (BMI) is below normal (BMI <18.5 kg/m 2)15 (%),%,15.6,,17.7,,-2.1
Assam,75,Men whose Body Mass Index (BMI) is below normal (BMI <18.5 kg/m2) (%),%,15.7,,13.4,,2.3
Assam,76,Women who are overweight or obese (BMI ≥25.0 kg/m 2)15 (%),%,19.6,,15.2,,4.4
Assam,77,Men who are overweight or obese (BMI ≥25.0 kg/m2) (%),%,21.1,,16.2,,4.9
Assam,78,Blood sugar level - high (141-160 mg/dl)16 (%),%,5.8,,6.9,,-1.1
Assam,79,Blood sugar level - very high (>160 mg/dl)16 (%),%,6.1,,4.9,,1.2
Assam,80,Blood sugar level - high or very high (>140 mg/dl) or taking medicine to control blood,,12.5,,12.8,,-0.3
Assam,81,Blood sugar level - high (141-160 mg/dl)16 (%),%,7.4,,8.4,,-1.0
Assam,82,Blood sugar level - very high (>160 mg/dl)16 (%),%,7.6,,6.2,,1.4
Assam,83,Blood sugar level - high or very high (>140 mg/dl) or taking medicine to control blood,,15.6,,16.0,,-0.4
Assam,84,Mildly elevated blood pressure (Systolic 140-159 mm of Hg and/or,,11.3,,10.9,,0.4
Assam,85,Moderately or severely elevated blood pressure (Systolic ≥160 mm of Hg and/or,,5.3,,4.8,,0.5
Assam,86,Elevated blood pressure (Systolic ≥140 mm of Hg and/or Diastolic ≥90 mm of Hg) or taking,,19.6,,19.1,,0.5
Assam,87,Mildly elevated blood pressure (Systolic 140-159 mm of Hg and/or,,13.6,,12.8,,0.8
Assam,88,Moderately or severely elevated blood pressure (Systolic ≥160 mm of Hg and/or,,3.4,,4.4,,-1.0
Assam,89,Elevated blood pressure (Systolic ≥140 mm of Hg and/or Diastolic ≥90 mm of Hg) or taking,,21.4,,20.3,,1.1
Assam,90,Currently married women who usually participate in three household decisions 17 (%),%,86.7,,92.1,,-5.4
Assam,91,Women who worked in the last 12 months and were paid in cash (%),%,25.6,,19.0,,6.6
Assam,92,Women having a bank or savings account that they themselves use (%),%,91.7,,78.5,,13.2
Assam,93,Women having a mobile phone that they themselves use (%),%,66.8,,57.2,,9.6
Assam,94,Women age 15-24 years who use hygienic methods of protection during their menstrual,,75.1,,67.0,,8.1
Assam,95,Ever-married women age 18-49 years who have ever experienced spousal violence 19 (%),%,16.2,,32.2,,-16.0
Assam,96,Ever-married women age 18-49 years who have experienced physical violence during any,,2.0,,2.3,,-0.3
Assam,97,Young women age 18-29 years who experienced sexual violence by age 18 (%),%,0.9,,1.4,,-0.5
Assam,98,Women age 15 years and above who use any kind of tobacco (%),%,16.5,,22.2,,-5.7
Assam,99,Men age 15 years and above who use any kind of tobacco (%),%,45.2,,51.9,,-6.7
Assam,100,Women age 15 years and above who consume alcohol (%),%,5.8,,7.3,,-1.5
Assam,101,Men age 15 years and above who consume alcohol (%),%,23.8,,25.2,,-1.4
Bihar,1,Population below age 5 years (%),%,11.5,,11.7,,-0.2
Bihar,2,Population below age 15 years (%),%,35.6,,36.4,,-0.8
Bihar,3,Population age 60 years and above (%),%,11.5,,11.1,,0.4
Bihar,4,Population living in households with electricity (%),%,98.5,,96.3,,2.2
Bihar,5,Population living in households with an improved drinking-water source1 (%),%,99.8,,99.2,,0.6
Bihar,6,Households using iodized salt (%),%,93.0,,93.3,,-0.3
Bihar,7,Households with any usual member covered under a health insurance/financing scheme (%),%,21.1,,17.4,,3.7
Bihar,8,Households with any usual member having a bank account/post office account (%),%,98.5,,95.5,,3.0
Bihar,9,Female population age 6 years and above who ever attended school (%),%,64.1,,61.1,,3.0
Bihar,10,Households with any usual female members owning a house and/or land (alone or jointly with,,14.9,,10.6,,4.3
Bihar,11,Children age 2-4 years who attended pre-school (%),%,42.9,,36.0,,6.9
Bihar,12,Women with 10 or more years of schooling (%),%,33.1,,28.8,,4.3
Bihar,13,Men with 10 or more years of schooling (%),%,45.9,,42.8,,3.1
Bihar,14,Women who have ever used the internet (%),%,58.4,,20.6,,37.8
Bihar,15,Men who have ever used the internet (%),%,78.1,,35.4,,42.7
Bihar,16,Women age 20-24 years married before age 18 years (%),%,34.6,,40.8,,-6.2
Bihar,17,Men age 25-29 years married before age 21 years (%),%,29.6,,30.5,,-0.9
Bihar,18,Total fertility rate (children per woman),children per woman,2.7,,3.0,,-0.3
Bihar,19,Women age 15-19 years who were already mothers or pregnant at the time of the survey (%),%,11.4,,11.0,,0.4
Bihar,20,Any method2 (%),%,59.3,,55.8,,3.5
Bihar,21,Any modern method2 (%),%,44.7,,44.4,,0.3
Bihar,22,Any traditional method (%),%,14.6,,11.4,,3.2
Bihar,23,Female sterilization (%),%,37.6,,34.8,,2.8
Bihar,24,Male sterilization (%),%,0.2,,0.1,,0.1
Bihar,25,Total unmet need3 (%),%,14.4,,13.6,,0.8
Bihar,26,Unmet need for spacing3 (%),%,7.3,,6.1,,1.2
Bihar,27,Unmet need for limiting3 (%),%,7.1,,7.5,,-0.4
Bihar,28,Mothers who had an antenatal check-up in the first trimester (%),%,63.9,,52.9,,11.0
Bihar,29,Mothers who had any antenatal care visits (%),%,94.0,,81.6,,12.4
Bihar,30,Mothers who had at least 4 antenatal care visits (%),%,37.6,,25.2,,12.4
Bihar,31,Mothers whose last birth was protected against neonatal tetanus 4 (%),%,92.6,,89.5,,3.1
Bihar,32,Mothers who consumed iron folic acid for 100 days or more when they were pregnant (%),%,21.9,,18.0,,3.9
Bihar,33,Mothers who consumed iron folic acid for 180 days or more when they were pregnant (%),%,11.2,,9.2,,2.0
Bihar,34,Registered pregnancies for which the mother received a Mother and Child Protection (MCP),MCP,89.5,,89.5,,0.0
Bihar,35,Institutional births (%),%,81.1,,76.2,,4.9
Bihar,36,Institutional births in public facility (%),%,57.5,,56.9,,0.6
Bihar,37,Births attended by skilled health personnel5 (%),%,84.0,,78.9,,5.1
Bihar,38,Births delivered by caesarean section (%),%,13.2,,9.7,,3.5
Bihar,39,Births in a private health facility that were delivered by caesarean section (%),%,49.3,,39.6,,9.7
Bihar,40,Births in a public health facility that were delivered by caesarean section (%),%,2.7,,3.6,,-0.9
Bihar,41,Mothers who received postnatal care from a doctor/nurse/LHV/ANM/midwife/other health,,69.9,,57.3,,12.6
Bihar,42,Children born at home who were taken to a health facility for a check-up within 24 hours of,,3.4,,2.9,,0.5
Bihar,43,Children who received postnatal care from a doctor/nurse/LHV/ANM/midwife/ other health,,76.2,,59.3,,16.9
Bihar,44,Children age 12-23 months fully vaccinated based on information from either vaccination,,77.3,,71.0,,6.3
Bihar,45,Children age 12-23 months fully vaccinated based on information from vaccination card 82.7 only7 (%) 89.0,,85.6,,86.0,,-0.4
Bihar,46,Children age 12-23 months who have received any vaccine (%),%,97.1,,96.8,,0.3
Bihar,47,Children age 12-23 months who have received BCG (%),%,95.3,,95.5,,-0.2
Bihar,48,Children age 12-23 months who have received 3 doses of polio vaccine 8 (%),%,79.3,,75.5,,3.8
Bihar,49,Children age 12-23 months who have received 3 doses of pentavalent vaccine (%),%,87.6,,85.2,,2.4
Bihar,50,Children age 12-23 months who have received the first dose of measles-containing,,89.9,,85.7,,4.2
Bihar,51,Children age 24-35 months who have received a second dose of measles-containing,,66.2,,55.7,,10.5
Bihar,52,Children age 12-23 months who have received birth dose of hepatitis B vaccine (%),%,74.9,,68.2,,6.7
Bihar,53,Children age 12-23 months who have received 3 doses of rotavirus vaccine (%),%,84.3,,3.4,,80.9
Bihar,54,Children age 9-35 months who received a vitamin A dose in the last 6 months (%),%,61.5,,56.0,,5.5
Bihar,55,Children age 12-23 months who received most of their vaccinations in a public health,,96.8,,96.6,,0.2
Bihar,56,Children age 12-23 months who received most of their vaccinations in a private health,,2.1,,2.2,,-0.1
Bihar,57,Prevalence of diarrhoea in the 2 weeks preceding the survey (%),%,7.7,,13.7,,-6.0
Bihar,58,Prevalence of severe diarrhoea in the 2 weeks preceding the survey (%),%,0.4,,1.1,,-0.7
Bihar,59,Prevalence of symptoms of acute respiratory infection (ARI) in the 2 weeks preceding the,,3.2,,3.5,,-0.3
Bihar,60,Children with fever or symptoms of ARI in the 2 weeks preceding the survey taken to a health,,65.7,,69.4,,-3.7
Bihar,61,Children under age 3 years breastfed within one hour of birth 9 (%),%,51.9,,31.1,,20.8
Bihar,62,Children under age 6 months exclusively breastfed10 (%),%,62.5,,58.9,,3.6
Bihar,63,Children under age 6 months currently breastfeeding 10 (%),%,96.9,,94.9,,2.0
Bihar,64,Children under age 6 months exclusively breastfed or breastfeeding and consuming plain,,93.4,,84.3,,9.1
Bihar,65,Children age 6-8 months receiving solid or semi-solid food and breastmilk10 (%),%,53.0,,39.0,,14.0
Bihar,66,"Breastfeeding children age 6-23 months receiving an adequate diet10, 11 (%)",%,12.0,,10.7,,1.3
Bihar,67,"Non-breastfeeding children age 6-23 months receiving an adequate diet10, 11 (%)",%,11.2,,11.5,,-0.3
Bihar,68,"Total children age 6-23 months receiving an adequate diet10, 11 (%)",%,11.9,,10.8,,1.1
Bihar,69,Children under 5 years who are stunted (height-for-age)12 (%),%,35.6,,42.9,,-7.3
Bihar,70,Children under 5 years who are wasted (weight-for-height)12 (%),%,19.0,,22.9,,-3.9
Bihar,71,Children under 5 years who are severely wasted (weight-for-height)13 (%),%,4.7,,8.8,,-4.1
Bihar,72,Children under 5 years who are underweight (weight-for-age)12 (%),%,35.7,,41.0,,-5.3
Bihar,73,Children under 5 years who are overweight (weight-for-height)14 (%),%,0.8,,2.4,,-1.6
Bihar,74,Women whose Body Mass Index (BMI) is below normal (BMI <18.5 kg/m 2)15 (%),%,26.3,,25.6,,0.7
Bihar,75,Men whose Body Mass Index (BMI) is below normal (BMI <18.5 kg/m2) (%),%,24.5,,21.6,,2.9
Bihar,76,Women who are overweight or obese (BMI ≥25.0 kg/m 2)15 (%),%,19.8,,16.0,,3.8
Bihar,77,Men who are overweight or obese (BMI ≥25.0 kg/m2) (%),%,19.4,,14.7,,4.7
Bihar,78,Blood sugar level - high (141-160 mg/dl)16 (%),%,6.3,,6.4,,-0.1
Bihar,79,Blood sugar level - very high (>160 mg/dl)16 (%),%,6.3,,5.4,,0.9
Bihar,80,Blood sugar level - high or very high (>140 mg/dl) or taking medicine to control blood,,13.1,,12.7,,0.4
Bihar,81,Blood sugar level - high (141-160 mg/dl)16 (%),%,7.9,,8.3,,-0.4
Bihar,82,Blood sugar level - very high (>160 mg/dl)16 (%),%,8.7,,7.0,,1.7
Bihar,83,Blood sugar level - high or very high (>140 mg/dl) or taking medicine to control blood,,17.3,,16.2,,1.1
Bihar,84,Mildly elevated blood pressure (Systolic 140-159 mm of Hg and/or,,7.3,,8.7,,-1.4
Bihar,85,Moderately or severely elevated blood pressure (Systolic ≥160 mm of Hg and/or,,3.9,,3.6,,0.3
Bihar,86,Elevated blood pressure (Systolic ≥140 mm of Hg and/or Diastolic ≥90 mm of Hg) or taking,,14.1,,15.9,,-1.8
Bihar,87,Mildly elevated blood pressure (Systolic 140-159 mm of Hg and/or,,10.3,,11.1,,-0.8
Bihar,88,Moderately or severely elevated blood pressure (Systolic ≥160 mm of Hg and/or,,3.3,,4.3,,-1.0
Bihar,89,Elevated blood pressure (Systolic ≥140 mm of Hg and/or Diastolic ≥90 mm of Hg) or taking,,17.8,,18.4,,-0.6
Bihar,90,Currently married women who usually participate in three household decisions 17 (%),%,85.1,,86.5,,-1.4
Bihar,91,Women who worked in the last 12 months and were paid in cash (%),%,16.5,,12.6,,3.9
Bihar,92,Women having a bank or savings account that they themselves use (%),%,90.9,,76.7,,14.2
Bihar,93,Women having a mobile phone that they themselves use (%),%,62.8,,51.4,,11.4
Bihar,94,Women age 15-24 years who use hygienic methods of protection during their menstrual,,63.0,,59.2,,3.8
Bihar,95,Ever-married women age 18-49 years who have ever experienced spousal violence 19 (%),%,36.1,,40.1,,-4.0
Bihar,96,Ever-married women age 18-49 years who have experienced physical violence during any,,5.4,,2.8,,2.6
Bihar,97,Young women age 18-29 years who experienced sexual violence by age 18 (%),%,2.1,,1.8,,0.3
Bihar,98,Women age 15 years and above who use any kind of tobacco (%),%,4.0,,5.0,,-1.0
Bihar,99,Men age 15 years and above who use any kind of tobacco (%),%,45.8,,48.9,,-3.1
Bihar,100,Women age 15 years and above who consume alcohol (%),%,0.4,,0.4,,0.0
Bihar,101,Men age 15 years and above who consume alcohol (%),%,16.5,,15.4,,1.1
Chandigarh,1,Population below age 5 years (%),%,6.1,,5.9,,0.2
Chandigarh,2,Population below age 15 years (%),%,20.7,,23.3,,-2.6
Chandigarh,3,Population age 60 years and above (%),%,10.9,,10.9,,0.0
Chandigarh,4,Population living in households with electricity (%),%,99.6,,99.9,,-0.3
Chandigarh,5,Population living in households with an improved drinking-water source1 (%),%,99.9,,99.1,,0.8
Chandigarh,6,Households using iodized salt (%),%,96.5,,96.8,,-0.3
Chandigarh,7,Households with any usual member covered under a health insurance/financing scheme (%),%,42.8,,32.2,,10.6
Chandigarh,8,Households with any usual member having a bank account/post office account (%),%,96.9,,96.9,,0.0
Chandigarh,9,Female population age 6 years and above who ever attended school (%),%,87.8,,86.7,,1.1
Chandigarh,10,Households with any usual female members owning a house and/or land (alone or jointly with,,13.7,,6.7,,7.0
Chandigarh,11,Children age 2-4 years who attended pre-school (%),%,52.6,,26.5,,26.1
Chandigarh,12,Women with 10 or more years of schooling (%),%,70.1,,59.6,,10.5
Chandigarh,13,Men with 10 or more years of schooling (%),%,88.4,,64.5,,23.9
Chandigarh,14,Women who have ever used the internet (%),%,83.9,,75.2,,8.7
Chandigarh,15,Men who have ever used the internet (%),%,94.3,,91.9,,2.4
Chandigarh,16,Women age 20-24 years married before age 18 years (%),%,5.2,,9.7,,-4.5
Chandigarh,17,Men age 25-29 years married before age 21 years (%),%,,Y,,Y,
Chandigarh,18,Total fertility rate (children per woman),children per woman,1.8,,1.4,,0.4
Chandigarh,19,Women age 15-19 years who were already mothers or pregnant at the time of the survey (%),%,0.0,,0.8,,-0.8
Chandigarh,20,Any method2 (%),%,70.9,,77.4,,-6.5
Chandigarh,21,Any modern method2 (%),%,48.1,,55.6,,-7.5
Chandigarh,22,Any traditional method (%),%,22.8,,21.8,,1.0
Chandigarh,23,Female sterilization (%),%,16.7,,19.0,,-2.3
Chandigarh,24,Male sterilization (%),%,0.3,,0.3,,0.0
Chandigarh,25,Total unmet need3 (%),%,7.6,,6.9,,0.7
Chandigarh,26,Unmet need for spacing3 (%),%,3.3,,2.5,,0.8
Chandigarh,27,Unmet need for limiting3 (%),%,4.3,,4.4,,-0.1
Chandigarh,28,Mothers who had an antenatal check-up in the first trimester (%),%,75.0,,82.3,,-7.3
Chandigarh,29,Mothers who had any antenatal care visits (%),%,87.7,,99.4,,-11.7
Chandigarh,30,Mothers who had at least 4 antenatal care visits (%),%,55.8,,79.4,,-23.6
Chandigarh,31,Mothers whose last birth was protected against neonatal tetanus4 (%),%,97.2,,93.1,,4.1
Chandigarh,32,Mothers who consumed iron folic acid for 100 days or more when they were pregnant (%),%,77.8,,73.9,,3.9
Chandigarh,33,Mothers who consumed iron folic acid for 180 days or more when they were pregnant (%),%,60.0,,64.5,,-4.5
Chandigarh,34,Registered pregnancies for which the mother received a Mother and Child Protection (MCP),MCP,96.5,,97.2,,-0.7
Chandigarh,35,Institutional births (%),%,95.8,,96.9,,-1.1
Chandigarh,36,Institutional births in public facility (%),%,80.2,,83.2,,-3.0
Chandigarh,37,Births attended by skilled health personnel5 (%),%,97.0,,97.0,,0.0
Chandigarh,38,Births delivered by caesarean section (%),%,36.1,,31.3,,4.8
Chandigarh,39,Births in a private health facility that were delivered by caesarean section (%),%,65.0,Y,44.3,Y,20.7
Chandigarh,40,Births in a public health facility that were delivered by caesarean section (%),%,32.3,,30.4,,1.9
Chandigarh,41,Mothers who received postnatal care from a doctor/nurse/LHV/ANM/midwife/other health,,87.9,,90.6,,-2.7
Chandigarh,42,Children born at home who were taken to a health facility for a check-up within 24 hours of,,,Y,,Y,
Chandigarh,43,Children who received postnatal care from a doctor/nurse/LHV/ANM/midwife/ other health,,90.6,,89.3,,1.3
Chandigarh,44,Children age 12-23 months fully vaccinated based on information from either vaccination card,,82.1,Y,80.9,Y,1.2
Chandigarh,45,Children age 12-23 months fully vaccinated based on information from vaccination card,,85.9,Y,82.8,Y,3.1
Chandigarh,46,Children age 12-23 months who have received any vaccine (%),%,100.0,Y,96.8,Y,3.2
Chandigarh,47,Children age 12-23 months who have received BCG (%),%,100.0,Y,96.8,Y,3.2
Chandigarh,48,Children age 12-23 months who have received 3 doses of polio vaccine8 (%),%,84.6,Y,80.9,Y,3.7
Chandigarh,49,Children age 12-23 months who have received 3 doses of pentavalent vaccine (%),%,93.6,Y,87.9,Y,5.7
Chandigarh,50,Children age 12-23 months who have received the first dose of measles-containing,,90.7,Y,87.9,Y,2.8
Chandigarh,51,Children age 24-35 months who have received a second dose of measles-containing,,91.8,Y,75.5,Y,16.3
Chandigarh,52,Children age 12-23 months who have received birth dose of hepatitis B vaccine (%),%,99.0,Y,87.3,Y,11.7
Chandigarh,53,Children age 12-23 months who have received 3 doses of rotavirus vaccine (%),%,93.6,Y,84.9,Y,8.7
Chandigarh,54,Children age 9-35 months who received a vitamin A dose in the last 6 months (%),%,75.6,,72.6,,3.0
Chandigarh,55,Children age 12-23 months who received most of their vaccinations in a public health,,93.2,Y,92.9,Y,0.3
Chandigarh,56,Children age 12-23 months who received most of their vaccinations in a private health,,6.8,Y,7.1,Y,-0.3
Chandigarh,57,Prevalence of diarrhoea in the 2 weeks preceding the survey (%),%,6.3,,4.3,,2.0
Chandigarh,58,Prevalence of severe diarrhoea in the 2 weeks preceding the survey (%),%,0.5,,0.0,,0.5
Chandigarh,59,Prevalence of symptoms of acute respiratory infection (ARI) in the 2 weeks preceding the,,1.0,,0.3,,0.7
Chandigarh,60,Children with fever or symptoms of ARI in the 2 weeks preceding the survey taken to a health,,92.1,Y,,Y,
Chandigarh,61,Children under age 3 years breastfed within one hour of birth9 (%),%,41.6,,63.7,,-22.1
Chandigarh,62,Children under age 6 months exclusively breastfed10 (%),%,,Y,,Y,
Chandigarh,63,Children under age 6 months currently breastfeeding10 (%),%,,Y,,Y,
Chandigarh,64,Children under age 6 months exclusively breastfed or breastfeeding and consuming plain,,,Y,,Y,
Chandigarh,65,Children age 6-8 months receiving solid or semi-solid food and breastmilk10 (%),%,,Y,,Y,
Chandigarh,66,"Breastfeeding children age 6-23 months receiving an adequate diet10, 11 (%)",%,7.4,Y,22.7,Y,-15.3
Chandigarh,67,"Non-breastfeeding children age 6-23 months receiving an adequate diet10, 11 (%)",%,,Y,,Y,
Chandigarh,68,"Total children age 6-23 months receiving an adequate diet10, 11 (%)",%,13.9,,19.0,Y,-5.1
Chandigarh,69,Children under 5 years who are stunted (height-for-age)12 (%),%,19.0,,25.3,,-6.3
Chandigarh,70,Children under 5 years who are wasted (weight-for-height)12 (%),%,19.5,,8.4,,11.1
Chandigarh,71,Children under 5 years who are severely wasted (weight-for-height)13 (%),%,3.3,,2.3,,1.0
Chandigarh,72,Children under 5 years who are underweight (weight-for-age)12 (%),%,31.6,,20.6,,11.0
Chandigarh,73,Children under 5 years who are overweight (weight-for-height)14 (%),%,4.1,,1.8,,2.3
Chandigarh,74,Women whose Body Mass Index (BMI) is below normal (BMI <18.5 kg/m2)15 (%),%,10.2,,13.0,,-2.8
Chandigarh,75,Men whose Body Mass Index (BMI) is below normal (BMI <18.5 kg/m2) (%),%,7.0,,15.1,,-8.1
Chandigarh,76,Women who are overweight or obese (BMI ≥25.0 kg/m2)15 (%),%,41.9,,44.0,,-2.1
Chandigarh,77,Men who are overweight or obese (BMI ≥25.0 kg/m2) (%),%,48.5,,34.4,,14.1
Chandigarh,78,Blood sugar level - high (141-160 mg/dl)16 (%),%,6.7,,6.0,,0.7
Chandigarh,79,Blood sugar level - very high (>160 mg/dl)16 (%),%,10.0,,12.0,,-2.0
Chandigarh,80,Blood sugar level - high or very high (>140 mg/dl) or taking medicine to control blood,,17.8,,19.0,,-1.2
Chandigarh,81,Blood sugar level - high (141-160 mg/dl)16 (%),%,6.0,,7.1,,-1.1
Chandigarh,82,Blood sugar level - very high (>160 mg/dl)16 (%),%,9.8,,8.8,,1.0
Chandigarh,83,Blood sugar level - high or very high (>140 mg/dl) or taking medicine to control blood,,17.1,,16.6,,0.5
Chandigarh,84,Mildly elevated blood pressure (Systolic 140-159 mm of Hg and/or,,11.0,,14.5,,-3.5
Chandigarh,85,Moderately or severely elevated blood pressure (Systolic ≥160 mm of Hg and/or,,4.4,,5.6,,-1.2
Chandigarh,86,Elevated blood pressure (Systolic ≥140 mm of Hg and/or Diastolic ≥90 mm of Hg) or taking,,22.4,,25.0,,-2.6
Chandigarh,87,Mildly elevated blood pressure (Systolic 140-159 mm of Hg and/or,,13.2,,18.6,,-5.4
Chandigarh,88,Moderately or severely elevated blood pressure (Systolic ≥160 mm of Hg and/or,,4.6,,8.7,,-4.1
Chandigarh,89,Elevated blood pressure (Systolic ≥140 mm of Hg and/or Diastolic ≥90 mm of Hg) or taking,,24.4,,30.6,,-6.2
Chandigarh,90,Currently married women who usually participate in three household decisions17 (%),%,96.0,,94.6,,1.4
Chandigarh,91,Women who worked in the last 12 months and were paid in cash (%),%,29.7,,22.0,,7.7
Chandigarh,92,Women having a bank or savings account that they themselves use (%),%,87.7,,87.1,,0.6
Chandigarh,93,Women having a mobile phone that they themselves use (%),%,84.4,,70.0,,14.4
Chandigarh,94,Women age 15-24 years who use hygienic methods of protection during their menstrual,,98.8,,94.5,,4.3
Chandigarh,95,Ever-married women age 18-49 years who have ever experienced spousal violence19 (%),%,8.5,,9.7,,-1.2
Chandigarh,96,Ever-married women age 18-49 years who have experienced physical violence during any,,3.0,,0.0,,3.0
Chandigarh,97,Young women age 18-29 years who experienced sexual violence by age 18 (%),%,0.0,Y,,Y,
Chandigarh,98,Women age 15 years and above who use any kind of tobacco (%),%,0.5,,0.6,,-0.1
Chandigarh,99,Men age 15 years and above who use any kind of tobacco (%),%,15.1,,11.9,,3.2
Chandigarh,100,Women age 15 years and above who consume alcohol (%),%,1.1,,0.3,,0.8
Chandigarh,101,Men age 15 years and above who consume alcohol (%),%,21.6,,18.6,,3.0
Chhattisgarh,1,Population below age 5 years (%),%,7.6,,7.7,,-0.1
Chhattisgarh,2,Population below age 15 years (%),%,24.7,,25.4,,-0.7
Chhattisgarh,3,Population age 60 years and above (%),%,11.4,,10.5,,0.9
Chhattisgarh,4,Population living in households with electricity (%),%,98.9,,98.8,,0.1
Chhattisgarh,5,Population living in households with an improved drinking-water source1 (%),%,94.5,,95.5,,-1.0
Chhattisgarh,6,Households using iodized salt (%),%,98.1,,98.5,,-0.4
Chhattisgarh,7,Households with any usual member covered under a health insurance/financing scheme (%),%,90.5,,71.4,,19.1
Chhattisgarh,8,Households with any usual member having a bank account/post office account (%),%,99.0,,94.7,,4.3
Chhattisgarh,9,Female population age 6 years and above who ever attended school (%),%,71.6,,69.3,,2.3
Chhattisgarh,10,Households with any usual female members owning a house and/or land (alone or jointly with,,17.5,,13.6,,3.9
Chhattisgarh,11,Children age 2-4 years who attended pre-school (%),%,52.9,,32.9,,20.0
Chhattisgarh,12,Women with 10 or more years of schooling (%),%,41.9,,36.9,,5.0
Chhattisgarh,13,Men with 10 or more years of schooling (%),%,46.3,,41.5,,4.8
Chhattisgarh,14,Women who have ever used the internet (%),%,54.4,,26.7,,27.7
Chhattisgarh,15,Men who have ever used the internet (%),%,76.4,,56.3,,20.1
Chhattisgarh,16,Women age 20-24 years married before age 18 years (%),%,10.1,,12.1,,-2.0
Chhattisgarh,17,Men age 25-29 years married before age 21 years (%),%,14.1,,16.2,,-2.1
Chhattisgarh,18,Total fertility rate (children per woman),children per woman,1.9,,1.8,,0.1
Chhattisgarh,19,Women age 15-19 years who were already mothers or pregnant at the time of the survey (%),%,4.2,,3.1,,1.1
Chhattisgarh,20,Any method2 (%),%,64.1,,67.8,,-3.7
Chhattisgarh,21,Any modern method2 (%),%,53.9,,61.7,,-7.8
Chhattisgarh,22,Any traditional method (%),%,10.2,,6.1,,4.1
Chhattisgarh,23,Female sterilization (%),%,42.4,,47.5,,-5.1
Chhattisgarh,24,Male sterilization (%),%,1.4,,0.8,,0.6
Chhattisgarh,25,Total unmet need3 (%),%,10.8,,8.3,,2.5
Chhattisgarh,26,Unmet need for spacing3 (%),%,5.6,,3.5,,2.1
Chhattisgarh,27,Unmet need for limiting3 (%),%,5.2,,4.8,,0.4
Chhattisgarh,28,Mothers who had an antenatal check-up in the first trimester (%),%,72.7,,65.7,,7.0
Chhattisgarh,29,Mothers who had any antenatal care visits (%),%,93.0,,93.4,,-0.4
Chhattisgarh,30,Mothers who had at least 4 antenatal care visits (%),%,68.8,,60.4,,8.4
Chhattisgarh,31,Mothers whose last birth was protected against neonatal tetanus 4 (%),%,92.7,,91.9,,0.8
Chhattisgarh,32,Mothers who consumed iron folic acid for 100 days or more when they were pregnant (%),%,65.6,,44.9,,20.7
Chhattisgarh,33,Mothers who consumed iron folic acid for 180 days or more when they were pregnant (%),%,48.5,,26.3,,22.2
Chhattisgarh,34,Registered pregnancies for which the mother received a Mother and Child Protection (MCP),MCP,94.5,,97.5,,-3.0
Chhattisgarh,35,Institutional births (%),%,86.9,,85.7,,1.2
Chhattisgarh,36,Institutional births in public facility (%),%,69.1,,70.0,,-0.9
Chhattisgarh,37,Births attended by skilled health personnel5 (%),%,88.6,,88.8,,-0.2
Chhattisgarh,38,Births delivered by caesarean section (%),%,20.0,,15.2,,4.8
Chhattisgarh,39,Births in a private health facility that were delivered by caesarean section (%),%,64.9,,57.0,,7.9
Chhattisgarh,40,Births in a public health facility that were delivered by caesarean section (%),%,12.2,,8.9,,3.3
Chhattisgarh,41,Mothers who received postnatal care from a doctor/nurse/LHV/ANM/midwife/other health,,81.6,,84.0,,-2.4
Chhattisgarh,42,Children born at home who were taken to a health facility for a check-up within 24 hours of,,17.6,,9.8,,7.8
Chhattisgarh,43,Children who received postnatal care from a doctor/nurse/LHV/ANM/midwife/ other health,,83.8,,81.7,,2.1
Chhattisgarh,44,Children age 12-23 months fully vaccinated based on information from either vaccination card,,77.9,,79.7,,-1.8
Chhattisgarh,45,Children age 12-23 months fully vaccinated based on information from vaccination card,,84.6,,84.8,,-0.2
Chhattisgarh,46,Children age 12-23 months who have received any vaccine (%),%,95.4,,97.5,,-2.1
Chhattisgarh,47,Children age 12-23 months who have received BCG (%),%,93.2,,96.4,,-3.2
Chhattisgarh,48,Children age 12-23 months who have received 3 doses of polio vaccine 8 (%),%,81.3,,84.2,,-2.9
Chhattisgarh,49,Children age 12-23 months who have received 3 doses of pentavalent vaccine (%),%,85.4,,87.5,,-2.1
Chhattisgarh,50,Children age 12-23 months who have received the first dose of measles-containing,,89.9,,90.2,,-0.3
Chhattisgarh,51,Children age 24-35 months who have received a second dose of measles-containing,,64.1,,56.3,,7.8
Chhattisgarh,52,Children age 12-23 months who have received birth dose of hepatitis B vaccine (%),%,77.7,,70.6,,7.1
Chhattisgarh,53,Children age 12-23 months who have received 3 doses of rotavirus vaccine (%),%,83.8,,50.4,,33.4
Chhattisgarh,54,Children age 9-35 months who received a vitamin A dose in the last 6 months (%),%,79.9,,84.5,,-4.6
Chhattisgarh,55,Children age 12-23 months who received most of their vaccinations in a public health,,98.0,,96.6,,1.4
Chhattisgarh,56,Children age 12-23 months who received most of their vaccinations in a private health,,1.0,,3.1,,-2.1
Chhattisgarh,57,Prevalence of diarrhoea in the 2 weeks preceding the survey (%),%,7.4,,3.6,,3.8
Chhattisgarh,58,Prevalence of severe diarrhoea in the 2 weeks preceding the survey (%),%,0.5,,0.3,,0.2
Chhattisgarh,59,Prevalence of symptoms of acute respiratory infection (ARI) in the 2 weeks preceding the,,0.7,,1.5,,-0.8
Chhattisgarh,60,Children with fever or symptoms of ARI in the 2 weeks preceding the survey taken to a health,,77.0,,63.6,,13.4
Chhattisgarh,61,Children under age 3 years breastfed within one hour of birth 9 (%),%,51.7,,32.2,,19.5
Chhattisgarh,62,Children under age 6 months exclusively breastfed10 (%),%,75.8,,80.3,,-4.5
Chhattisgarh,63,Children under age 6 months currently breastfeeding 10 (%),%,95.8,,98.0,,-2.2
Chhattisgarh,64,Children under age 6 months exclusively breastfed or breastfeeding and consuming plain,,88.2,,87.0,,1.2
Chhattisgarh,65,Children age 6-8 months receiving solid or semi-solid food and breastmilk10 (%),%,60.3,,41.3,,19.0
Chhattisgarh,66,"Breastfeeding children age 6-23 months receiving an adequate diet10, 11 (%)",%,12.6,,9.5,,3.1
Chhattisgarh,67,"Non-breastfeeding children age 6-23 months receiving an adequate diet10, 11 (%)",%,9.3,,2.5,,6.8
Chhattisgarh,68,"Total children age 6-23 months receiving an adequate diet10, 11 (%)",%,12.4,,9.1,,3.3
Chhattisgarh,69,Children under 5 years who are stunted (height-for-age)12 (%),%,27.5,,34.6,,-7.1
Chhattisgarh,70,Children under 5 years who are wasted (weight-for-height)12 (%),%,21.1,,18.9,,2.2
Chhattisgarh,71,Children under 5 years who are severely wasted (weight-for-height)13 (%),%,6.7,,7.5,,-0.8
Chhattisgarh,72,Children under 5 years who are underweight (weight-for-age)12 (%),%,34.7,,31.3,,3.4
Chhattisgarh,73,Children under 5 years who are overweight (weight-for-height)14 (%),%,0.7,,4.0,,-3.3
Chhattisgarh,74,Women whose Body Mass Index (BMI) is below normal (BMI <18.5 kg/m 2)15 (%),%,25.2,,23.1,,2.1
Chhattisgarh,75,Men whose Body Mass Index (BMI) is below normal (BMI <18.5 kg/m2) (%),%,26.4,,17.4,,9.0
Chhattisgarh,76,Women who are overweight or obese (BMI ≥25.0 kg/m 2)15 (%),%,20.3,,14.1,,6.2
Chhattisgarh,77,Men who are overweight or obese (BMI ≥25.0 kg/m2) (%),%,16.1,,15.0,,1.1
Chhattisgarh,78,Blood sugar level - high (141-160 mg/dl)16 (%),%,7.6,,4.5,,3.1
Chhattisgarh,79,Blood sugar level - very high (>160 mg/dl)16 (%),%,7.8,,3.8,,4.0
Chhattisgarh,80,Blood sugar level - high or very high (>140 mg/dl) or taking medicine to control blood,,16.2,,9.0,,7.2
Chhattisgarh,81,Blood sugar level - high (141-160 mg/dl)16 (%),%,9.7,,5.4,,4.3
Chhattisgarh,82,Blood sugar level - very high (>160 mg/dl)16 (%),%,10.3,,4.4,,5.9
Chhattisgarh,83,Blood sugar level - high or very high (>140 mg/dl) or taking medicine to control blood,,20.9,,10.8,,10.1
Chhattisgarh,84,Mildly elevated blood pressure (Systolic 140-159 mm of Hg and/or,,8.8,,14.8,,-6.0
Chhattisgarh,85,Moderately or severely elevated blood pressure (Systolic ≥160 mm of Hg and/or,,5.2,,6.8,,-1.6
Chhattisgarh,86,Mildly elevated blood pressure (Systolic 140-159 mm of Hg and/or Diastolic 90-99 mm,,18.4,,23.6,,-5.2
Chhattisgarh,87,Mildly elevated blood pressure (Systolic 140-159 mm of Hg and/or,,11.6,,19.0,,-7.4
Chhattisgarh,88,Moderately or severely elevated blood pressure (Systolic ≥160 mm of Hg and/or,,3.2,,7.5,,-4.3
Chhattisgarh,89,Elevated blood pressure (Systolic ≥140 mm of Hg and/or Diastolic ≥90 mm of Hg) or taking,,20.8,,27.7,,-6.9
Chhattisgarh,90,Currently married women who usually participate in three household decisions 17 (%),%,94.4,,92.7,,1.7
Chhattisgarh,91,Women who worked in the last 12 months and were paid in cash (%),%,42.8,,39.1,,3.7
Chhattisgarh,92,Women having a bank or savings account that they themselves use (%),%,93.4,,80.3,,13.1
Chhattisgarh,93,Women having a mobile phone that they themselves use (%),%,47.8,,40.7,,7.1
Chhattisgarh,94,Women age 15-24 years who use hygienic methods of protection during their menstrual,,72.7,,69.0,,3.7
Chhattisgarh,95,Ever-married women age 18-49 years who have ever experienced spousal violence 19 (%),%,16.1,,20.1,,-4.0
Chhattisgarh,96,Ever-married women age 18-49 years who have experienced physical violence during any,,1.9,,0.9,,1.0
Chhattisgarh,97,Young women age 18-29 years who experienced sexual violence by age 18 (%),%,0.5,,0.8,,-0.3
Chhattisgarh,98,Women age 15 years and above who use any kind of tobacco (%),%,18.7,,17.3,,1.4
Chhattisgarh,99,Men age 15 years and above who use any kind of tobacco (%),%,45.3,,43.1,,2.2
Chhattisgarh,100,Women age 15 years and above who consume alcohol (%),%,5.7,,4.9,,0.8
Chhattisgarh,101,Men age 15 years and above who consume alcohol (%),%,38.3,,34.7,,3.6
Dadra & Nagar Haveli and Daman & Diu,1,Population below age 5 years (%),%,7.5,,8.2,,-0.7
Dadra & Nagar Haveli and Daman & Diu,2,Population below age 15 years (%),%,23.1,,25.4,,-2.3
Dadra & Nagar Haveli and Daman & Diu,3,Population age 60 years and above (%),%,6.0,,6.9,,-0.9
Dadra & Nagar Haveli and Daman & Diu,4,Population living in households with electricity (%),%,99.7,,99.7,,0.0
Dadra & Nagar Haveli and Daman & Diu,5,Population living in households with an improved drinking-water source1 (%),%,98.0,,95.4,,2.6
Dadra & Nagar Haveli and Daman & Diu,6,Households using iodized salt (%),%,97.0,,89.1,,7.9
Dadra & Nagar Haveli and Daman & Diu,7,Households with any usual member covered under a health insurance/financing scheme (%),%,55.3,,56.6,,-1.3
Dadra & Nagar Haveli and Daman & Diu,8,Households with any usual member having a bank account/post office account (%),%,98.0,,92.9,,5.1
Dadra & Nagar Haveli and Daman & Diu,9,Female population age 6 years and above who ever attended school (%),%,78.5,,74.4,,4.1
Dadra & Nagar Haveli and Daman & Diu,10,Households with any usual female members owning a house and/or land (alone or jointly,,12.1,,13.9,,-1.8
Dadra & Nagar Haveli and Daman & Diu,11,Children age 2-4 years who attended pre-school (%),%,51.1,,44.7,,6.4
Dadra & Nagar Haveli and Daman & Diu,12,Women with 10 or more years of schooling (%),%,44.8,,35.8,,9.0
Dadra & Nagar Haveli and Daman & Diu,13,Men with 10 or more years of schooling (%),%,56.6,,49.4,,7.2
Dadra & Nagar Haveli and Daman & Diu,14,Women who have ever used the internet (%),%,78.4,,36.7,,41.7
Dadra & Nagar Haveli and Daman & Diu,15,Men who have ever used the internet (%),%,91.7,,61.3,,30.4
Dadra & Nagar Haveli and Daman & Diu,16,Women age 20-24 years married before age 18 years (%),%,16.3,,26.4,,-10.1
Dadra & Nagar Haveli and Daman & Diu,17,Men age 25-29 years married before age 21 years (%),%,18.8,,12.6,,6.2
Dadra & Nagar Haveli and Daman & Diu,18,Total fertility rate (children per woman),children per woman,1.7,,1.8,,-0.1
Dadra & Nagar Haveli and Daman & Diu,19,Women age 15-19 years who were already mothers or pregnant at the time of the survey (%),%,5.0,,4.3,,0.7
Dadra & Nagar Haveli and Daman & Diu,20,Any method2 (%),%,67.2,,68.0,,-0.8
Dadra & Nagar Haveli and Daman & Diu,21,Any modern method2 (%),%,50.1,,59.8,,-9.7
Dadra & Nagar Haveli and Daman & Diu,22,Any traditional method (%),%,17.1,,8.2,,8.9
Dadra & Nagar Haveli and Daman & Diu,23,Female sterilization (%),%,36.2,,41.6,,-5.4
Dadra & Nagar Haveli and Daman & Diu,24,Male sterilization (%),%,0.2,,0.2,,0.0
Dadra & Nagar Haveli and Daman & Diu,25,Total unmet need3 (%),%,8.6,,11.9,,-3.3
Dadra & Nagar Haveli and Daman & Diu,26,Unmet need for spacing3 (%),%,4.2,,5.2,,-1.0
Dadra & Nagar Haveli and Daman & Diu,27,Unmet need for limiting3 (%),%,4.4,,6.7,,-2.3
Dadra & Nagar Haveli and Daman & Diu,28,Mothers who had an antenatal check-up in the first trimester (%),%,89.4,,77.7,,11.7
Dadra & Nagar Haveli and Daman & Diu,29,Mothers who had any antenatal care visits (%),%,98.5,,97.6,,0.9
Dadra & Nagar Haveli and Daman & Diu,30,Mothers who had at least 4 antenatal care visits (%),%,83.2,,86.2,,-3.0
Dadra & Nagar Haveli and Daman & Diu,31,Mothers whose last birth was protected against neonatal tetanus4 (%),%,96.8,,84.6,,12.2
Dadra & Nagar Haveli and Daman & Diu,32,Mothers who consumed iron folic acid for 100 days or more when they were pregnant (%),%,77.4,,59.8,,17.6
Dadra & Nagar Haveli and Daman & Diu,33,Mothers who consumed iron folic acid for 180 days or more when they were pregnant (%),%,49.8,,36.2,,13.6
Dadra & Nagar Haveli and Daman & Diu,34,Registered pregnancies for which the mother received a Mother and Child Protection (MCP),MCP,99.2,,98.8,,0.4
Dadra & Nagar Haveli and Daman & Diu,35,Institutional births (%),%,96.3,,96.5,,-0.2
Dadra & Nagar Haveli and Daman & Diu,36,Institutional births in public facility (%),%,71.9,,71.9,,0.0
Dadra & Nagar Haveli and Daman & Diu,37,Births attended by skilled health personnel5 (%),%,94.4,,97.8,,-3.4
Dadra & Nagar Haveli and Daman & Diu,38,Births delivered by caesarean section (%),%,28.6,,22.9,,5.7
Dadra & Nagar Haveli and Daman & Diu,39,Births in a private health facility that were delivered by caesarean section (%),%,43.6,,42.5,,1.1
Dadra & Nagar Haveli and Daman & Diu,40,Births in a public health facility that were delivered by caesarean section (%),%,24.9,,17.3,,7.6
Dadra & Nagar Haveli and Daman & Diu,41,Mothers who received postnatal care from a doctor/nurse/LHV/ANM/midwife/other health,,94.0,,91.6,,2.4
Dadra & Nagar Haveli and Daman & Diu,42,Children born at home who were taken to a health facility for a check-up within 24 hours of,,,Y,,Y,
Dadra & Nagar Haveli and Daman & Diu,43,Children who received postnatal care from a doctor/nurse/LHV/ANM/midwife/ other health,,92.2,,91.0,,1.2
Dadra & Nagar Haveli and Daman & Diu,44,Children age 12-23 months fully vaccinated based on information from either vaccination card,,89.0,,94.9,,-5.9
Dadra & Nagar Haveli and Daman & Diu,45,Children age 12-23 months fully vaccinated based on information from vaccination card,,90.5,,93.4,,-2.9
Dadra & Nagar Haveli and Daman & Diu,46,Children age 12-23 months who have received any vaccine (%),%,100.0,,99.4,,0.6
Dadra & Nagar Haveli and Daman & Diu,47,Children age 12-23 months who have received BCG (%),%,100.0,,98.1,,1.9
Dadra & Nagar Haveli and Daman & Diu,48,Children age 12-23 months who have received 3 doses of polio vaccine8 (%),%,91.6,,96.1,,-4.5
Dadra & Nagar Haveli and Daman & Diu,49,Children age 12-23 months who have received 3 doses of pentavalent vaccine (%),%,95.1,,97.2,,-2.1
Dadra & Nagar Haveli and Daman & Diu,50,Children age 12-23 months who have received the first dose of measles-containing,,98.9,,96.2,,2.7
Dadra & Nagar Haveli and Daman & Diu,51,Children age 24-35 months who have received a second dose of measles-containing,,80.8,,84.2,,-3.4
Dadra & Nagar Haveli and Daman & Diu,52,Children age 12-23 months who have received birth dose of hepatitis B vaccine (%),%,95.3,,69.9,,25.4
Dadra & Nagar Haveli and Daman & Diu,53,Children age 12-23 months who have received 3 doses of rotavirus vaccine (%),%,93.8,,3.7,,90.1
Dadra & Nagar Haveli and Daman & Diu,54,Children age 9-35 months who received a vitamin A dose in the last 6 months (%),%,92.3,,86.2,,6.1
Dadra & Nagar Haveli and Daman & Diu,55,Children age 12-23 months who received most of their vaccinations in a public health,,100.0,,97.3,,2.7
Dadra & Nagar Haveli and Daman & Diu,56,Children age 12-23 months who received most of their vaccinations in a private health,,0.0,,2.7,,-2.7
Dadra & Nagar Haveli and Daman & Diu,57,Prevalence of diarrhoea in the 2 weeks preceding the survey (%),%,3.0,,2.6,,0.4
Dadra & Nagar Haveli and Daman & Diu,58,Prevalence of severe diarrhoea in the 2 weeks preceding the survey (%),%,0.3,,0.3,,0.0
Dadra & Nagar Haveli and Daman & Diu,59,Prevalence of symptoms of acute respiratory infection (ARI) in the 2 weeks preceding the,,0.4,,0.3,,0.1
Dadra & Nagar Haveli and Daman & Diu,60,Children with fever or symptoms of ARI in the 2 weeks preceding the survey taken to a health,,76.2,,90.7,,-14.5
Dadra & Nagar Haveli and Daman & Diu,61,Children under age 3 years breastfed within one hour of birth9 (%),%,42.9,,25.9,,17.0
Dadra & Nagar Haveli and Daman & Diu,62,Children under age 6 months exclusively breastfed10 (%),%,64.1,,79.4,,-15.3
Dadra & Nagar Haveli and Daman & Diu,63,Children under age 6 months currently breastfeeding10 (%),%,93.3,,98.3,,-5.0
Dadra & Nagar Haveli and Daman & Diu,64,Children under age 6 months exclusively breastfed or breastfeeding and consuming plain,,87.6,,87.9,,-0.3
Dadra & Nagar Haveli and Daman & Diu,65,Children age 6-8 months receiving solid or semi-solid food and breastmilk10 (%),%,72.0,Y,43.3,Y,28.7
Dadra & Nagar Haveli and Daman & Diu,66,"Breastfeeding children age 6-23 months receiving an adequate diet10, 11 (%)",%,8.5,,10.7,,-2.2
Dadra & Nagar Haveli and Daman & Diu,67,"Non-breastfeeding children age 6-23 months receiving an adequate diet10, 11 (%)",%,,Y,4.0,Y,
Dadra & Nagar Haveli and Daman & Diu,68,"Total children age 6-23 months receiving an adequate diet10, 11 (%)",%,9.2,,10.2,,-1.0
Dadra & Nagar Haveli and Daman & Diu,69,Children under 5 years who are stunted (height-for-age)12 (%),%,37.1,,39.4,,-2.3
Dadra & Nagar Haveli and Daman & Diu,70,Children under 5 years who are wasted (weight-for-height)12 (%),%,24.2,,21.6,,2.6
Dadra & Nagar Haveli and Daman & Diu,71,Children under 5 years who are severely wasted (weight-for-height)13 (%),%,4.2,,4.3,,-0.1
Dadra & Nagar Haveli and Daman & Diu,72,Children under 5 years who are underweight (weight-for-age)12 (%),%,41.3,,38.7,,2.6
Dadra & Nagar Haveli and Daman & Diu,73,Children under 5 years who are overweight (weight-for-height)14 (%),%,0.5,,1.9,,-1.4
Dadra & Nagar Haveli and Daman & Diu,74,Women whose Body Mass Index (BMI) is below normal (BMI <18.5 kg/m2)15 (%),%,21.3,,25.1,,-3.8
Dadra & Nagar Haveli and Daman & Diu,75,Men whose Body Mass Index (BMI) is below normal (BMI <18.5 kg/m2) (%),%,22.7,,18.2,,4.5
Dadra & Nagar Haveli and Daman & Diu,76,Women who are overweight or obese (BMI ≥25.0 kg/m2)15 (%),%,29.0,,26.9,,2.1
Dadra & Nagar Haveli and Daman & Diu,77,Men who are overweight or obese (BMI ≥25.0 kg/m2) (%),%,25.7,,21.4,,4.3
Dadra & Nagar Haveli and Daman & Diu,78,Blood sugar level - high (141-160 mg/dl)16 (%),%,5.9,,6.6,,-0.7
Dadra & Nagar Haveli and Daman & Diu,79,Blood sugar level - very high (>160 mg/dl)16 (%),%,6.3,,5.9,,0.4
Dadra & Nagar Haveli and Daman & Diu,80,Blood sugar level - high or very high (>140 mg/dl) or taking medicine to control blood sugar level16 (%),%,12.9,,13.6,,-0.7
Dadra & Nagar Haveli and Daman & Diu,81,Blood sugar level - high (141-160 mg/dl)16 (%),%,6.4,,8.0,,-1.6
Dadra & Nagar Haveli and Daman & Diu,82,Blood sugar level - very high (>160 mg/dl)16 (%),%,7.6,,7.7,,-0.1
Dadra & Nagar Haveli and Daman & Diu,83,Blood sugar level - high or very high (>140 mg/dl) or taking medicine to control blood sugar level16 (%),%,15.1,,16.4,,-1.3
Dadra & Nagar Haveli and Daman & Diu,84,Mildly elevated blood pressure (Systolic 140-159 mm of Hg and/or Diastolic 90-99 mm of Hg) (%),%,6.8,,7.7,,-0.9
Dadra & Nagar Haveli and Daman & Diu,85,Moderately or severely elevated blood pressure (Systolic ≥160 mm of Hg and/or Diastolic ≥100 mm of Hg) (%),%,3.3,,4.0,,-0.7
Dadra & Nagar Haveli and Daman & Diu,86,Elevated blood pressure (Systolic ≥140 mm of Hg and/or Diastolic ≥90 mm of Hg) or taking medicine to control blood pressure (%),%,14.3,,14.9,,-0.6
Dadra & Nagar Haveli and Daman & Diu,87,Mildly elevated blood pressure (Systolic 140-159 mm of Hg and/or Diastolic 90-99 mm of Hg) (%),%,11.6,,9.8,,1.8
Dadra & Nagar Haveli and Daman & Diu,88,Moderately or severely elevated blood pressure (Systolic ≥160 mm of Hg and/or Diastolic ≥100 mm of Hg) (%),%,1.9,,3.7,,-1.8
Dadra & Nagar Haveli and Daman & Diu,89,Elevated blood pressure (Systolic ≥140 mm of Hg and/or Diastolic ≥90 mm of Hg) or taking medicine to control blood pressure (%),%,18.4,,15.4,,3.0
Dadra & Nagar Haveli and Daman & Diu,90,Currently married women who usually participate in three household decisions17 (%),%,98.4,,91.9,,6.5
Dadra & Nagar Haveli and Daman & Diu,91,Women who worked in the last 12 months and were paid in cash (%),%,34.7,,31.5,,3.2
Dadra & Nagar Haveli and Daman & Diu,92,Women having a bank or savings account that they themselves use (%),%,90.7,,83.6,,7.1
Dadra & Nagar Haveli and Daman & Diu,93,Women having a mobile phone that they themselves use (%),%,68.3,,60.5,,7.8
Dadra & Nagar Haveli and Daman & Diu,94,Women age 15-24 years who use hygienic methods of protection during their menstrual,,89.3,,94.3,,-5.0
Dadra & Nagar Haveli and Daman & Diu,95,Ever-married women age 18-49 years who have ever experienced spousal violence19 (%),%,19.9,,16.8,,3.1
Dadra & Nagar Haveli and Daman & Diu,96,Ever-married women age 18-49 years who have experienced physical violence during any pregnancy (%),%,1.6,,4.3,,-2.7
Dadra & Nagar Haveli and Daman & Diu,97,Young women age 18-29 years who experienced sexual violence by age 18 (%),%,0.0,,0.0,,0.0
Dadra & Nagar Haveli and Daman & Diu,98,Women age 15 years and above who use any kind of tobacco (%),%,1.9,,2.9,,-1.0
Dadra & Nagar Haveli and Daman & Diu,99,Men age 15 years and above who use any kind of tobacco (%),%,31.1,,38.5,,-7.4
Dadra & Nagar Haveli and Daman & Diu,100,Women age 15 years and above who consume alcohol (%),%,1.1,,1.1,,0.0
Dadra & Nagar Haveli and Daman & Diu,101,Men age 15 years and above who consume alcohol (%),%,21.6,,27.7,,-6.1
Goa,1,Population below age 5 years (%),%,5.5,,5.3,,0.2
Goa,2,Population below age 15 years (%),%,18.1,,19.1,,-1.0
Goa,3,Population age 60 years and above (%),%,17.2,,14.2,,3.0
Goa,4,Population living in households with electricity (%),%,99.6,,100.0,,-0.4
Goa,5,Population living in households with an improved drinking-water source1 (%),%,95.5,,98.5,,-3.0
Goa,6,Households using iodized salt (%),%,96.9,,97.6,,-0.7
Goa,7,Households with any usual member covered under a health insurance/financing scheme (%),%,71.7,,73.1,,-1.4
Goa,8,Households with any usual member having a bank account/post office account (%),%,99.1,,97.2,,1.9
Goa,9,Female population age 6 years and above who ever attended school (%),%,87.2,,89.0,,-1.8
Goa,10,Households with any usual female members owning a house and/or land (alone or jointly with,,21.4,,16.0,,5.4
Goa,11,Children age 2-4 years who attended pre-school (%),%,57.2,,58.1,,-0.9
Goa,12,Women with 10 or more years of schooling (%),%,66.5,,71.5,,-5.0
Goa,13,Men with 10 or more years of schooling (%),%,69.9,,76.6,,-6.7
Goa,14,Women who have ever used the internet (%),%,94.0,,73.7,,20.3
Goa,15,Men who have ever used the internet (%),%,90.9,,69.7,,21.2
Goa,16,Women age 20-24 years married before age 18 years (%),%,6.8,,5.8,,1.0
Goa,17,Men age 25-29 years married before age 21 years (%),%,,Y,8.9,Y,
Goa,18,Total fertility rate (children per woman),children per woman,1.6,,1.3,,0.3
Goa,19,Women age 15-19 years who were already mothers or pregnant at the time of the survey (%),%,1.1,,2.7,,-1.6
Goa,20,Any method2 (%),%,72.8,,67.9,,4.9
Goa,21,Any modern method2 (%),%,39.0,,60.1,,-21.1
Goa,22,Any traditional method (%),%,33.8,,7.8,,26.0
Goa,23,Female sterilization (%),%,23.4,,29.9,,-6.5
Goa,24,Male sterilization (%),%,0.1,,0.0,,0.1
Goa,25,Total unmet need3 (%),%,5.1,,8.4,,-3.3
Goa,26,Unmet need for spacing3 (%),%,3.4,,4.0,,-0.6
Goa,27,Unmet need for limiting3 (%),%,1.7,,4.4,,-2.7
Goa,28,Mothers who had an antenatal check-up in the first trimester (%),%,92.1,,70.3,,21.8
Goa,29,Mothers who had any antenatal care visits (%),%,99.2,,98.8,,0.4
Goa,30,Mothers who had at least 4 antenatal care visits (%),%,88.0,,93.0,,-5.0
Goa,31,Mothers whose last birth was protected against neonatal tetanus4 (%),%,96.2,,96.5,,-0.3
Goa,32,Mothers who consumed iron folic acid for 100 days or more when they were pregnant (%),%,80.1,,87.5,,-7.4
Goa,33,Mothers who consumed iron folic acid for 180 days or more when they were pregnant (%),%,63.9,,65.0,,-1.1
Goa,34,Registered pregnancies for which the mother received a Mother and Child Protection (MCP),MCP,93.4,,99.8,,-6.4
Goa,35,Institutional births (%),%,99.6,,99.7,,-0.1
Goa,36,Institutional births in public facility (%),%,60.7,,56.2,,4.5
Goa,37,Births attended by skilled health personnel5 (%),%,99.6,,99.1,,0.5
Goa,38,Births delivered by caesarean section (%),%,46.2,,39.5,,6.7
Goa,39,Births in a private health facility that were delivered by caesarean section (%),%,69.7,,50.0,,19.7
Goa,40,Births in a public health facility that were delivered by caesarean section (%),%,31.4,,31.5,,-0.1
Goa,41,Mothers who received postnatal care from a doctor/nurse/LHV/ANM/midwife/other health,,96.9,,95.4,,1.5
Goa,42,Children born at home who were taken to a health facility for a check-up within 24 hours of birth (%),%,,Y,,Y,
Goa,43,Children who received postnatal care from a doctor/nurse/LHV/ANM/midwife/ other health,,97.3,,96.7,,0.6
Goa,44,Children age 12-23 months fully vaccinated based on information from either vaccination card,,93.8,,81.9,,11.9
Goa,45,Children age 12-23 months fully vaccinated based on information from vaccination card,,94.4,,91.0,,3.4
Goa,46,Children age 12-23 months who have received any vaccine (%),%,98.6,,97.9,,0.7
Goa,47,Children age 12-23 months who have received BCG (%),%,98.6,,97.9,,0.7
Goa,48,Children age 12-23 months who have received 3 doses of polio vaccine 8 (%),%,93.8,,88.3,,5.5
Goa,49,Children age 12-23 months who have received 3 doses of pentavalent vaccine (%),%,98.6,,90.8,,7.8
Goa,50,Children age 12-23 months who have received the first dose of measles-containing,,98.6,,92.9,,5.7
Goa,51,Children age 24-35 months who have received a second dose of measles-containing,,88.3,,33.0,,55.3
Goa,52,Children age 12-23 months who have received birth dose of hepatitis B vaccine (%),%,91.9,,80.2,,11.7
Goa,53,Children age 12-23 months who have received 3 doses of rotavirus vaccine (%),%,97.1,,6.3,,90.8
Goa,54,Children age 9-35 months who received a vitamin A dose in the last 6 months (%),%,91.2,,91.9,,-0.7
Goa,55,Children age 12-23 months who received most of their vaccinations in a public health,,94.3,,92.7,,1.6
Goa,56,Children age 12-23 months who received most of their vaccinations in a private health,,3.9,,7.3,,-3.4
Goa,57,Prevalence of diarrhoea in the 2 weeks preceding the survey (%),%,0.7,,3.2,,-2.5
Goa,58,Prevalence of severe diarrhoea in the 2 weeks preceding the survey (%),%,0.0,,0.0,,0.0
Goa,59,Prevalence of symptoms of acute respiratory infection (ARI) in the 2 weeks preceding the,,0.6,,0.9,,-0.3
Goa,60,Children with fever or symptoms of ARI in the 2 weeks preceding the survey taken to a health,,,Y,86.6,,
Goa,61,Children under age 3 years breastfed within one hour of birth 9 (%),%,47.9,,61.6,,-13.7
Goa,62,Children under age 6 months exclusively breastfed10 (%),%,,Y,61.4,Y,
Goa,63,Children under age 6 months currently breastfeeding 10 (%),%,100.0,,100.0,Y,0.0
Goa,64,Children under age 6 months exclusively breastfed or breastfeeding and consuming plain,,95.7,,83.0,Y,12.7
Goa,65,Children age 6-8 months receiving solid or semi-solid food and breastmilk10 (%),%,,Y,,Y,
Goa,66,"Breastfeeding children age 6-23 months receiving an adequate diet10, 11 (%)",%,34.6,,20.2,,14.4
Goa,67,"Non-breastfeeding children age 6-23 months receiving an adequate diet10, 11 (%)",%,,Y,,Y,
Goa,68,"Total children age 6-23 months receiving an adequate diet10, 11 (%)",%,33.0,,21.5,,11.5
Goa,69,Children under 5 years who are stunted (height-for-age)12 (%),%,19.4,,25.8,,-6.4
Goa,70,Children under 5 years who are wasted (weight-for-height)12 (%),%,16.3,,19.1,,-2.8
Goa,71,Children under 5 years who are severely wasted (weight-for-height)13 (%),%,2.4,,7.5,,-5.1
Goa,72,Children under 5 years who are underweight (weight-for-age)12 (%),%,19.9,,24.0,,-4.1
Goa,73,Children under 5 years who are overweight (weight-for-height)14 (%),%,0.9,,2.8,,-1.9
Goa,74,Women whose Body Mass Index (BMI) is below normal (BMI <18.5 kg/m 2)15 (%),%,15.0,,13.8,,1.2
Goa,75,Men whose Body Mass Index (BMI) is below normal (BMI <18.5 kg/m2) (%),%,6.9,,12.5,,-5.6
Goa,76,Women who are overweight or obese (BMI ≥25.0 kg/m 2)15 (%),%,45.1,,36.1,,9.0
Goa,77,Men who are overweight or obese (BMI ≥25.0 kg/m2) (%),%,43.6,,32.6,,11.0
Goa,78,Blood sugar level - high (141-160 mg/dl)16 (%),%,8.8,,8.6,,0.2
Goa,79,Blood sugar level - very high (>160 mg/dl)16 (%),%,15.0,,9.6,,5.4
Goa,80,Blood sugar level - high or very high (>140 mg/dl) or taking medicine to control blood,,27.5,,20.8,,6.7
Goa,81,Blood sugar level - high (141-160 mg/dl)16 (%),%,10.1,,10.3,,-0.2
Goa,82,Blood sugar level - very high (>160 mg/dl)16 (%),%,17.3,,11.6,,5.7
Goa,83,Blood sugar level - high or very high (>140 mg/dl) or taking medicine to control blood,,32.1,,24.1,,8.0
Goa,84,Mildly elevated blood pressure (Systolic 140-159 mm of Hg and/or,,8.3,,12.1,,-3.8
Goa,85,Moderately or severely elevated blood pressure (Systolic ≥160 mm of Hg and/or,,5.1,,3.6,,1.5
Goa,86,Mildly elevated blood pressure (Systolic 140-159 mm of Hg and/or Diastolic 90-99 mm,,26.2,,27.5,,-1.3
Goa,87,Mildly elevated blood pressure (Systolic 140-159 mm of Hg and/or,,9.7,,14.8,,-5.1
Goa,88,Moderately or severely elevated blood pressure (Systolic ≥160 mm of Hg and/or,,4.4,,4.7,,-0.3
Goa,89,Elevated blood pressure (Systolic ≥140 mm of Hg and/or Diastolic ≥90 mm of Hg) or taking,,27.5,,26.8,,0.7
Goa,90,Currently married women who usually participate in three household decisions 17 (%),%,92.5,,93.1,,-0.6
Goa,91,Women who worked in the last 12 months and were paid in cash (%),%,34.1,,31.9,,2.2
Goa,92,Women having a bank or savings account that they themselves use (%),%,91.1,,88.3,,2.8
Goa,93,Women having a mobile phone that they themselves use (%),%,89.9,,91.2,,-1.3
Goa,94,Women age 15-24 years who use hygienic methods of protection during their menstrual,,97.5,,96.8,,0.7
Goa,95,Ever-married women age 18-49 years who have ever experienced spousal violence 19 (%),%,11.3,,8.3,,3.0
Goa,96,Ever-married women age 18-49 years who have experienced physical violence during any,,1.9,,1.6,,0.3
Goa,97,Young women age 18-29 years who experienced sexual violence by age 18 (%),%,0.0,Y,0.0,,0.0
Goa,98,Women age 15 years and above who use any kind of tobacco (%),%,3.1,,2.6,,0.5
Goa,99,Men age 15 years and above who use any kind of tobacco (%),%,17.1,,18.1,,-1.0
Goa,100,Women age 15 years and above who consume alcohol (%),%,2.1,,5.5,,-3.4
Goa,101,Men age 15 years and above who consume alcohol (%),%,22.4,,36.8,,-14.4
Gujarat,1,Population below age 5 years (%),%,7.3,,7.3,,0.0
Gujarat,2,Population below age 15 years (%),%,23.0,,24.0,,-1.0
Gujarat,3,Population age 60 years and above (%),%,13.1,,12.0,,1.1
Gujarat,4,Population living in households with electricity (%),%,98.2,,97.6,,0.6
Gujarat,5,Population living in households with an improved drinking-water source1 (%),%,97.2,,97.2,,0.0
Gujarat,6,Households using iodized salt (%),%,96.4,,95.6,,0.8
Gujarat,7,Households with any usual member covered under a health insurance/financing scheme (%),%,57.9,,44.4,,13.5
Gujarat,8,Households with any usual member having a bank account/post office account (%),%,97.6,,94.6,,3.0
Gujarat,9,Female population age 6 years and above who ever attended school (%),%,76.3,,72.9,,3.4
Gujarat,10,Households with any usual female members owning a house and/or land (alone or jointly with,,16.0,,11.8,,4.2
Gujarat,11,Children age 2-4 years who attended pre-school (%),%,49.1,,55.1,,-6.0
Gujarat,12,Women with 10 or more years of schooling (%),%,38.6,,33.8,,4.8
Gujarat,13,Men with 10 or more years of schooling (%),%,47.0,,45.6,,1.4
Gujarat,14,Women who have ever used the internet (%),%,65.7,,30.8,,34.9
Gujarat,15,Men who have ever used the internet (%),%,83.9,,52.6,,31.3
Gujarat,16,Women age 20-24 years married before age 18 years (%),%,18.0,,21.8,,-3.8
Gujarat,17,Men age 25-29 years married before age 21 years (%),%,24.3,,27.7,,-3.4
Gujarat,18,Total fertility rate (children per woman),children per woman,1.9,,1.9,,0.0
Gujarat,19,Women age 15-19 years who were already mothers or pregnant at the time of the survey (%),%,5.6,,5.2,,0.4
Gujarat,20,Any method2 (%),%,74.0,,65.3,,8.7
Gujarat,21,Any modern method2 (%),%,51.6,,53.6,,-2.0
Gujarat,22,Any traditional method (%),%,22.4,,11.7,,10.7
Gujarat,23,Female sterilization (%),%,33.9,,35.9,,-2.0
Gujarat,24,Male sterilization (%),%,0.2,,0.2,,0.0
Gujarat,25,Total unmet need3 (%),%,6.0,,10.3,,-4.3
Gujarat,26,Unmet need for spacing3 (%),%,3.2,,4.4,,-1.2
Gujarat,27,Unmet need for limiting3 (%),%,2.8,,5.9,,-3.1
Gujarat,28,Mothers who had an antenatal check-up in the first trimester (%),%,87.0,,79.3,,7.7
Gujarat,29,Mothers who had any antenatal care visits (%),%,97.6,,94.1,,3.5
Gujarat,30,Mothers who had at least 4 antenatal care visits (%),%,82.3,,77.2,,5.1
Gujarat,31,Mothers whose last birth was protected against neonatal tetanus 4 (%),%,94.9,,89.1,,5.8
Gujarat,32,Mothers who consumed iron folic acid for 100 days or more when they were pregnant (%),%,71.0,,60.0,,11.0
Gujarat,33,Mothers who consumed iron folic acid for 180 days or more when they were pregnant (%),%,53.9,,43.2,,10.7
Gujarat,34,Registered pregnancies for which the mother received a Mother and Child Protection (MCP),MCP,97.2,,97.7,,-0.5
Gujarat,35,Institutional births (%),%,97.1,,94.3,,2.8
Gujarat,36,Institutional births in public facility (%),%,39.7,,43.3,,-3.6
Gujarat,37,Births attended by skilled health personnel5 (%),%,93.2,,93.2,,0.0
Gujarat,38,Births delivered by caesarean section (%),%,29.0,,21.0,,8.0
Gujarat,39,Births in a private health facility that were delivered by caesarean section (%),%,39.8,,30.8,,9.0
Gujarat,40,Births in a public health facility that were delivered by caesarean section (%),%,15.6,,12.4,,3.2
Gujarat,41,Mothers who received postnatal care from a doctor/nurse/LHV/ANM/midwife/other health,,92.2,,89.7,,2.5
Gujarat,42,Children born at home who were taken to a health facility for a check-up within 24 hours of,,9.2,,6.9,,2.3
Gujarat,43,Children who received postnatal care from a doctor/nurse/LHV/ANM/midwife/ other health,,93.2,,88.7,,4.5
Gujarat,44,Children age 12-23 months fully vaccinated based on information from either vaccination card,,81.7,,76.4,,5.3
Gujarat,45,Children age 12-23 months fully vaccinated based on information from vaccination card,,84.5,,85.0,,-0.5
Gujarat,46,Children age 12-23 months who have received any vaccine (%),%,96.3,,95.6,,0.7
Gujarat,47,Children age 12-23 months who have received BCG (%),%,95.7,,94.7,,1.0
Gujarat,48,Children age 12-23 months who have received 3 doses of polio vaccine 8 (%),%,83.6,,79.6,,4.0
Gujarat,49,Children age 12-23 months who have received 3 doses of pentavalent vaccine (%),%,86.6,,86.2,,0.4
Gujarat,50,Children age 12-23 months who have received the first dose of measles-containing,,89.2,,86.8,,2.4
Gujarat,51,Children age 24-35 months who have received a second dose of measles-containing,,70.2,,50.8,,19.4
Gujarat,52,Children age 12-23 months who have received birth dose of hepatitis B vaccine (%),%,86.0,,62.8,,23.2
Gujarat,53,Children age 12-23 months who have received 3 doses of rotavirus vaccine (%),%,80.0,,2.2,,77.8
Gujarat,54,Children age 9-35 months who received a vitamin A dose in the last 6 months (%),%,84.0,,85.6,,-1.6
Gujarat,55,Children age 12-23 months who received most of their vaccinations in a public health,,92.8,,92.1,,0.7
Gujarat,56,Children age 12-23 months who received most of their vaccinations in a private health,,6.4,,7.6,,-1.2
Gujarat,57,Prevalence of diarrhoea in the 2 weeks preceding the survey (%),%,5.7,,8.2,,-2.5
Gujarat,58,Prevalence of severe diarrhoea in the 2 weeks preceding the survey (%),%,0.3,,0.6,,-0.3
Gujarat,59,Prevalence of symptoms of acute respiratory infection (ARI) in the 2 weeks preceding the,,0.8,,1.0,,-0.2
Gujarat,60,Children with fever or symptoms of ARI in the 2 weeks preceding the survey taken to a health,,79.0,,75.2,,3.8
Gujarat,61,Children under age 3 years breastfed within one hour of birth 9 (%),%,46.9,,37.8,,9.1
Gujarat,62,Children under age 6 months exclusively breastfed10 (%),%,71.4,,65.0,,6.4
Gujarat,63,Children under age 6 months currently breastfeeding 10 (%),%,97.1,,97.0,,0.1
Gujarat,64,Children under age 6 months exclusively breastfed or breastfeeding and consuming plain,,88.1,,83.3,,4.8
Gujarat,65,Children age 6-8 months receiving solid or semi-solid food and breastmilk10 (%),%,53.2,,42.0,,11.2
Gujarat,66,"Breastfeeding children age 6-23 months receiving an adequate diet10, 11 (%)",%,7.8,,5.9,,1.9
Gujarat,67,"Non-breastfeeding children age 6-23 months receiving an adequate diet10, 11 (%)",%,8.0,,6.0,,2.0
Gujarat,68,"Total children age 6-23 months receiving an adequate diet10, 11 (%)",%,7.8,,5.9,,1.9
Gujarat,69,Children under 5 years who are stunted (height-for-age)12 (%),%,35.3,,39.0,,-3.7
Gujarat,70,Children under 5 years who are wasted (weight-for-height)12 (%),%,20.2,,25.1,,-4.9
Gujarat,71,Children under 5 years who are severely wasted (weight-for-height)13 (%),%,5.4,,10.6,,-5.2
Gujarat,72,Children under 5 years who are underweight (weight-for-age)12 (%),%,35.5,,39.7,,-4.2
Gujarat,73,Children under 5 years who are overweight (weight-for-height)14 (%),%,1.2,,3.9,,-2.7
Gujarat,74,Women whose Body Mass Index (BMI) is below normal (BMI <18.5 kg/m 2)15 (%),%,23.6,,25.2,,-1.6
Gujarat,75,Men whose Body Mass Index (BMI) is below normal (BMI <18.5 kg/m2) (%),%,21.8,,20.9,,0.9
Gujarat,76,Women who are overweight or obese (BMI ≥25.0 kg/m 2)15 (%),%,32.1,,22.7,,9.4
Gujarat,77,Men who are overweight or obese (BMI ≥25.0 kg/m2) (%),%,29.9,,20.0,,9.9
Gujarat,78,Blood sugar level - high (141-160 mg/dl)16 (%),%,7.4,,8.1,,-0.7
Gujarat,79,Blood sugar level - very high (>160 mg/dl)16 (%),%,8.0,,6.7,,1.3
Gujarat,80,Blood sugar level - high or very high (>140 mg/dl) or taking medicine to control blood,,16.4,,15.8,,0.6
Gujarat,81,Blood sugar level - high (141-160 mg/dl)16 (%),%,8.1,,9.0,,-0.9
Gujarat,82,Blood sugar level - very high (>160 mg/dl)16 (%),%,9.3,,7.1,,2.2
Gujarat,83,Blood sugar level - high or very high (>140 mg/dl) or taking medicine to control blood,,18.6,,16.9,,1.7
Gujarat,84,Mildly elevated blood pressure (Systolic 140-159 mm of Hg and/or,,10.3,,11.7,,-1.4
Gujarat,85,Moderately or severely elevated blood pressure (Systolic ≥160 mm of Hg and/or,,4.8,,4.6,,0.2
Gujarat,86,Elevated blood pressure (Systolic ≥140 mm of Hg and/or Diastolic ≥90 mm of Hg) or taking,,20.9,,20.5,,0.4
Gujarat,87,Mildly elevated blood pressure (Systolic 140-159 mm of Hg and/or,,12.6,,13.0,,-0.4
Gujarat,88,Moderately or severely elevated blood pressure (Systolic ≥160 mm of Hg and/or,,3.0,,4.4,,-1.4
Gujarat,89,Elevated blood pressure (Systolic ≥140 mm of Hg and/or Diastolic ≥90 mm of Hg) or taking,,22.3,,20.3,,2.0
Gujarat,90,Currently married women who usually participate in three household decisions 17 (%),%,93.5,,92.2,,1.3
Gujarat,91,Women who worked in the last 12 months and were paid in cash (%),%,36.6,,30.8,,5.8
Gujarat,92,Women having a bank or savings account that they themselves use (%),%,82.2,,70.0,,12.2
Gujarat,93,Women having a mobile phone that they themselves use (%),%,58.8,,48.8,,10.0
Gujarat,94,Women age 15-24 years who use hygienic methods of protection during their menstrual,,66.9,,66.9,,0.0
Gujarat,95,Ever-married women age 18-49 years who have ever experienced spousal violence 19 (%),%,13.6,,13.9,,-0.3
Gujarat,96,Ever-married women age 18-49 years who have experienced physical violence during any,,1.7,,1.6,,0.1
Gujarat,97,Young women age 18-29 years who experienced sexual violence by age 18 (%),%,0.1,,0.8,,-0.7
Gujarat,98,Women age 15 years and above who use any kind of tobacco (%),%,7.0,,8.7,,-1.7
Gujarat,99,Men age 15 years and above who use any kind of tobacco (%),%,38.4,,41.2,,-2.8
Gujarat,100,Women age 15 years and above who consume alcohol (%),%,0.3,,0.6,,-0.3
Gujarat,101,Men age 15 years and above who consume alcohol (%),%,5.2,,5.8,,-0.6
Haryana,1,Population below age 5 years (%),%,7.9,,7.9,,0.0
Haryana,2,Population below age 15 years (%),%,24.7,,25.3,,-0.6
Haryana,3,Population age 60 years and above (%),%,12.3,,11.8,,0.5
Haryana,4,Population living in households with electricity (%),%,99.6,,99.6,,0.0
Haryana,5,Population living in households with an improved drinking-water source1 (%),%,99.1,,98.6,,0.5
Haryana,6,Households using iodized salt (%),%,95.8,,96.1,,-0.3
Haryana,7,Households with any usual member covered under a health insurance/financing scheme (%),%,68.3,,25.7,,42.6
Haryana,8,Households with any usual member having a bank account/post office account (%),%,98.0,,96.1,,1.9
Haryana,9,Female population age 6 years and above who ever attended school (%),%,76.1,,73.8,,2.3
Haryana,10,Households with any usual female members owning a house and/or land (alone or jointly with,,14.7,,11.8,,2.9
Haryana,11,Children age 2-4 years who attended pre-school (%),%,48.7,,30.5,,18.2
Haryana,12,Women with 10 or more years of schooling (%),%,55.2,,49.5,,5.7
Haryana,13,Men with 10 or more years of schooling (%),%,64.4,,62.2,,2.2
Haryana,14,Women who have ever used the internet (%),%,74.0,,48.4,,25.6
Haryana,15,Men who have ever used the internet (%),%,87.0,,72.4,,14.6
Haryana,16,Women age 20-24 years married before age 18 years (%),%,11.9,,12.5,,-0.6
Haryana,17,Men age 25-29 years married before age 21 years (%),%,13.3,,16.0,,-2.7
Haryana,18,Total fertility rate (children per woman),children per woman,2.0,,1.9,,0.1
Haryana,19,Women age 15-19 years who were already mothers or pregnant at the time of the survey (%),%,4.7,,3.9,,0.8
Haryana,20,Any method2 (%),%,74.5,,73.1,,1.4
Haryana,21,Any modern method2 (%),%,53.1,,60.5,,-7.4
Haryana,22,Any traditional method (%),%,21.4,,12.6,,8.8
Haryana,23,Female sterilization (%),%,28.5,,32.3,,-3.8
Haryana,24,Male sterilization (%),%,0.9,,0.9,,0.0
Haryana,25,Total unmet need3 (%),%,6.0,,7.6,,-1.6
Haryana,26,Unmet need for spacing3 (%),%,2.7,,3.4,,-0.7
Haryana,27,Unmet need for limiting3 (%),%,3.3,,4.2,,-0.9
Haryana,28,Mothers who had an antenatal check-up in the first trimester (%),%,83.8,,85.2,,-1.4
Haryana,29,Mothers who had any antenatal care visits (%),%,98.2,,96.8,,1.4
Haryana,30,Mothers who had at least 4 antenatal care visits (%),%,79.0,,60.9,,18.1
Haryana,31,Mothers whose last birth was protected against neonatal tetanus 4 (%),%,92.2,,90.7,,1.5
Haryana,32,Mothers who consumed iron folic acid for 100 days or more when they were pregnant (%),%,65.2,,51.2,,14.0
Haryana,33,Mothers who consumed iron folic acid for 180 days or more when they were pregnant (%),%,48.7,,31.9,,16.8
Haryana,34,Registered pregnancies for which the mother received a Mother and Child Protection (MCP),MCP,96.3,,96.8,,-0.5
Haryana,35,Institutional births (%),%,96.3,,94.9,,1.4
Haryana,36,Institutional births in public facility (%),%,52.5,,57.5,,-5.0
Haryana,37,Births attended by skilled health personnel5 (%),%,96.0,,94.4,,1.6
Haryana,38,Births delivered by caesarean section (%),%,25.6,,19.4,,6.2
Haryana,39,Births in a private health facility that were delivered by caesarean section (%),%,40.2,,33.9,,6.3
Haryana,40,Births in a public health facility that were delivered by caesarean section (%),%,15.2,,11.7,,3.5
Haryana,41,Mothers who received postnatal care from a doctor/nurse/LHV/ANM/midwife/other health,,95.2,,91.3,,3.9
Haryana,42,Children born at home who were taken to a health facility for a check-up within 24 hours of,,4.2,,3.8,,0.4
Haryana,43,Children who received postnatal care from a doctor/nurse/LHV/ANM/midwife/ other health,,94.6,,91.0,,3.6
Haryana,44,Children age 12-23 months fully vaccinated based on information from either vaccination card,,79.7,,76.9,,2.8
Haryana,45,Children age 12-23 months fully vaccinated based on information from vaccination card,,86.2,,81.1,,5.1
Haryana,46,Children age 12-23 months who have received any vaccine (%),%,95.6,,96.0,,-0.4
Haryana,47,Children age 12-23 months who have received BCG (%),%,94.2,,94.9,,-0.7
Haryana,48,Children age 12-23 months who have received 3 doses of polio vaccine 8 (%),%,82.2,,80.6,,1.6
Haryana,49,Children age 12-23 months who have received 3 doses of pentavalent vaccine (%),%,86.8,,88.7,,-1.9
Haryana,50,Children age 12-23 months who have received the first dose of measles-containing,,90.1,,89.4,,0.7
Haryana,51,Children age 24-35 months who have received a second dose of measles-containing,,73.9,,56.7,,17.2
Haryana,52,Children age 12-23 months who have received birth dose of hepatitis B vaccine (%),%,84.7,,66.6,,18.1
Haryana,53,Children age 12-23 months who have received 3 doses of rotavirus vaccine (%),%,86.6,,79.8,,6.8
Haryana,54,Children age 9-35 months who received a vitamin A dose in the last 6 months (%),%,73.4,,64.9,,8.5
Haryana,55,Children age 12-23 months who received most of their vaccinations in a public health,,94.4,,96.9,,-2.5
Haryana,56,Children age 12-23 months who received most of their vaccinations in a private health,,4.2,,2.4,,1.8
Haryana,57,Prevalence of diarrhoea in the 2 weeks preceding the survey (%),%,10.7,,4.9,,5.8
Haryana,58,Prevalence of severe diarrhoea in the 2 weeks preceding the survey (%),%,0.6,,0.4,,0.2
Haryana,59,Prevalence of symptoms of acute respiratory infection (ARI) in the 2 weeks preceding the,,1.2,,2.3,,-1.1
Haryana,60,Children with fever or symptoms of ARI in the 2 weeks preceding the survey taken to a health,,74.6,,73.5,,1.1
Haryana,61,Children under age 3 years breastfed within one hour of birth 9 (%),%,37.9,,41.6,,-3.7
Haryana,62,Children under age 6 months exclusively breastfed10 (%),%,41.2,,69.5,,-28.3
Haryana,63,Children under age 6 months currently breastfeeding 10 (%),%,94.0,,95.0,,-1.0
Haryana,64,Children under age 6 months exclusively breastfed or breastfeeding and consuming plain,,83.3,,86.1,,-2.8
Haryana,65,Children age 6-8 months receiving solid or semi-solid food and breastmilk10 (%),%,67.2,,43.0,,24.2
Haryana,66,"Breastfeeding children age 6-23 months receiving an adequate diet10, 11 (%)",%,18.1,,11.9,,6.2
Haryana,67,"Non-breastfeeding children age 6-23 months receiving an adequate diet10, 11 (%)",%,13.1,,10.7,,2.4
Haryana,68,"Total children age 6-23 months receiving an adequate diet10, 11 (%)",%,17.0,,11.6,,5.4
Haryana,69,Children under 5 years who are stunted (height-for-age)12 (%),%,25.9,,27.5,,-1.6
Haryana,70,Children under 5 years who are wasted (weight-for-height)12 (%),%,16.6,,11.5,,5.1
Haryana,71,Children under 5 years who are severely wasted (weight-for-height)13 (%),%,3.6,,4.4,,-0.8
Haryana,72,Children under 5 years who are underweight (weight-for-age)12 (%),%,28.9,,21.5,,7.4
Haryana,73,Children under 5 years who are overweight (weight-for-height)14 (%),%,1.5,,3.3,,-1.8
Haryana,74,Women whose Body Mass Index (BMI) is below normal (BMI <18.5 kg/m 2)15 (%),%,17.2,,15.1,,2.1
Haryana,75,Men whose Body Mass Index (BMI) is below normal (BMI <18.5 kg/m2) (%),%,16.7,,14.5,,2.2
Haryana,76,Women who are overweight or obese (BMI ≥25.0 kg/m 2)15 (%),%,37.3,,33.1,,4.2
Haryana,77,Men who are overweight or obese (BMI ≥25.0 kg/m2) (%),%,33.9,,28.3,,5.6
Haryana,78,Blood sugar level - high (141-160 mg/dl)16 (%),%,7.7,,5.4,,2.3
Haryana,79,Blood sugar level - very high (>160 mg/dl)16 (%),%,8.3,,5.7,,2.6
Haryana,80,Blood sugar level - high or very high (>140 mg/dl) or taking medicine to control blood,,16.7,,11.9,,4.8
Haryana,81,Blood sugar level - high (141-160 mg/dl)16 (%),%,8.4,,6.4,,2.0
Haryana,82,Blood sugar level - very high (>160 mg/dl)16 (%),%,9.3,,6.2,,3.1
Haryana,83,Blood sugar level - high or very high (>140 mg/dl) or taking medicine to control blood,,18.5,,13.5,,5.0
Haryana,84,Mildly elevated blood pressure (Systolic 140-159 mm of Hg and/or,,7.6,,12.3,,-4.7
Haryana,85,Moderately or severely elevated blood pressure (Systolic ≥160 mm of Hg and/or,,4.5,,5.4,,-0.9
Haryana,86,Elevated blood pressure (Systolic ≥140 mm of Hg and/or Diastolic ≥90 mm of Hg) or taking,,16.7,,21.0,,-4.3
Haryana,87,Mildly elevated blood pressure (Systolic 140-159 mm of Hg and/or,,10.9,,16.6,,-5.7
Haryana,88,Moderately or severely elevated blood pressure (Systolic ≥160 mm of Hg and/or,,3.4,,6.9,,-3.5
Haryana,89,Elevated blood pressure (Systolic ≥140 mm of Hg and/or Diastolic ≥90 mm of Hg) or,,19.6,,25.1,,-5.5
Haryana,90,Currently married women who usually participate in three household decisions17 (%),%,91.1,,87.5,,3.6
Haryana,91,Women who worked in the last 12 months and were paid in cash (%),%,25.1,,18.8,,6.3
Haryana,92,Women having a bank or savings account that they themselves use (%),%,85.2,,73.6,,11.6
Haryana,93,Women having a mobile phone that they themselves use (%),%,64.9,,50.4,,14.5
Haryana,94,Women age 15-24 years who use hygienic methods of protection during their menstrual,,94.3,,93.5,,0.8
Haryana,95,Ever-married women age 18-49 years who have ever experienced spousal violence 19 (%),%,13.6,,17.9,,-4.3
Haryana,96,Ever-married women age 18-49 years who have experienced physical violence during any,,2.6,,1.6,,1.0
Haryana,97,Young women age 18-29 years who experienced sexual violence by age 18 (%),%,0.1,,0.4,,-0.3
Haryana,98,Women age 15 years and above who use any kind of tobacco (%),%,2.2,,2.6,,-0.4
Haryana,99,Men age 15 years and above who use any kind of tobacco (%),%,27.5,,29.1,,-1.6
Haryana,100,Women age 15 years and above who consume alcohol (%),%,0.2,,0.3,,-0.1
Haryana,101,Men age 15 years and above who consume alcohol (%),%,17.5,,16.0,,1.5
Himachal Pradesh,1,Population below age 5 years (%),%,6.4,,6.4,,0.0
Himachal Pradesh,2,Population below age 15 years (%),%,20.9,,21.8,,-0.9
Himachal Pradesh,3,Population age 60 years and above (%),%,16.4,,14.7,,1.7
Himachal Pradesh,4,Population living in households with electricity (%),%,99.8,,99.5,,0.3
Himachal Pradesh,5,Population living in households with an improved drinking-water source1 (%),%,89.5,,96.2,,-6.7
Himachal Pradesh,6,Households using iodized salt (%),%,96.7,,99.1,,-2.4
Himachal Pradesh,7,Households with any usual member covered under a health insurance/financing scheme (%),%,61.4,,38.9,,22.5
Himachal Pradesh,8,Households with any usual member having a bank account/post office account (%),%,98.6,,97.4,,1.2
Himachal Pradesh,9,Female population age 6 years and above who ever attended school (%),%,83.3,,81.0,,2.3
Himachal Pradesh,10,Households with any usual female members owning a house and/or land (alone or jointly with,,18.7,,16.1,,2.6
Himachal Pradesh,11,Children age 2-4 years who attended pre-school (%),%,50.9,,64.7,,-13.8
Himachal Pradesh,12,Women with 10 or more years of schooling (%),%,72.1,,65.9,,6.2
Himachal Pradesh,13,Men with 10 or more years of schooling (%),%,76.0,,71.3,,4.7
Himachal Pradesh,14,Women who have ever used the internet (%),%,75.4,,49.7,,25.7
Himachal Pradesh,15,Men who have ever used the internet (%),%,83.0,,52.7,,30.3
Himachal Pradesh,16,Women age 20-24 years married before age 18 years (%),%,7.9,,5.4,,2.5
Himachal Pradesh,17,Men age 25-29 years married before age 21 years (%),%,11.5,,4.6,,6.9
Himachal Pradesh,18,Total fertility rate (children per woman),children per woman,1.8,,1.7,,0.1
Himachal Pradesh,19,Women age 15-19 years who were already mothers or pregnant at the time of the survey (%),%,2.9,,3.4,,-0.5
Himachal Pradesh,20,Any method2 (%),%,76.1,,74.2,,1.9
Himachal Pradesh,21,Any modern method2 (%),%,58.3,,63.4,,-5.1
Himachal Pradesh,22,Any traditional method (%),%,17.8,,10.8,,7.0
Himachal Pradesh,23,Female sterilization (%),%,32.2,,37.7,,-5.5
Himachal Pradesh,24,Male sterilization (%),%,2.3,,3.3,,-1.0
Himachal Pradesh,25,Total unmet need3 (%),%,6.3,,7.9,,-1.6
Himachal Pradesh,26,Unmet need for spacing3 (%),%,2.6,,2.8,,-0.2
Himachal Pradesh,27,Unmet need for limiting3 (%),%,3.7,,5.1,,-1.4
Himachal Pradesh,28,Mothers who had an antenatal check-up in the first trimester (%),%,84.0,,72.4,,11.6
Himachal Pradesh,29,Mothers who had any antenatal care visits (%),%,94.3,,88.2,,6.1
Himachal Pradesh,30,Mothers who had at least 4 antenatal care visits (%),%,83.2,,70.6,,12.6
Himachal Pradesh,31,Mothers whose last birth was protected against neonatal tetanus 4 (%),%,96.3,,90.0,,6.3
Himachal Pradesh,32,Mothers who consumed iron folic acid for 100 days or more when they were pregnant (%),%,82.1,,67.2,,14.9
Himachal Pradesh,33,Mothers who consumed iron folic acid for 180 days or more when they were pregnant (%),%,62.9,,43.0,,19.9
Himachal Pradesh,34,Registered pregnancies for which the mother received a Mother and Child Protection (MCP),MCP,98.3,,98.7,,-0.4
Himachal Pradesh,35,Institutional births (%),%,91.7,,88.2,,3.5
Himachal Pradesh,36,Institutional births in public facility (%),%,70.6,,71.7,,-1.1
Himachal Pradesh,37,Births attended by skilled health personnel5 (%),%,92.4,,87.1,,5.3
Himachal Pradesh,38,Births delivered by caesarean section (%),%,29.9,,21.0,,8.9
Himachal Pradesh,39,Births in a private health facility that were delivered by caesarean section (%),%,63.7,,51.4,,12.3
Himachal Pradesh,40,Births in a public health facility that were delivered by caesarean section (%),%,23.3,,17.4,,5.9
Himachal Pradesh,41,Mothers who received postnatal care from a doctor/nurse/LHV/ANM/midwife/other health,,87.4,,86.3,,1.1
Himachal Pradesh,42,Children born at home who were taken to a health facility for a check-up within 24 hours of,,5.0,,7.6,,-2.6
Himachal Pradesh,43,Children who received postnatal care from a doctor/nurse/LHV/ANM/midwife/ other health,,88.7,,86.0,,2.7
Himachal Pradesh,44,Children age 12-23 months fully vaccinated based on information from either vaccination card,,90.1,,89.2,,0.9
Himachal Pradesh,45,Children age 12-23 months fully vaccinated based on information from vaccination card,,86.3,,96.4,,-10.1
Himachal Pradesh,46,Children age 12-23 months who have received any vaccine (%),%,98.5,,98.2,,0.3
Himachal Pradesh,47,Children age 12-23 months who have received BCG (%),%,97.9,,98.2,,-0.3
Himachal Pradesh,48,Children age 12-23 months who have received 3 doses of polio vaccine 8 (%),%,92.6,,90.1,,2.5
Himachal Pradesh,49,Children age 12-23 months who have received 3 doses of pentavalent vaccine (%),%,95.2,,96.1,,-0.9
Himachal Pradesh,50,Children age 12-23 months who have received the first dose of measles-containing,,95.7,,95.9,,-0.2
Himachal Pradesh,51,Children age 24-35 months who have received a second dose of measles-containing,,77.2,,69.2,,8.0
Himachal Pradesh,52,Children age 12-23 months who have received birth dose of hepatitis B vaccine (%),%,91.2,,92.4,,-1.2
Himachal Pradesh,53,Children age 12-23 months who have received 3 doses of rotavirus vaccine (%),%,90.5,,87.9,,2.6
Himachal Pradesh,54,Children age 9-35 months who received a vitamin A dose in the last 6 months (%),%,82.4,,77.3,,5.1
Himachal Pradesh,55,Children age 12-23 months who received most of their vaccinations in a public health,,97.2,,97.5,,-0.3
Himachal Pradesh,56,Children age 12-23 months who received most of their vaccinations in a private health,,2.0,,1.8,,0.2
Himachal Pradesh,57,Prevalence of diarrhoea in the 2 weeks preceding the survey (%),%,4.6,,4.7,,-0.1
Himachal Pradesh,58,Prevalence of severe diarrhoea in the 2 weeks preceding the survey (%),%,0.5,,0.2,,0.3
Himachal Pradesh,59,Prevalence of symptoms of acute respiratory infection (ARI) in the 2 weeks preceding the,,1.0,,1.5,,-0.5
Himachal Pradesh,60,Children with fever or symptoms of ARI in the 2 weeks preceding the survey taken to a health,,74.6,,76.2,,-1.6
Himachal Pradesh,61,Children under age 3 years breastfed within one hour of birth 9 (%),%,48.5,,45.1,,3.4
Himachal Pradesh,62,Children under age 6 months exclusively breastfed 10 (%),%,60.8,,69.9,,-9.1
Himachal Pradesh,63,Children under age 6 months currently breastfeeding 10 (%),%,97.2,,98.2,,-1.0
Himachal Pradesh,64,Children under age 6 months exclusively breastfed or breastfeeding and consuming plain,,87.8,,86.7,,1.1
Himachal Pradesh,65,Children age 6-8 months receiving solid or semi-solid food and breastmilk10 (%),%,67.3,,68.3,,-1.0
Himachal Pradesh,66,"Breastfeeding children age 6-23 months receiving an adequate diet10, 11 (%)",%,28.3,,17.7,,10.6
Himachal Pradesh,67,"Non-breastfeeding children age 6-23 months receiving an adequate diet10, 11 (%)",%,26.2,,20.7,,5.5
Himachal Pradesh,68,"Total children age 6-23 months receiving an adequate diet10, 11 (%)",%,27.8,,18.5,,9.3
Himachal Pradesh,69,Children under 5 years who are stunted (height-for-age)12 (%),%,20.6,,30.8,,-10.2
Himachal Pradesh,70,Children under 5 years who are wasted (weight-for-height)12 (%),%,10.4,,17.4,,-7.0
Himachal Pradesh,71,Children under 5 years who are severely wasted (weight-for-height)13 (%),%,2.4,,6.9,,-4.5
Himachal Pradesh,72,Children under 5 years who are underweight (weight-for-age)12 (%),%,16.8,,25.5,,-8.7
Himachal Pradesh,73,Children under 5 years who are overweight (weight-for-height)14 (%),%,2.7,,5.7,,-3.0
Himachal Pradesh,74,Women whose Body Mass Index (BMI) is below normal (BMI <18.5 kg/m 2)15 (%),%,15.1,,13.9,,1.2
Himachal Pradesh,75,Men whose Body Mass Index (BMI) is below normal (BMI <18.5 kg/m2) (%),%,15.0,,11.8,,3.2
Himachal Pradesh,76,Women who are overweight or obese (BMI ≥25.0 kg/m 2)15 (%),%,38.2,,30.4,,7.8
Himachal Pradesh,77,Men who are overweight or obese (BMI ≥25.0 kg/m2) (%),%,31.4,,30.6,,0.8
Himachal Pradesh,78,Blood sugar level - high (141-160 mg/dl)16 (%),%,9.1,,6.4,,2.7
Himachal Pradesh,79,Blood sugar level - very high (>160 mg/dl)16 (%),%,10.4,,6.4,,4.0
Himachal Pradesh,80,Blood sugar level - high or very high (>140 mg/dl) or taking medicine to control blood,,20.6,,13.9,,6.7
Himachal Pradesh,81,Blood sugar level - high (141-160 mg/dl)16 (%),%,8.9,,6.8,,2.1
Himachal Pradesh,82,Blood sugar level - very high (>160 mg/dl)16 (%),%,10.0,,6.7,,3.3
Himachal Pradesh,83,Blood sugar level - high or very high (>140 mg/dl) or taking medicine to control blood,,20.0,,14.7,,5.3
Himachal Pradesh,84,Mildly elevated blood pressure (Systolic 140-159 mm of Hg and/or,,12.4,,11.9,,0.5
Himachal Pradesh,85,Moderately or severely elevated blood pressure (Systolic ≥160 mm of Hg and/or,,6.3,,5.1,,1.2
Himachal Pradesh,86,Elevated blood pressure (Systolic ≥140 mm of Hg and/or Diastolic ≥90 mm of Hg) or taking,,24.1,,22.2,,1.9
Himachal Pradesh,87,Mildly elevated blood pressure (Systolic 140-159 mm of Hg and/or,,18.4,,16.5,,1.9
Himachal Pradesh,88,Moderately or severely elevated blood pressure (Systolic ≥160 mm of Hg and/or,,5.8,,4.9,,0.9
Himachal Pradesh,89,Elevated blood pressure (Systolic ≥140 mm of Hg and/or Diastolic ≥90 mm of Hg) or taking,,31.7,,24.4,,7.3
Himachal Pradesh,90,Currently married women who usually participate in three household decisions 17 (%),%,92.3,,93.9,,-1.6
Himachal Pradesh,91,Women who worked in the last 12 months and were paid in cash (%),%,23.6,,20.2,,3.4
Himachal Pradesh,92,Women having a bank or savings account that they themselves use (%),%,93.0,,83.1,,9.9
Himachal Pradesh,93,Women having a mobile phone that they themselves use (%),%,84.3,,79.5,,4.8
Himachal Pradesh,94,Women age 15-24 years who use hygienic methods of protection during their menstrual,,94.9,,92.0,,2.9
Himachal Pradesh,95,Ever-married women age 18-49 years who have ever experienced spousal violence 19 (%),%,4.3,,8.6,,-4.3
Himachal Pradesh,96,Ever-married women age 18-49 years who have experienced physical violence during any,,0.8,,0.6,,0.2
Himachal Pradesh,97,Young women age 18-29 years who experienced sexual violence by age 18 (%),%,0.3,,0.7,,-0.4
Himachal Pradesh,98,Women age 15 years and above who use any kind of tobacco (%),%,1.9,,1.7,,0.2
Himachal Pradesh,99,Men age 15 years and above who use any kind of tobacco (%),%,28.9,,32.2,,-3.3
Himachal Pradesh,100,Women age 15 years and above who consume alcohol (%),%,0.6,,0.6,,0.0
Himachal Pradesh,101,Men age 15 years and above who consume alcohol (%),%,30.2,,31.9,,-1.7
Jammu and Kashmir,1,Population below age 5 years (%),%,7.5,,6.7,,0.8
Jammu and Kashmir,2,Population below age 15 years (%),%,24.9,,24.1,,0.8
Jammu and Kashmir,3,Population age 60 years and above (%),%,11.9,,9.5,,2.4
Jammu and Kashmir,4,Population living in households with electricity (%),%,99.4,,99.3,,0.1
Jammu and Kashmir,5,Population living in households with an improved drinking-water source1 (%),%,93.9,,91.9,,2.0
Jammu and Kashmir,6,Households using iodized salt (%),%,96.0,,98.1,,-2.1
Jammu and Kashmir,7,Households with any usual member covered under a health insurance/financing scheme (%),%,96.3,,13.8,,82.5
Jammu and Kashmir,8,Households with any usual member having a bank account/post office account (%),%,98.7,,96.8,,1.9
Jammu and Kashmir,9,Female population age 6 years and above who ever attended school (%),%,71.3,,70.1,,1.2
Jammu and Kashmir,10,Households with any usual female members owning a house and/or land (alone or jointly with,,5.0,,5.7,,-0.7
Jammu and Kashmir,11,Children age 2-4 years who attended pre-school (%),%,40.1,,27.2,,12.9
Jammu and Kashmir,12,Women with 10 or more years of schooling (%),%,50.1,,51.3,,-1.2
Jammu and Kashmir,13,Men with 10 or more years of schooling (%),%,62.0,,68.2,,-6.2
Jammu and Kashmir,14,Women who have ever used the internet (%),%,63.6,,43.3,,20.3
Jammu and Kashmir,15,Men who have ever used the internet (%),%,80.8,,62.0,,18.8
Jammu and Kashmir,16,Women age 20-24 years married before age 18 years (%),%,5.1,,4.5,,0.6
Jammu and Kashmir,17,Men age 25-29 years married before age 21 years (%),%,8.5,,8.5,,0.0
Jammu and Kashmir,18,Total fertility rate (children per woman),children per woman,1.8,,1.4,,0.4
Jammu and Kashmir,19,Women age 15-19 years who were already mothers or pregnant at the time of the survey (%),%,1.8,,1.0,,0.8
Jammu and Kashmir,20,Any method2 (%),%,61.2,,59.8,,1.4
Jammu and Kashmir,21,Any modern method2 (%),%,39.4,,52.5,,-13.1
Jammu and Kashmir,22,Any traditional method (%),%,21.8,,7.3,,14.5
Jammu and Kashmir,23,Female sterilization (%),%,17.9,,21.1,,-3.2
Jammu and Kashmir,24,Male sterilization (%),%,0.3,,0.3,,0.0
Jammu and Kashmir,25,Total unmet need3 (%),%,8.2,,7.8,,0.4
Jammu and Kashmir,26,Unmet need for spacing3 (%),%,4.6,,3.9,,0.7
Jammu and Kashmir,27,Unmet need for limiting3 (%),%,3.6,,3.9,,-0.3
Jammu and Kashmir,28,Mothers who had an antenatal check-up in the first trimester (%),%,89.9,,86.6,,3.3
Jammu and Kashmir,29,Mothers who had any antenatal care visits (%),%,96.6,,94.7,,1.9
Jammu and Kashmir,30,Mothers who had at least 4 antenatal care visits (%),%,90.6,,81.1,,9.5
Jammu and Kashmir,31,Mothers whose last birth was protected against neonatal tetanus4 (%),%,95.8,,91.9,,3.9
Jammu and Kashmir,32,Mothers who consumed iron folic acid for 100 days or more when they were pregnant (%),%,31.3,,29.8,,1.5
Jammu and Kashmir,33,Mothers who consumed iron folic acid for 180 days or more when they were pregnant (%),%,15.7,,15.9,,-0.2
Jammu and Kashmir,34,Registered pregnancies for which the mother received a Mother and Child Protection (MCP),MCP,99.0,,97.3,,1.7
Jammu and Kashmir,35,Institutional births (%),%,93.6,,92.4,,1.2
Jammu and Kashmir,36,Institutional births in public facility (%),%,80.3,,86.8,,-6.5
Jammu and Kashmir,37,Births attended by skilled health personnel5 (%),%,94.8,,95.1,,-0.3
Jammu and Kashmir,38,Births delivered by caesarean section (%),%,51.0,,41.7,,9.3
Jammu and Kashmir,39,Births in a private health facility that were delivered by caesarean section (%),%,90.0,,82.1,,7.9
Jammu and Kashmir,40,Births in a public health facility that were delivered by caesarean section (%),%,48.6,,42.7,,5.9
Jammu and Kashmir,41,Mothers who received postnatal care from a doctor/nurse/LHV/ANM/midwife/other health,,88.2,,84.2,,4.0
Jammu and Kashmir,42,Children born at home who were taken to a health facility for a check-up within 24 hours of,,4.5,,3.3,,1.2
Jammu and Kashmir,43,Children who received postnatal care from a doctor/nurse/LHV/ANM/midwife/ other health,,88.7,,81.5,,7.2
Jammu and Kashmir,44,Children age 12-23 months fully vaccinated based on information from either vaccination card,,89.4,,86.2,,3.2
Jammu and Kashmir,45,Children age 12-23 months fully vaccinated based on information from vaccination card,,93.7,,96.5,,-2.8
Jammu and Kashmir,46,Children age 12-23 months who have received any vaccine (%),%,97.7,,95.7,,2.0
Jammu and Kashmir,47,Children age 12-23 months who have received BCG (%),%,97.5,,95.1,,2.4
Jammu and Kashmir,48,Children age 12-23 months who have received 3 doses of polio vaccine 8 (%),%,90.3,,87.6,,2.7
Jammu and Kashmir,49,Children age 12-23 months who have received 3 doses of pentavalent vaccine (%),%,93.6,,92.8,,0.8
Jammu and Kashmir,50,Children age 12-23 months who have received the first dose of measles-containing,,95.0,,91.7,,3.3
Jammu and Kashmir,51,Children age 24-35 months who have received a second dose of measles-containing,,82.4,,73.6,,8.8
Jammu and Kashmir,52,Children age 12-23 months who have received birth dose of hepatitis B vaccine (%),%,94.1,,88.1,,6.0
Jammu and Kashmir,53,Children age 12-23 months who have received 3 doses of rotavirus vaccine (%),%,91.4,,5.3,,86.1
Jammu and Kashmir,54,Children age 9-35 months who received a vitamin A dose in the last 6 months (%),%,84.0,,82.3,,1.7
Jammu and Kashmir,55,Children age 12-23 months who received most of their vaccinations in a public health,,97.9,,99.1,,-1.2
Jammu and Kashmir,56,Children age 12-23 months who received most of their vaccinations in a private health,,1.8,,0.4,,1.4
Jammu and Kashmir,57,Prevalence of diarrhoea in the 2 weeks preceding the survey (%),%,4.1,,5.6,,-1.5
Jammu and Kashmir,58,Prevalence of severe diarrhoea in the 2 weeks preceding the survey (%),%,0.2,,1.5,,-1.3
Jammu and Kashmir,59,Prevalence of symptoms of acute respiratory infection (ARI) in the 2 weeks preceding the,,2.1,,3.8,,-1.7
Jammu and Kashmir,60,Children with fever or symptoms of ARI in the 2 weeks preceding the survey taken to a health,,67.2,,62.3,,4.9
Jammu and Kashmir,61,Children under age 3 years breastfed within one hour of birth 9 (%),%,52.8,,55.6,,-2.8
Jammu and Kashmir,62,Children under age 6 months exclusively breastfed10 (%),%,59.2,,62.0,,-2.8
Jammu and Kashmir,63,Children under age 6 months currently breastfeeding 10 (%),%,93.8,,92.6,,1.2
Jammu and Kashmir,64,Children under age 6 months exclusively breastfed or breastfeeding and consuming plain,,79.0,,75.1,,3.9
Jammu and Kashmir,65,Children age 6-8 months receiving solid or semi-solid food and breastmilk10 (%),%,64.7,,41.8,,22.9
Jammu and Kashmir,66,"Breastfeeding children age 6-23 months receiving an adequate diet10, 11 (%)",%,17.0,,12.0,,5.0
Jammu and Kashmir,67,"Non-breastfeeding children age 6-23 months receiving an adequate diet10, 11 (%)",%,31.8,,18.6,,13.2
Jammu and Kashmir,68,"Total children age 6-23 months receiving an adequate diet10, 11 (%)",%,18.9,,12.8,,6.1
Jammu and Kashmir,69,Children under 5 years who are stunted (height-for-age)12 (%),%,21.4,,26.9,,-5.5
Jammu and Kashmir,70,Children under 5 years who are wasted (weight-for-height)12 (%),%,10.6,,19.0,,-8.4
Jammu and Kashmir,71,Children under 5 years who are severely wasted (weight-for-height)13 (%),%,4.1,,9.7,,-5.6
Jammu and Kashmir,72,Children under 5 years who are underweight (weight-for-age)12 (%),%,14.5,,21.0,,-6.5
Jammu and Kashmir,73,Children under 5 years who are overweight (weight-for-height)14 (%),%,4.3,,9.6,,-5.3
Jammu and Kashmir,74,Women whose Body Mass Index (BMI) is below normal (BMI <18.5 kg/m 2)15 (%),%,9.5,,5.2,,4.3
Jammu and Kashmir,75,Men whose Body Mass Index (BMI) is below normal (BMI <18.5 kg/m2) (%),%,9.5,,4.3,,5.2
Jammu and Kashmir,76,Women who are overweight or obese (BMI ≥25.0 kg/m 2)15 (%),%,36.7,,29.4,,7.3
Jammu and Kashmir,77,Men who are overweight or obese (BMI ≥25.0 kg/m2) (%),%,27.1,,31.7,,-4.6
Jammu and Kashmir,78,Blood sugar level - high (141-160 mg/dl)16 (%),%,5.5,,4.2,,1.3
Jammu and Kashmir,79,Blood sugar level - very high (>160 mg/dl)16 (%),%,6.1,,3.1,,3.0
Jammu and Kashmir,80,Blood sugar level - high or very high (>140 mg/dl) or taking medicine to control blood,,13.0,,8.7,,4.3
Jammu and Kashmir,81,Blood sugar level - high (141-160 mg/dl)16 (%),%,5.0,,4.3,,0.7
Jammu and Kashmir,82,Blood sugar level - very high (>160 mg/dl)16 (%),%,5.0,,2.7,,2.3
Jammu and Kashmir,83,Blood sugar level - high or very high (>140 mg/dl) or taking medicine to control blood,,11.3,,8.0,,3.3
Jammu and Kashmir,84,Mildly elevated blood pressure (Systolic 140-159 mm of Hg and/or,,12.9,,11.7,,1.2
Jammu and Kashmir,85,Moderately or severely elevated blood pressure (Systolic ≥160 mm of Hg and/or,,5.2,,3.0,,2.2
Jammu and Kashmir,86,Elevated blood pressure (Systolic ≥140 mm of Hg and/or Diastolic ≥90 mm of Hg) or taking,,25.0,,20.0,,5.0
Jammu and Kashmir,87,Mildly elevated blood pressure (Systolic 140-159 mm of Hg and/or,,12.5,,12.3,,0.2
Jammu and Kashmir,88,Moderately or severely elevated blood pressure (Systolic ≥160 mm of Hg and/or,,2.6,,2.8,,-0.2
Jammu and Kashmir,89,Elevated blood pressure (Systolic ≥140 mm of Hg and/or Diastolic ≥90 mm of Hg) or taking,,20.9,,18.9,,2.0
Jammu and Kashmir,90,Currently married women who usually participate in three household decisions 17 (%),%,91.3,,81.6,,9.7
Jammu and Kashmir,91,Women who worked in the last 12 months and were paid in cash (%),%,14.2,,18.4,,-4.2
Jammu and Kashmir,92,Women having a bank or savings account that they themselves use (%),%,93.0,,84.9,,8.1
Jammu and Kashmir,93,Women having a mobile phone that they themselves use (%),%,76.9,,75.2,,1.7
Jammu and Kashmir,94,Women age 15-24 years who use hygienic methods of protection during their menstrual,,82.5,,74.5,,8.0
Jammu and Kashmir,95,Ever-married women age 18-49 years who have ever experienced spousal violence 19 (%),%,3.4,,9.7,,-6.3
Jammu and Kashmir,96,Ever-married women age 18-49 years who have experienced physical violence during any,,0.4,,1.2,,-0.8
Jammu and Kashmir,97,Young women age 18-29 years who experienced sexual violence by age 18 (%),%,0.1,,0.1,,0.0
Jammu and Kashmir,98,Women age 15 years and above who use any kind of tobacco (%),%,3.1,,3.6,,-0.5
Jammu and Kashmir,99,Men age 15 years and above who use any kind of tobacco (%),%,30.1,,38.5,,-8.4
Jammu and Kashmir,100,Women age 15 years and above who consume alcohol (%),%,0.2,,0.2,,0.0
Jammu and Kashmir,101,Men age 15 years and above who consume alcohol (%),%,7.3,,8.7,,-1.4
Jharkhand,1,Population below age 5 years (%),%,9.8,,9.5,,0.3
Jharkhand,2,Population below age 15 years (%),%,30.4,,31.3,,-0.9
Jharkhand,3,Population age 60 years and above (%),%,11.5,,10.0,,1.5
Jharkhand,4,Population living in households with electricity (%),%,96.4,,94.3,,2.1
Jharkhand,5,Population living in households with an improved drinking-water source1 (%),%,84.3,,86.6,,-2.3
Jharkhand,6,Households using iodized salt (%),%,96.4,,97.7,,-1.3
Jharkhand,7,Households with any usual member covered under a health insurance/financing scheme (%),%,58.4,,50.3,,8.1
Jharkhand,8,Households with any usual member having a bank account/post office account (%),%,98.7,,95.5,,3.2
Jharkhand,9,Female population age 6 years and above who ever attended school (%),%,68.0,,64.5,,3.5
Jharkhand,10,Households with any usual female members owning a house and/or land (alone or jointly with,,14.5,,10.3,,4.2
Jharkhand,11,Children age 2-4 years who attended pre-school (%),%,46.4,,24.9,,21.5
Jharkhand,12,Women with 10 or more years of schooling (%),%,39.5,,33.2,,6.3
Jharkhand,13,Men with 10 or more years of schooling (%),%,51.2,,46.6,,4.6
Jharkhand,14,Women who have ever used the internet (%),%,68.6,,31.4,,37.2
Jharkhand,15,Men who have ever used the internet (%),%,78.8,,57.9,,20.9
Jharkhand,16,Women age 20-24 years married before age 18 years (%),%,28.1,,32.2,,-4.1
Jharkhand,17,Men age 25-29 years married before age 21 years (%),%,18.7,,22.7,,-4.0
Jharkhand,18,Total fertility rate (children per woman),children per woman,2.2,,2.3,,-0.1
Jharkhand,19,Women age 15-19 years who were already mothers or pregnant at the time of the survey (%),%,11.7,,9.8,,1.9
Jharkhand,20,Any method2 (%),%,63.7,,61.7,,2.0
Jharkhand,21,Any modern method2 (%),%,44.7,,49.5,,-4.8
Jharkhand,22,Any traditional method (%),%,19.0,,12.2,,6.8
Jharkhand,23,Female sterilization (%),%,32.9,,37.4,,-4.5
Jharkhand,24,Male sterilization (%),%,0.4,,0.3,,0.1
Jharkhand,25,Total unmet need3 (%),%,12.6,,11.5,,1.1
Jharkhand,26,Unmet need for spacing3 (%),%,6.4,,4.8,,1.6
Jharkhand,27,Unmet need for limiting3 (%),%,6.2,,6.7,,-0.5
Jharkhand,28,Mothers who had an antenatal check-up in the first trimester (%),%,75.4,,68.0,,7.4
Jharkhand,29,Mothers who had any antenatal care visits (%),%,97.7,,91.9,,5.8
Jharkhand,30,Mothers who had at least 4 antenatal care visits (%),%,59.0,,38.7,,20.3
Jharkhand,31,Mothers whose last birth was protected against neonatal tetanus 4 (%),%,94.7,,90.8,,3.9
Jharkhand,32,Mothers who consumed iron folic acid for 100 days or more when they were pregnant (%),%,30.6,,28.2,,2.4
Jharkhand,33,Mothers who consumed iron folic acid for 180 days or more when they were pregnant (%),%,15.9,,14.9,,1.0
Jharkhand,34,Registered pregnancies for which the mother received a Mother and Child Protection (MCP),MCP,90.6,,91.5,,-0.9
Jharkhand,35,Institutional births (%),%,77.4,,75.8,,1.6
Jharkhand,36,Institutional births in public facility (%),%,54.6,,56.8,,-2.2
Jharkhand,37,Births attended by skilled health personnel5 (%),%,80.3,,82.5,,-2.2
Jharkhand,38,Births delivered by caesarean section (%),%,15.7,,12.8,,2.9
Jharkhand,39,Births in a private health facility that were delivered by caesarean section (%),%,54.1,,46.7,,7.4
Jharkhand,40,Births in a public health facility that were delivered by caesarean section (%),%,6.1,,7.0,,-0.9
Jharkhand,41,Mothers who received postnatal care from a doctor/nurse/LHV/ANM/midwife/other health,,73.8,,69.1,,4.7
Jharkhand,42,Children born at home who were taken to a health facility for a check-up within 24 hours of,,4.3,,3.4,,0.9
Jharkhand,43,Children who received postnatal care from a doctor/nurse/LHV/ANM/midwife/ other health,,77.3,,68.7,,8.6
Jharkhand,44,Children age 12-23 months fully vaccinated based on information from either vaccination card,,78.1,,74.1,,4.0
Jharkhand,45,Children age 12-23 months fully vaccinated based on information from vaccination card,,87.6,,79.2,,8.4
Jharkhand,46,Children age 12-23 months who have received any vaccine (%),%,95.9,,96.2,,-0.3
Jharkhand,47,Children age 12-23 months who have received BCG (%),%,94.9,,95.0,,-0.1
Jharkhand,48,Children age 12-23 months who have received 3 doses of polio vaccine 8 (%),%,79.6,,76.7,,2.9
Jharkhand,49,Children age 12-23 months who have received 3 doses of pentavalent vaccine (%),%,87.3,,86.0,,1.3
Jharkhand,50,Children age 12-23 months who have received the first dose of measles-containing,,89.5,,86.9,,2.6
Jharkhand,51,Children age 24-35 months who have received a second dose of measles-containing,,70.7,,59.8,,10.9
Jharkhand,52,Children age 12-23 months who have received birth dose of hepatitis B vaccine (%),%,65.7,,61.3,,4.4
Jharkhand,53,Children age 12-23 months who have received 3 doses of rotavirus vaccine (%),%,84.9,,74.6,,10.3
Jharkhand,54,Children age 9-35 months who received a vitamin A dose in the last 6 months (%),%,65.5,,70.9,,-5.4
Jharkhand,55,Children age 12-23 months who received most of their vaccinations in a public health,,97.0,,96.5,,0.5
Jharkhand,56,Children age 12-23 months who received most of their vaccinations in a private health,,2.5,,2.9,,-0.4
Jharkhand,57,Prevalence of diarrhoea in the 2 weeks preceding the survey (%),%,10.3,,7.2,,3.1
Jharkhand,58,Prevalence of severe diarrhoea in the 2 weeks preceding the survey (%),%,0.6,,0.4,,0.2
Jharkhand,59,Prevalence of symptoms of acute respiratory infection (ARI) in the 2 weeks preceding the,,2.3,,2.1,,0.2
Jharkhand,60,Children with fever or symptoms of ARI in the 2 weeks preceding the survey taken to a health,,55.5,,59.8,,-4.3
Jharkhand,61,Children under age 3 years breastfed within one hour of birth 9 (%),%,46.8,,21.5,,25.3
Jharkhand,62,Children under age 6 months exclusively breastfed 10 (%),%,63.8,,76.1,,-12.3
Jharkhand,63,Children under age 6 months currently breastfeeding 10 (%),%,96.4,,95.8,,0.6
Jharkhand,64,Children under age 6 months exclusively breastfed or breastfeeding and consuming plain,,91.3,,86.6,,4.7
Jharkhand,65,Children age 6-8 months receiving solid or semi-solid food and breastmilk10 (%),%,62.8,,38.8,,24.0
Jharkhand,66,"Breastfeeding children age 6-23 months receiving an adequate diet10, 11 (%)",%,13.7,,9.5,,4.2
Jharkhand,67,"Non-breastfeeding children age 6-23 months receiving an adequate diet10, 11 (%)",%,8.7,,15.9,,-7.2
Jharkhand,68,"Total children age 6-23 months receiving an adequate diet10, 11 (%)",%,13.3,,10.0,,3.3
Jharkhand,69,Children under 5 years who are stunted (height-for-age)12 (%),%,35.0,,39.6,,-4.6
Jharkhand,70,Children under 5 years who are wasted (weight-for-height)12 (%),%,22.3,,22.4,,-0.1
Jharkhand,71,Children under 5 years who are severely wasted (weight-for-height)13 (%),%,5.9,,9.1,,-3.2
Jharkhand,72,Children under 5 years who are underweight (weight-for-age)12 (%),%,41.1,,39.4,,1.7
Jharkhand,73,Children under 5 years who are overweight (weight-for-height)14 (%),%,0.7,,2.8,,-2.1
Jharkhand,74,Women whose Body Mass Index (BMI) is below normal (BMI <18.5 kg/m 2)15 (%),%,29.2,,26.2,,3.0
Jharkhand,75,Men whose Body Mass Index (BMI) is below normal (BMI <18.5 kg/m2) (%),%,25.3,,17.1,,8.2
Jharkhand,76,Women who are overweight or obese (BMI ≥25.0 kg/m 2)15 (%),%,16.9,,11.9,,5.0
Jharkhand,77,Men who are overweight or obese (BMI ≥25.0 kg/m2) (%),%,16.8,,15.1,,1.7
Jharkhand,78,Blood sugar level - high (141-160 mg/dl)16 (%),%,7.2,,5.4,,1.8
Jharkhand,79,Blood sugar level - very high (>160 mg/dl)16 (%),%,7.4,,4.2,,3.2
Jharkhand,80,Blood sugar level - high or very high (>140 mg/dl) or taking medicine to control blood,,15.0,,10.2,,4.8
Jharkhand,81,Blood sugar level - high (141-160 mg/dl)16 (%),%,9.7,,6.9,,2.8
Jharkhand,82,Blood sugar level - very high (>160 mg/dl)16 (%),%,11.4,,6.4,,5.0
Jharkhand,83,Blood sugar level - high or very high (>140 mg/dl) or taking medicine to control blood,,21.8,,14.1,,7.7
Jharkhand,84,Mildly elevated blood pressure (Systolic 140-159 mm of Hg and/or,,6.1,,11.1,,-5.0
Jharkhand,85,Moderately or severely elevated blood pressure (Systolic ≥160 mm of Hg and/or,,4.5,,5.0,,-0.5
Jharkhand,86,Elevated blood pressure (Systolic ≥140 mm of Hg and/or Diastolic ≥90 mm of Hg) or taking,,13.0,,17.8,,-4.8
Jharkhand,87,Mildly elevated blood pressure (Systolic 140-159 mm of Hg and/or,,9.0,,15.1,,-6.1
Jharkhand,88,Moderately or severely elevated blood pressure (Systolic ≥160 mm of Hg and/or,,3.5,,6.1,,-2.6
Jharkhand,89,Elevated blood pressure (Systolic ≥140 mm of Hg and/or Diastolic ≥90 mm of Hg) or taking,,17.0,,22.6,,-5.6
Jharkhand,90,Currently married women who usually participate in three household decisions 17 (%),%,92.9,,91.0,,1.9
Jharkhand,91,Women who worked in the last 12 months and were paid in cash (%),%,27.7,,18.0,,9.7
Jharkhand,92,Women having a bank or savings account that they themselves use (%),%,90.8,,79.6,,11.2
Jharkhand,93,Women having a mobile phone that they themselves use (%),%,58.4,,49.0,,9.4
Jharkhand,94,Women age 15-24 years who use hygienic methods of protection during their menstrual,,81.1,,75.1,,6.0
Jharkhand,95,Ever-married women age 18-49 years who have ever experienced spousal violence 19 (%),%,27.0,,31.4,,-4.4
Jharkhand,96,Ever-married women age 18-49 years who have experienced physical violence during any,,2.4,,3.1,,-0.7
Jharkhand,97,Young women age 18-29 years who experienced sexual violence by age 18 (%),%,0.4,,1.3,,-0.9
Jharkhand,98,Women age 15 years and above who use any kind of tobacco (%),%,7.5,,8.4,,-0.9
Jharkhand,99,Men age 15 years and above who use any kind of tobacco (%),%,45.2,,47.4,,-2.2
Jharkhand,100,Women age 15 years and above who consume alcohol (%),%,5.5,,6.1,,-0.6
Jharkhand,101,Men age 15 years and above who consume alcohol (%),%,33.6,,34.9,,-1.3
Karnataka,1,Population below age 5 years (%),%,6.5,,7.0,,-0.5
Karnataka,2,Population below age 15 years (%),%,22.0,,22.9,,-0.9
Karnataka,3,Population age 60 years and above (%),%,14.6,,13.3,,1.3
Karnataka,4,Population living in households with electricity (%),%,99.7,,99.1,,0.6
Karnataka,5,Population living in households with an improved drinking-water source1 (%),%,97.3,,95.3,,2.0
Karnataka,6,Households using iodized salt (%),%,96.3,,92.8,,3.5
Karnataka,7,Households with any usual member covered under a health insurance/financing scheme (%),%,63.3,,31.8,,31.5
Karnataka,8,Households with any usual member having a bank account/post office account (%),%,98.6,,94.5,,4.1
Karnataka,9,Female population age 6 years and above who ever attended school (%),%,77.8,,73.0,,4.8
Karnataka,10,Households with any usual female members owning a house and/or land (alone or jointly with,,29.5,,16.2,,13.3
Karnataka,11,Children age 2-4 years who attended pre-school (%),%,50.7,,44.5,,6.2
Karnataka,12,Women with 10 or more years of schooling (%),%,57.6,,50.2,,7.4
Karnataka,13,Men with 10 or more years of schooling (%),%,63.0,,56.5,,6.5
Karnataka,14,Women who have ever used the internet (%),%,57.9,,35.0,,22.9
Karnataka,15,Men who have ever used the internet (%),%,84.3,,56.3,,28.0
Karnataka,16,Women age 20-24 years married before age 18 years (%),%,15.3,,21.3,,-6.0
Karnataka,17,Men age 25-29 years married before age 21 years (%),%,4.4,,6.1,,-1.7
Karnataka,18,Total fertility rate (children per woman),children per woman,1.8,,1.7,,0.1
Karnataka,19,Women age 15-19 years who were already mothers or pregnant at the time of the survey (%),%,4.9,,5.4,,-0.5
Karnataka,20,Any method2 (%),%,64.8,,68.7,,-3.9
Karnataka,21,Any modern method2 (%),%,63.2,,68.2,,-5.0
Karnataka,22,Any traditional method (%),%,1.6,,0.5,,1.1
Karnataka,23,Female sterilization (%),%,56.9,,57.4,,-0.5
Karnataka,24,Male sterilization (%),%,0.0,,0.0,,0.0
Karnataka,25,Total unmet need3 (%),%,8.8,,6.4,,2.4
Karnataka,26,Unmet need for spacing3 (%),%,5.3,,3.7,,1.6
Karnataka,27,Unmet need for limiting3 (%),%,3.5,,2.7,,0.8
Karnataka,28,Mothers who had an antenatal check-up in the first trimester (%),%,82.4,,71.0,,11.4
Karnataka,29,Mothers who had any antenatal care visits (%),%,96.3,,98.3,,-2.0
Karnataka,30,Mothers who had at least 4 antenatal care visits (%),%,84.5,,70.9,,13.6
Karnataka,31,Mothers whose last birth was protected against neonatal tetanus 4 (%),%,95.9,,93.6,,2.3
Karnataka,32,Mothers who consumed iron folic acid for 100 days or more when they were pregnant (%),%,78.9,,44.7,,34.2
Karnataka,33,Mothers who consumed iron folic acid for 180 days or more when they were pregnant (%),%,66.4,,26.7,,39.7
Karnataka,34,Registered pregnancies for which the mother received a Mother and Child Protection (MCP),MCP,97.6,,97.6,,0.0
Karnataka,35,Institutional births (%),%,98.7,,97.0,,1.7
Karnataka,36,Institutional births in public facility (%),%,58.1,,64.8,,-6.7
Karnataka,37,Births attended by skilled health personnel5(%),%,96.6,,93.8,,2.8
Karnataka,38,Births delivered by caesarean section (%),%,45.7,,31.5,,14.2
Karnataka,39,Births in a private health facility that were delivered by caesarean section (%),%,63.8,,52.5,,11.3
Karnataka,40,Births in a public health facility that were delivered by caesarean section (%),%,34.0,,22.6,,11.4
Karnataka,41,Mothers who received postnatal care from a doctor/nurse/LHV/ANM/midwife/other health,,93.6,,87.4,,6.2
Karnataka,42,Children born at home who were taken to a health facility for a check-up within 24 hours of,,23.4,,12.3,,11.1
Karnataka,43,Children who received postnatal care from a doctor/nurse/LHV/ANM/midwife/ other health,,93.2,,85.5,,7.7
Karnataka,44,Children age 12-23 months fully vaccinated based on information from either vaccination card,,90.2,,84.3,,5.9
Karnataka,45,Children age 12-23 months fully vaccinated based on information from vaccination card,,91.8,,88.3,,3.5
Karnataka,46,Children age 12-23 months who have received any vaccine (%),%,96.8,,97.5,,-0.7
Karnataka,47,Children age 12-23 months who have received BCG (%),%,96.4,,97.1,,-0.7
Karnataka,48,Children age 12-23 months who have received 3 doses of polio vaccine 8 (%),%,91.3,,87.5,,3.8
Karnataka,49,Children age 12-23 months who have received 3 doses of pentavalent vaccine (%),%,93.3,,92.3,,1.0
Karnataka,50,Children age 12-23 months who have received the first dose of measles-containing,,95.6,,91.4,,4.2
Karnataka,51,Children age 24-35 months who have received a second dose of measles-containing,,79.4,,62.4,,17.0
Karnataka,52,Children age 12-23 months who have received birth dose of hepatitis B vaccine (%),%,92.5,,84.5,,8.0
Karnataka,53,Children age 12-23 months who have received 3 doses of rotavirus vaccine (%),%,84.4,,5.9,,78.5
Karnataka,54,Children age 9-35 months who received a vitamin A dose in the last 6 months (%),%,89.7,,86.2,,3.5
Karnataka,55,Children age 12-23 months who received most of their vaccinations in a public health,,90.9,,91.7,,-0.8
Karnataka,56,Children age 12-23 months who received most of their vaccinations in a private health,,8.6,,7.9,,0.7
Karnataka,57,Prevalence of diarrhoea in the 2 weeks preceding the survey (%),%,6.2,,5.3,,0.9
Karnataka,58,Prevalence of severe diarrhoea in the 2 weeks preceding the survey (%),%,1.2,,0.7,,0.5
Karnataka,59,Prevalence of symptoms of acute respiratory infection (ARI) in the 2 weeks preceding the,,0.8,,1.5,,-0.7
Karnataka,60,Children with fever or symptoms of ARI in the 2 weeks preceding the survey taken to a health,,80.3,,65.7,,14.6
Karnataka,61,Children under age 3 years breastfed within one hour of birth 9 (%),%,48.3,,49.1,,-0.8
Karnataka,62,Children under age 6 months exclusively breastfed 10 (%),%,61.6,,61.0,,0.6
Karnataka,63,Children under age 6 months currently breastfeeding 10 (%),%,93.8,,92.4,,1.4
Karnataka,64,Children under age 6 months exclusively breastfed or breastfeeding and consuming plain,,82.3,,75.2,,7.1
Karnataka,65,Children age 6-8 months receiving solid or semi-solid food and breastmilk10 (%),%,57.9,,45.8,,12.1
Karnataka,66,"Breastfeeding children age 6-23 months receiving an adequate diet10, 11 (%)",%,14.2,,10.6,,3.6
Karnataka,67,"Non-breastfeeding children age 6-23 months receiving an adequate diet10, 11 (%)",%,31.2,,18.9,,12.3
Karnataka,68,"Total children age 6-23 months receiving an adequate diet10, 11 (%)",%,18.3,,12.4,,5.9
Karnataka,69,Children under 5 years who are stunted (height-for-age)12 (%),%,26.5,,35.4,,-8.9
Karnataka,70,Children under 5 years who are wasted (weight-for-height)12 (%),%,18.7,,19.5,,-0.8
Karnataka,71,Children under 5 years who are severely wasted (weight-for-height)13 (%),%,4.6,,8.4,,-3.8
Karnataka,72,Children under 5 years who are underweight (weight-for-age)12 (%),%,27.8,,32.9,,-5.1
Karnataka,73,Children under 5 years who are overweight (weight-for-height)14 (%),%,1.0,,3.2,,-2.2
Karnataka,74,Women whose Body Mass Index (BMI) is below normal (BMI <18.5 kg/m 2)15 (%),%,15.1,,17.2,,-2.1
Karnataka,75,Men whose Body Mass Index (BMI) is below normal (BMI <18.5 kg/m2) (%),%,14.0,,14.3,,-0.3
Karnataka,76,Women who are overweight or obese (BMI ≥25.0 kg/m 2)15 (%),%,41.2,,30.2,,11.0
Karnataka,77,Men who are overweight or obese (BMI ≥25.0 kg/m2) (%),%,36.4,,30.9,,5.5
Karnataka,78,Blood sugar level - high (141-160 mg/dl)16 (%),%,8.3,,5.7,,2.6
Karnataka,79,Blood sugar level - very high (>160 mg/dl)16 (%),%,12.4,,6.8,,5.6
Karnataka,80,Blood sugar level - high or very high (>140 mg/dl) or taking medicine to control blood,,22.3,,14.0,,8.3
Karnataka,81,Blood sugar level - high (141-160 mg/dl)16 (%),%,9.4,,6.6,,2.8
Karnataka,82,Blood sugar level - very high (>160 mg/dl)16 (%),%,14.8,,7.6,,7.2
Karnataka,83,Blood sugar level - high or very high (>140 mg/dl) or taking medicine to control blood,,26.1,,15.6,,10.5
Karnataka,84,Mildly elevated blood pressure (Systolic 140-159 mm of Hg and/or,,11.6,,14.8,,-3.2
Karnataka,85,Moderately or severely elevated blood pressure (Systolic ≥160 mm of Hg and/or,,6.4,,6.2,,0.2
Karnataka,86,Elevated blood pressure (Systolic ≥140 mm of Hg and/or Diastolic ≥90 mm of Hg) or taking,,25.1,,25.0,,0.1
Karnataka,87,Mildly elevated blood pressure (Systolic 140-159 mm of Hg and/or,,15.4,,17.2,,-1.8
Karnataka,88,Moderately or severely elevated blood pressure (Systolic ≥160 mm of Hg and/or,,4.0,,6.7,,-2.7
Karnataka,89,Elevated blood pressure (Systolic ≥140 mm of Hg and/or Diastolic ≥90 mm of Hg) or taking,,28.2,,26.9,,1.3
Karnataka,90,Currently married women who usually participate in three household decisions 17 (%),%,89.2,,82.7,,6.5
Karnataka,91,Women who worked in the last 12 months and were paid in cash (%),%,40.6,,37.0,,3.6
Karnataka,92,Women having a bank or savings account that they themselves use (%),%,94.7,,88.7,,6.0
Karnataka,93,Women having a mobile phone that they themselves use (%),%,72.4,,61.8,,10.6
Karnataka,94,Women age 15-24 years who use hygienic methods of protection during their menstrual,,84.1,,84.6,,-0.5
Karnataka,95,Ever-married women age 18-49 years who have ever experienced spousal violence 19 (%),%,14.1,,44.4,,-30.3
Karnataka,96,Ever-married women age 18-49 years who have experienced physical violence during any,,2.9,,5.8,,-2.9
Karnataka,97,Young women age 18-29 years who experienced sexual violence by age 18 (%),%,0.1,,2.1,,-2.0
Karnataka,98,Women age 15 years and above who use any kind of tobacco (%),%,6.4,,8.6,,-2.2
Karnataka,99,Men age 15 years and above who use any kind of tobacco (%),%,24.2,,27.3,,-3.1
Karnataka,100,Women age 15 years and above who consume alcohol (%),%,0.5,,0.9,,-0.4
Karnataka,101,Men age 15 years and above who consume alcohol (%),%,15.6,,16.6,,-1.0
Kerala,1,Population below age 5 years (%),%,6.1,,6.1,,0.0
Kerala,2,Population below age 15 years (%),%,20.3,,20.6,,-0.3
Kerala,3,Population age 60 years and above (%),%,20.7,,18.6,,2.1
Kerala,4,Population living in households with electricity (%),%,99.7,,99.6,,0.1
Kerala,5,Population living in households with an improved drinking-water source1 (%),%,96.5,,94.9,,1.6
Kerala,6,Households using iodized salt (%),%,99.1,,99.3,,-0.2
Kerala,7,Households with any usual member covered under a health insurance/financing scheme (%),%,57.1,,57.8,,-0.7
Kerala,8,Households with any usual member having a bank account/post office account (%),%,98.9,,96.1,,2.8
Kerala,9,Female population age 6 years and above who ever attended school (%),%,96.6,,95.5,,1.1
Kerala,10,Households with any usual female members owning a house and/or land (alone or jointly with,,34.3,,30.1,,4.2
Kerala,11,Children age 2-4 years who attended pre-school (%),%,56.7,,54.4,,2.3
Kerala,12,Women with 10 or more years of schooling (%),%,86.6,,77.0,,9.6
Kerala,13,Men with 10 or more years of schooling (%),%,82.1,,73.3,,8.8
Kerala,14,Women who have ever used the internet (%),%,87.3,,61.1,,26.2
Kerala,15,Men who have ever used the internet (%),%,94.9,,62.5,,32.4
Kerala,16,Women age 20-24 years married before age 18 years (%),%,2.9,,6.3,,-3.4
Kerala,17,Men age 25-29 years married before age 21 years (%),%,1.7,,1.4,,0.3
Kerala,18,Total fertility rate (children per woman),children per woman,1.8,,1.8,,0.0
Kerala,19,Women age 15-19 years who were already mothers or pregnant at the time of the survey (%),%,1.5,,2.4,,-0.9
Kerala,20,Any method2 (%),%,66.9,,60.7,,6.2
Kerala,21,Any modern method2 (%),%,54.6,,52.8,,1.8
Kerala,22,Any traditional method (%),%,12.3,,7.9,,4.4
Kerala,23,Female sterilization (%),%,42.3,,46.6,,-4.3
Kerala,24,Male sterilization (%),%,0.2,,0.1,,0.1
Kerala,25,Total unmet need3 (%),%,10.2,,12.5,,-2.3
Kerala,26,Unmet need for spacing3 (%),%,7.0,,7.0,,0.0
Kerala,27,Unmet need for limiting3 (%),%,3.2,,5.5,,-2.3
Kerala,28,Mothers who had an antenatal check-up in the first trimester (%),%,85.5,,93.6,,-8.1
Kerala,29,Mothers who had any antenatal care visits (%),%,94.9,,88.9,,6.0
Kerala,30,Mothers who had at least 4 antenatal care visits (%),%,88.6,,81.3,,7.3
Kerala,31,Mothers whose last birth was protected against neonatal tetanus 4 (%),%,95.2,,95.2,,0.0
Kerala,32,Mothers who consumed iron folic acid for 100 days or more when they were pregnant (%),%,92.0,,80.0,,12.0
Kerala,33,Mothers who consumed iron folic acid for 180 days or more when they were pregnant (%),%,83.7,,67.0,,16.7
Kerala,34,Registered pregnancies for which the mother received a Mother and Child Protection (MCP),MCP,94.1,,91.3,,2.8
Kerala,35,Institutional births (%),%,99.7,,99.8,,-0.1
Kerala,36,Institutional births in public facility (%),%,34.3,,34.1,,0.2
Kerala,37,Births attended by skilled health personnel5 (%),%,99.8,,100.0,,-0.2
Kerala,38,Births delivered by caesarean section (%),%,41.3,,38.9,,2.4
Kerala,39,Births in a private health facility that were delivered by caesarean section (%),%,42.5,,39.9,,2.6
Kerala,40,Births in a public health facility that were delivered by caesarean section (%),%,39.3,,37.2,,2.1
Kerala,41,Mothers who received postnatal care from a doctor/nurse/LHV/ANM/midwife/other health,,94.0,,93.3,,0.7
Kerala,42,Children born at home who were taken to a health facility for a check-up within 24 hours of birth (%),%,,Y,,Y,
Kerala,43,Children who received postnatal care from a doctor/nurse/LHV/ANM/midwife/ other health,,93.5,,91.2,,2.3
Kerala,44,Children age 12-23 months fully vaccinated based on information from either vaccination card,,84.9,,78.4,,6.5
Kerala,45,Children age 12-23 months fully vaccinated based on information from vaccination card,,86.8,,85.2,,1.6
Kerala,46,Children age 12-23 months who have received any vaccine (%),%,97.6,,98.2,,-0.6
Kerala,47,Children age 12-23 months who have received BCG (%),%,96.8,,97.6,,-0.8
Kerala,48,Children age 12-23 months who have received 3 doses of polio vaccine 8 (%),%,88.6,,84.1,,4.5
Kerala,49,Children age 12-23 months who have received 3 doses of pentavalent vaccine (%),%,88.8,,85.9,,2.9
Kerala,50,Children age 12-23 months who have received the first dose of measles-containing,,92.8,,88.9,,3.9
Kerala,51,Children age 24-35 months who have received a second dose of measles-containing,,83.3,,31.9,,51.4
Kerala,52,Children age 12-23 months who have received birth dose of hepatitis B vaccine (%),%,86.9,,81.4,,5.5
Kerala,53,Children age 12-23 months who have received 3 doses of rotavirus vaccine (%),%,87.2,,9.5,,77.7
Kerala,54,Children age 9-35 months who received a vitamin A dose in the last 6 months (%),%,84.3,,84.1,,0.2
Kerala,55,Children age 12-23 months who received most of their vaccinations in a public health,,95.2,,87.3,,7.9
Kerala,56,Children age 12-23 months who received most of their vaccinations in a private health,,4.6,,12.3,,-7.7
Kerala,57,Prevalence of diarrhoea in the 2 weeks preceding the survey (%),%,5.6,,4.3,,1.3
Kerala,58,Prevalence of severe diarrhoea in the 2 weeks preceding the survey (%),%,0.2,,0.1,,0.1
Kerala,59,Prevalence of symptoms of acute respiratory infection (ARI) in the 2 weeks preceding the,,2.8,,2.4,,0.4
Kerala,60,Children with fever or symptoms of ARI in the 2 weeks preceding the survey taken to a health,,79.0,,86.2,,-7.2
Kerala,61,Children under age 3 years breastfed within one hour of birth 9 (%),%,82.3,,66.7,,15.6
Kerala,62,Children under age 6 months exclusively breastfed10 (%),%,72.7,,55.5,,17.2
Kerala,63,Children under age 6 months currently breastfeeding 10 (%),%,97.5,,99.8,,-2.3
Kerala,64,Children under age 6 months exclusively breastfed or breastfeeding and consuming plain,,86.3,,77.8,,8.5
Kerala,65,Children age 6-8 months receiving solid or semi-solid food and breastmilk10 (%),%,79.3,,71.3,,8.0
Kerala,66,"Breastfeeding children age 6-23 months receiving an adequate diet10, 11 (%)",%,24.3,,23.4,,0.9
Kerala,67,"Non-breastfeeding children age 6-23 months receiving an adequate diet10, 11 (%)",%,43.0,,22.2,,20.8
Kerala,68,"Total children age 6-23 months receiving an adequate diet10, 11 (%)",%,26.0,,23.3,,2.7
Kerala,69,Children under 5 years who are stunted (height-for-age)12 (%),%,20.1,,23.4,,-3.3
Kerala,70,Children under 5 years who are wasted (weight-for-height)12 (%),%,10.9,,15.8,,-4.9
Kerala,71,Children under 5 years who are severely wasted (weight-for-height)13 (%),%,2.6,,5.8,,-3.2
Kerala,72,Children under 5 years who are underweight (weight-for-age)12 (%),%,17.8,,19.7,,-1.9
Kerala,73,Children under 5 years who are overweight (weight-for-height)14 (%),%,2.1,,4.0,,-1.9
Kerala,74,Women whose Body Mass Index (BMI) is below normal (BMI <18.5 kg/m 2)15 (%),%,12.0,,10.1,,1.9
Kerala,75,Men whose Body Mass Index (BMI) is below normal (BMI <18.5 kg/m2) (%),%,15.5,,10.0,,5.5
Kerala,76,Women who are overweight or obese (BMI ≥25.0 kg/m 2)15 (%),%,46.7,,38.2,,8.5
Kerala,77,Men who are overweight or obese (BMI ≥25.0 kg/m2) (%),%,37.0,,36.4,,0.6
Kerala,78,Blood sugar level - high (141-160 mg/dl)16 (%),%,8.3,,8.3,,0.0
Kerala,79,Blood sugar level - very high (>160 mg/dl)16 (%),%,16.7,,13.1,,3.6
Kerala,80,Blood sugar level - high or very high (>140 mg/dl) or taking medicine to control blood,,28.9,,24.8,,4.1
Kerala,81,Blood sugar level - high (141-160 mg/dl)16 (%),%,9.2,,9.8,,-0.6
Kerala,82,Blood sugar level - very high (>160 mg/dl)16 (%),%,18.9,,13.8,,5.1
Kerala,83,Blood sugar level - high or very high (>140 mg/dl) or taking medicine to control blood,,31.9,,27.0,,4.9
Kerala,84,Mildly elevated blood pressure (Systolic 140-159 mm of Hg and/or,,13.8,,15.5,,-1.7
Kerala,85,Moderately or severely elevated blood pressure (Systolic ≥160 mm of Hg and/or,,6.4,,6.6,,-0.2
Kerala,86,Elevated blood pressure (Systolic ≥140 mm of Hg and/or Diastolic ≥90 mm of Hg) or taking,,31.9,,30.9,,1.0
Kerala,87,Mildly elevated blood pressure (Systolic 140-159 mm of Hg and/or,,18.1,,19.2,,-1.1
Kerala,88,Moderately or severely elevated blood pressure (Systolic ≥160 mm of Hg and/or,,5.1,,6.7,,-1.6
Kerala,89,Elevated blood pressure (Systolic ≥140 mm of Hg and/or Diastolic ≥90 mm of Hg) or taking,,36.6,,32.8,,3.8
Kerala,90,Currently married women who usually participate in three household decisions 17 (%),%,96.5,,94.1,,2.4
Kerala,91,Women who worked in the last 12 months and were paid in cash (%),%,36.2,,25.8,,10.4
Kerala,92,Women having a bank or savings account that they themselves use (%),%,91.7,,78.5,,13.2
Kerala,93,Women having a mobile phone that they themselves use (%),%,89.1,,86.6,,2.5
Kerala,94,Women age 15-24 years who use hygienic methods of protection during their menstrual,,92.5,,93.3,,-0.8
Kerala,95,Ever-married women age 18-49 years who have ever experienced spousal violence 19 (%),%,17.7,,9.8,,7.9
Kerala,96,Ever-married women age 18-49 years who have experienced physical violence during any,,1.7,,0.5,,1.2
Kerala,97,Young women age 18-29 years who experienced sexual violence by age 18 (%),%,0.3,,0.0,,0.3
Kerala,98,Women age 15 years and above who use any kind of tobacco (%),%,2.2,,2.2,,0.0
Kerala,99,Men age 15 years and above who use any kind of tobacco (%),%,15.9,,16.9,,-1.0
Kerala,100,Women age 15 years and above who consume alcohol (%),%,0.3,,0.2,,0.1
Kerala,101,Men age 15 years and above who consume alcohol (%),%,22.7,,19.9,,2.8
Ladakh,1,Population below age 5 years (%),%,6.7,,6.2,,0.5
Ladakh,2,Population below age 15 years (%),%,25.7,,22.8,,2.9
Ladakh,3,Population age 60 years and above (%),%,14.6,,8.9,,5.7
Ladakh,4,Population living in households with electricity (%),%,99.7,,99.5,,0.2
Ladakh,5,Population living in households with an improved drinking-water source1 (%),%,95.2,,88.7,,6.5
Ladakh,6,Households using iodized salt (%),%,99.1,,98.8,,0.3
Ladakh,7,Households with any usual member covered under a health insurance/financing scheme (%),%,96.0,,17.1,,78.9
Ladakh,8,Households with any usual member having a bank account/post office account (%),%,99.3,,95.7,,3.6
Ladakh,9,Female population age 6 years and above who ever attended school (%),%,69.3,,68.0,,1.3
Ladakh,10,Households with any usual female members owning a house and/or land (alone or jointly with,,7.1,,8.9,,-1.8
Ladakh,11,Children age 2-4 years who attended pre-school (%),%,46.0,,30.4,,15.6
Ladakh,12,Women with 10 or more years of schooling (%),%,58.2,,50.0,,8.2
Ladakh,13,Men with 10 or more years of schooling (%),%,65.9,,72.7,,-6.8
Ladakh,14,Women who have ever used the internet (%),%,78.9,,56.4,,22.5
Ladakh,15,Men who have ever used the internet (%),%,81.0,,47.9,,33.1
Ladakh,16,Women age 20-24 years married before age 18 years (%),%,3.5,,2.5,,1.0
Ladakh,17,Men age 25-29 years married before age 21 years (%),%,4.7,Y,20.2,Y,-15.5
Ladakh,18,Total fertility rate (children per woman),children per woman,1.6,,1.3,,0.3
Ladakh,19,Women age 15-19 years who were already mothers or pregnant at the time of the survey (%),%,0.8,,0.0,,0.8
Ladakh,20,Any method2 (%),%,66.4,,51.3,,15.1
Ladakh,21,Any modern method2 (%),%,57.1,,48.0,,9.1
Ladakh,22,Any traditional method (%),%,9.3,,3.3,,6.0
Ladakh,23,Female sterilization (%),%,13.5,,16.7,,-3.2
Ladakh,24,Male sterilization (%),%,0.1,,0.4,,-0.3
Ladakh,25,Total unmet need3 (%),%,8.4,,7.9,,0.5
Ladakh,26,Unmet need for spacing3 (%),%,5.2,,4.0,,1.2
Ladakh,27,Unmet need for limiting3 (%),%,3.2,,3.9,,-0.7
Ladakh,28,Mothers who had an antenatal check-up in the first trimester (%),%,96.3,,85.7,,10.6
Ladakh,29,Mothers who had any antenatal care visits (%),%,97.5,,90.6,,6.9
Ladakh,30,Mothers who had at least 4 antenatal care visits (%),%,94.6,,78.9,,15.7
Ladakh,31,Mothers whose last birth was protected against neonatal tetanus4 (%),%,97.2,,94.2,,3.0
Ladakh,32,Mothers who consumed iron folic acid for 100 days or more when they were pregnant (%),%,35.3,,14.3,,21.0
Ladakh,33,Mothers who consumed iron folic acid for 180 days or more when they were pregnant (%),%,19.3,,7.3,,12.0
Ladakh,34,Registered pregnancies for which the mother received a Mother and Child Protection (MCP),MCP,99.8,,97.8,,2.0
Ladakh,35,Institutional births (%),%,98.0,,95.1,,2.9
Ladakh,36,Institutional births in public facility (%),%,95.4,,94.7,,0.7
Ladakh,37,Births attended by skilled health personnel5 (%),%,99.1,,97.0,,2.1
Ladakh,38,Births delivered by caesarean section (%),%,27.8,,37.6,,-9.8
Ladakh,39,Births in a private health facility that were delivered by caesarean section (%),%,,Y,,Y,
Ladakh,40,Births in a public health facility that were delivered by caesarean section (%),%,27.0,,39.3,,-12.3
Ladakh,41,Mothers who received postnatal care from a doctor/nurse/LHV/ANM/midwife/other health,,93.0,,79.6,,13.4
Ladakh,42,Children born at home who were taken to a health facility for a check-up within 24 hours of,,,Y,,Y,
Ladakh,43,Children who received postnatal care from a doctor/nurse/LHV/ANM/midwife/ other health,,93.1,,76.7,,16.4
Ladakh,44,Children age 12-23 months fully vaccinated based on information from either vaccination card,,94.1,,88.2,,5.9
Ladakh,45,Children age 12-23 months fully vaccinated based on information from vaccination card,,95.6,,100.0,,-4.4
Ladakh,46,Children age 12-23 months who have received any vaccine (%),%,99.0,,99.1,,-0.1
Ladakh,47,Children age 12-23 months who have received BCG (%),%,99.0,,99.1,,-0.1
Ladakh,48,Children age 12-23 months who have received 3 doses of polio vaccine8 (%),%,94.1,,88.2,,5.9
Ladakh,49,Children age 12-23 months who have received 3 doses of pentavalent vaccine (%),%,98.7,,95.0,,3.7
Ladakh,50,Children age 12-23 months who have received the first dose of measles-containing,,98.1,,92.9,,5.2
Ladakh,51,Children age 24-35 months who have received a second dose of measles-containing,,85.7,,74.2,,11.5
Ladakh,52,Children age 12-23 months who have received birth dose of hepatitis B vaccine (%),%,98.2,,89.8,,8.4
Ladakh,53,Children age 12-23 months who have received 3 doses of rotavirus vaccine (%),%,92.2,,10.6,,81.6
Ladakh,54,Children age 9-35 months who received a vitamin A dose in the last 6 months (%),%,84.5,,87.1,,-2.6
Ladakh,55,Children age 12-23 months who received most of their vaccinations in a public health,,98.7,,100.0,,-1.3
Ladakh,56,Children age 12-23 months who received most of their vaccinations in a private health,,0.6,,0.0,,0.6
Ladakh,57,Prevalence of diarrhoea in the 2 weeks preceding the survey (%),%,0.4,,8.5,,-8.1
Ladakh,58,Prevalence of severe diarrhoea in the 2 weeks preceding the survey (%),%,0.0,,2.8,,-2.8
Ladakh,59,Prevalence of symptoms of acute respiratory infection (ARI) in the 2 weeks preceding the,,0.4,,5.3,,-4.9
Ladakh,60,Children with fever or symptoms of ARI in the 2 weeks preceding the survey taken to a health,,,Y,57.3,,
Ladakh,61,Children under age 3 years breastfed within one hour of birth 9 (%),%,62.6,,57.9,,4.7
Ladakh,62,Children under age 6 months exclusively breastfed 10 (%),%,52.1,,70.9,,-18.8
Ladakh,63,Children under age 6 months currently breastfeeding 10 (%),%,94.1,,97.9,,-3.8
Ladakh,64,Children under age 6 months exclusively breastfed or breastfeeding and consuming plain,,69.9,,74.6,,-4.7
Ladakh,65,Children age 6-8 months receiving solid or semi-solid food and breastmilk10 (%),%,46.4,Y,,Y,
Ladakh,66,"Breastfeeding children age 6-23 months receiving an adequate diet10, 11 (%)",%,15.6,,19.6,,-4.0
Ladakh,67,"Non-breastfeeding children age 6-23 months receiving an adequate diet10, 11 (%)",%,,Y,,Y,
Ladakh,68,"Total children age 6-23 months receiving an adequate diet10, 11 (%)",%,17.4,,23.1,,-5.7
Ladakh,69,Children under 5 years who are stunted (height-for-age)12 (%),%,26.0,,30.5,,-4.5
Ladakh,70,Children under 5 years who are wasted (weight-for-height)12 (%),%,10.6,,17.5,,-6.9
Ladakh,71,Children under 5 years who are severely wasted (weight-for-height)13 (%),%,5.1,,9.1,,-4.0
Ladakh,72,Children under 5 years who are underweight (weight-for-age)12 (%),%,14.5,,20.4,,-5.9
Ladakh,73,Children under 5 years who are overweight (weight-for-height)14 (%),%,6.4,,13.4,,-7.0
Ladakh,74,Women whose Body Mass Index (BMI) is below normal (BMI <18.5 kg/m 2)15 (%),%,5.5,,4.4,,1.1
Ladakh,75,Men whose Body Mass Index (BMI) is below normal (BMI <18.5 kg/m 2) (%),%,3.7,,2.1,,1.6
Ladakh,76,Women who are overweight or obese (BMI ≥25.0 kg/m2)15 (%),%,22.8,,28.3,,-5.5
Ladakh,77,Men who are overweight or obese (BMI ≥25.0 kg/m2) (%),%,27.8,,37.8,,-10.0
Ladakh,78,Blood sugar level - high (141-160 mg/dl)16 (%),%,4.0,,3.9,,0.1
Ladakh,79,Blood sugar level - very high (>160 mg/dl)16 (%),%,2.1,,1.8,,0.3
Ladakh,80,Blood sugar level - high or very high (>140 mg/dl) or taking medicine to control blood sugar level16 (%),%,6.7,,6.7,,0.0
Ladakh,81,Blood sugar level - high (141-160 mg/dl)16 (%),%,4.8,,4.4,,0.4
Ladakh,82,Blood sugar level - very high (>160 mg/dl)16 (%),%,2.7,,2.5,,0.2
Ladakh,83,Blood sugar level - high or very high (>140 mg/dl) or taking medicine to control blood,,8.8,,8.3,,0.5
Ladakh,84,Mildly elevated blood pressure (Systolic 140-159 mm of Hg and/or,,10.1,,10.4,,-0.3
Ladakh,85,Moderately or severely elevated blood pressure (Systolic ≥160 mm of Hg and/or,,2.7,,1.7,,1.0
Ladakh,86,Elevated blood pressure (Systolic ≥140 mm of Hg and/or Diastolic ≥90 mm of Hg) or taking,,16.3,,15.7,,0.6
Ladakh,87,Mildly elevated blood pressure (Systolic 140-159 mm of Hg and/or,,11.1,,11.2,,-0.1
Ladakh,88,Moderately or severely elevated blood pressure (Systolic ≥160 mm of Hg and/or,,2.0,,2.3,,-0.3
Ladakh,89,Elevated blood pressure (Systolic ≥140 mm of Hg and/or Diastolic ≥90 mm of Hg) or taking,,16.5,,17.4,,-0.9
Ladakh,90,Currently married women who usually participate in three household decisions 17 (%),%,93.0,,80.4,,12.6
Ladakh,91,Women who worked in the last 12 months and were paid in cash (%),%,16.2,,28.3,,-12.1
Ladakh,92,Women having a bank or savings account that they themselves use (%),%,95.5,,88.4,,7.1
Ladakh,93,Women having a mobile phone that they themselves use (%),%,89.0,,81.2,,7.8
Ladakh,94,Women age 15-24 years who use hygienic methods of protection during their menstrual,,87.8,,79.1,,8.7
Ladakh,95,Ever-married women age 18-49 years who have ever experienced spousal violence19 (%),%,1.9,,17.7,,-15.8
Ladakh,96,Ever-married women age 18-49 years who have experienced physical violence during any,,0.0,,1.1,,-1.1
Ladakh,97,Young women age 18-29 years who experienced sexual violence by age 18 (%),%,0.0,,0.0,,0.0
Ladakh,98,Women age 15 years and above who use any kind of tobacco (%),%,0.7,,3.2,,-2.5
Ladakh,99,Men age 15 years and above who use any kind of tobacco (%),%,18.9,,35.5,,-16.6
Ladakh,100,Women age 15 years and above who consume alcohol (%),%,0.8,,3.7,,-2.9
Ladakh,101,Men age 15 years and above who consume alcohol (%),%,18.4,,23.5,,-5.1
Lakshadweep,1,Population below age 5 years (%),%,8.9,,6.5,,2.4
Lakshadweep,2,Population below age 15 years (%),%,25.7,,22.3,,3.4
Lakshadweep,3,Population age 60 years and above (%),%,12.8,,12.9,,-0.1
Lakshadweep,4,Population living in households with electricity (%),%,99.8,,99.8,,0.0
Lakshadweep,5,Population living in households with an improved drinking-water source1 (%),%,88.4,,92.9,,-4.5
Lakshadweep,6,Households using iodized salt (%),%,99.6,,96.7,,2.9
Lakshadweep,7,Households with any usual member covered under a health insurance/financing scheme (%),%,45.1,,67.7,,-22.6
Lakshadweep,8,Households with any usual member having a bank account/post office account (%),%,98.1,,96.3,,1.8
Lakshadweep,9,Female population age 6 years and above who ever attended school (%),%,96.2,,93.0,,3.2
Lakshadweep,10,Households with any usual female members owning a house and/or land (alone or jointly with,,53.6,,48.0,,5.6
Lakshadweep,11,Children age 2-4 years who attended pre-school (%),%,70.8,,56.1,,14.7
Lakshadweep,12,Women with 10 or more years of schooling (%),%,78.1,,67.8,,10.3
Lakshadweep,13,Men with 10 or more years of schooling (%),%,88.5,,80.9,,7.6
Lakshadweep,14,Women who have ever used the internet (%),%,77.9,,56.3,,21.6
Lakshadweep,15,Men who have ever used the internet (%),%,91.4,,80.3,,11.1
Lakshadweep,16,Women age 20-24 years married before age 18 years (%),%,2.9,,1.3,,1.6
Lakshadweep,17,Men age 25-29 years married before age 21 years (%),%,,Y,,Y,
Lakshadweep,18,Total fertility rate (children per woman),children per woman,2.2,,1.4,,0.8
Lakshadweep,19,Women age 15-19 years who were already mothers or pregnant at the time of the survey (%),%,3.4,,1.1,,2.3
Lakshadweep,20,Any method2 (%),%,53.7,,52.6,,1.1
Lakshadweep,21,Any modern method2 (%),%,23.8,,30.1,,-6.3
Lakshadweep,22,Any traditional method (%),%,29.9,,22.5,,7.4
Lakshadweep,23,Female sterilization (%),%,12.5,,20.7,,-8.2
Lakshadweep,24,Male sterilization (%),%,0.1,,0.0,,0.1
Lakshadweep,25,Total unmet need3 (%),%,8.7,,12.3,,-3.6
Lakshadweep,26,Unmet need for spacing3 (%),%,7.5,,8.1,,-0.6
Lakshadweep,27,Unmet need for limiting3 (%),%,1.2,,4.2,,-3.0
Lakshadweep,28,Mothers who had an antenatal check-up in the first trimester (%),%,83.2,,99.6,,-16.4
Lakshadweep,29,Mothers who had any antenatal care visits (%),%,98.9,,97.0,,1.9
Lakshadweep,30,Mothers who had at least 4 antenatal care visits (%),%,89.0,,92.1,,-3.1
Lakshadweep,31,Mothers whose last birth was protected against neonatal tetanus4 (%),%,97.6,,99.4,,-1.8
Lakshadweep,32,Mothers who consumed iron folic acid for 100 days or more when they were pregnant (%),%,92.6,,80.1,,12.5
Lakshadweep,33,Mothers who consumed iron folic acid for 180 days or more when they were pregnant (%),%,78.1,,61.7,,16.4
Lakshadweep,34,Registered pregnancies for which the mother received a Mother and Child Protection (MCP),MCP,87.9,,77.8,,10.1
Lakshadweep,35,Institutional births (%),%,100.0,,99.6,,0.4
Lakshadweep,36,Institutional births in public facility (%),%,84.4,,65.3,,19.1
Lakshadweep,37,Births attended by skilled health personnel5 (%),%,99.8,,100.0,,-0.2
Lakshadweep,38,Births delivered by caesarean section (%),%,39.9,,31.3,,8.6
Lakshadweep,39,Births in a private health facility that were delivered by caesarean section (%),%,75.0,,37.7,,37.3
Lakshadweep,40,Births in a public health facility that were delivered by caesarean section (%),%,33.4,,28.2,,5.2
Lakshadweep,41,Mothers who received postnatal care from a doctor/nurse/LHV/ANM/midwife/other health,,94.5,,92.6,,1.9
Lakshadweep,42,Children born at home who were taken to a health facility for a check-up within 24 hours of,,,Y,,Y,
Lakshadweep,43,Children who received postnatal care from a doctor/nurse/LHV/ANM/midwife/ other health,,95.2,,93.7,,1.5
Lakshadweep,44,Children age 12-23 months fully vaccinated based on information from either vaccination card,,90.5,,86.1,Y,4.4
Lakshadweep,45,Children age 12-23 months fully vaccinated based on information from vaccination card,,95.0,,91.7,Y,3.3
Lakshadweep,46,Children age 12-23 months who have received any vaccine (%),%,94.8,,94.2,Y,0.6
Lakshadweep,47,Children age 12-23 months who have received BCG (%),%,94.8,,94.2,Y,0.6
Lakshadweep,48,Children age 12-23 months who have received 3 doses of polio vaccine8 (%),%,90.5,,86.1,Y,4.4
Lakshadweep,49,Children age 12-23 months who have received 3 doses of pentavalent vaccine (%),%,93.7,,91.0,Y,2.7
Lakshadweep,50,Children age 12-23 months who have received the first dose of measles-containing,,93.7,,91.0,Y,2.7
Lakshadweep,51,Children age 24-35 months who have received a second dose of measles-containing,,37.2,,12.5,,24.7
Lakshadweep,52,Children age 12-23 months who have received birth dose of hepatitis B vaccine (%),%,83.0,,94.2,Y,-11.2
Lakshadweep,53,Children age 12-23 months who have received 3 doses of rotavirus vaccine (%),%,22.0,,12.7,Y,9.3
Lakshadweep,54,Children age 9-35 months who received a vitamin A dose in the last 6 months (%),%,39.6,,44.8,,-5.2
Lakshadweep,55,Children age 12-23 months who received most of their vaccinations in a public health,,99.2,,100.0,Y,-0.8
Lakshadweep,56,Children age 12-23 months who received most of their vaccinations in a private health,,0.9,,0.0,Y,0.9
Lakshadweep,57,Prevalence of diarrhoea in the 2 weeks preceding the survey (%),%,9.3,,2.3,,7.0
Lakshadweep,58,Prevalence of severe diarrhoea in the 2 weeks preceding the survey (%),%,0.4,,0.0,,0.4
Lakshadweep,59,Prevalence of symptoms of acute respiratory infection (ARI) in the 2 weeks preceding the,,2.8,,1.4,,1.4
Lakshadweep,60,Children with fever or symptoms of ARI in the 2 weeks preceding the survey taken to a health,,81.6,,,Y,
Lakshadweep,61,Children under age 3 years breastfed within one hour of birth9 (%),%,88.8,,76.3,,12.5
Lakshadweep,62,Children under age 6 months exclusively breastfed10 (%),%,60.8,Y,67.0,Y,-6.2
Lakshadweep,63,Children under age 6 months currently breastfeeding10 (%),%,96.3,Y,100.0,Y,-3.7
Lakshadweep,64,Children under age 6 months exclusively breastfed or breastfeeding and consuming plain,,78.6,Y,83.2,Y,-4.6
Lakshadweep,65,Children age 6-8 months receiving solid or semi-solid food and breastmilk10 (%),%,,Y,,Y,
Lakshadweep,66,"Breastfeeding children age 6-23 months receiving an adequate diet10, 11 (%)",%,16.8,,18.8,,-2.0
Lakshadweep,67,"Non-breastfeeding children age 6-23 months receiving an adequate diet10, 11 (%)",%,,Y,,Y,
Lakshadweep,68,"Total children age 6-23 months receiving an adequate diet10, 11 (%)",%,16.2,,17.6,,-1.4
Lakshadweep,69,Children under 5 years who are stunted (height-for-age)12 (%),%,34.1,,32.0,,2.1
Lakshadweep,70,Children under 5 years who are wasted (weight-for-height)12 (%),%,12.4,,17.4,,-5.0
Lakshadweep,71,Children under 5 years who are severely wasted (weight-for-height)13 (%),%,5.2,,8.7,,-3.5
Lakshadweep,72,Children under 5 years who are underweight (weight-for-age)12 (%),%,25.9,,25.8,,0.1
Lakshadweep,73,Children under 5 years who are overweight (weight-for-height)14 (%),%,1.1,,10.5,,-9.4
Lakshadweep,74,Women whose Body Mass Index (BMI) is below normal (BMI <18.5 kg/m2)15 (%),%,11.1,,8.0,,3.1
Lakshadweep,75,Men whose Body Mass Index (BMI) is below normal (BMI <18.5 kg/m2) (%),%,11.2,,5.5,,5.7
Lakshadweep,76,Women who are overweight or obese (BMI ≥25.0 kg/m2)15 (%),%,50.1,,33.5,,16.6
Lakshadweep,77,Men who are overweight or obese (BMI ≥25.0 kg/m2) (%),%,26.3,,41.3,,-15.0
Lakshadweep,78,Blood sugar level - high (141-160 mg/dl)16 (%),%,8.6,,8.4,,0.2
Lakshadweep,79,Blood sugar level - very high (>160 mg/dl)16 (%),%,12.2,,9.9,,2.3
Lakshadweep,80,Blood sugar level - high or very high (>140 mg/dl) or taking medicine to control blood,,22.5,,19.5,,3.0
Lakshadweep,81,Blood sugar level - high (141-160 mg/dl)16 (%),%,8.5,,10.2,,-1.7
Lakshadweep,82,Blood sugar level - very high (>160 mg/dl)16 (%),%,13.4,,8.1,,5.3
Lakshadweep,83,Blood sugar level - high or very high (>140 mg/dl) or taking medicine to control blood,,23.8,,20.7,,3.1
Lakshadweep,84,Mildly elevated blood pressure (Systolic 140-159 mm of Hg and/or,,14.9,,13.9,,1.0
Lakshadweep,85,Moderately or severely elevated blood pressure (Systolic ≥160 mm of Hg and/or,,11.0,,6.5,,4.5
Lakshadweep,86,Elevated blood pressure (Systolic ≥140 mm of Hg and/or Diastolic ≥90 mm of Hg) or taking,,30.7,,24.8,,5.9
Lakshadweep,87,Mildly elevated blood pressure (Systolic 140-159 mm of Hg and/or,,18.3,,16.6,,1.7
Lakshadweep,88,Moderately or severely elevated blood pressure (Systolic ≥160 mm of Hg and/or,,6.7,,5.1,,1.6
Lakshadweep,89,Elevated blood pressure (Systolic ≥140 mm of Hg and/or Diastolic ≥90 mm of Hg) or taking,,31.0,,24.7,,6.3
Lakshadweep,90,Currently married women who usually participate in three household decisions17 (%),%,94.6,,92.2,,2.4
Lakshadweep,91,Women who worked in the last 12 months and were paid in cash (%),%,21.6,,10.9,,10.7
Lakshadweep,92,Women having a bank or savings account that they themselves use (%),%,89.1,,66.9,,22.2
Lakshadweep,93,Women having a mobile phone that they themselves use (%),%,85.8,,84.0,,1.8
Lakshadweep,94,Women age 15-24 years who use hygienic methods of protection during their menstrual,,99.7,,98.3,,1.4
Lakshadweep,95,Ever-married women age 18-49 years who have ever experienced spousal violence19 (%),%,10.2,,1.3,,8.9
Lakshadweep,96,Ever-married women age 18-49 years who have experienced physical violence during any,,1.7,,0.0,,1.7
Lakshadweep,97,Young women age 18-29 years who experienced sexual violence by age 18 (%),%,0.0,Y,0.0,Y,0.0
Lakshadweep,98,Women age 15 years and above who use any kind of tobacco (%),%,15.8,,17.5,,-1.7
Lakshadweep,99,Men age 15 years and above who use any kind of tobacco (%),%,29.5,,28.5,,1.0
Lakshadweep,100,Women age 15 years and above who consume alcohol (%),%,0.0,,0.3,,-0.3
Lakshadweep,101,Men age 15 years and above who consume alcohol (%),%,0.6,,0.4,,0.2
Madhya Pradesh,1,Population below age 5 years (%),%,8.4,,8.2,,0.2
Madhya Pradesh,2,Population below age 15 years (%),%,25.8,,26.5,,-0.7
Madhya Pradesh,3,Population age 60 years and above (%),%,11.6,,10.9,,0.7
Madhya Pradesh,4,Population living in households with electricity (%),%,99.3,,98.4,,0.9
Madhya Pradesh,5,Population living in households with an improved drinking-water source1 (%),%,89.0,,89.0,,0.0
Madhya Pradesh,6,Households using iodized salt (%),%,95.9,,95.3,,0.6
Madhya Pradesh,7,Households with any usual member covered under a health insurance/financing scheme (%),%,73.6,,38.1,,35.5
Madhya Pradesh,8,Households with any usual member having a bank account/post office account (%),%,99.1,,95.6,,3.5
Madhya Pradesh,9,Female population age 6 years and above who ever attended school (%),%,70.0,,67.5,,2.5
Madhya Pradesh,10,Households with any usual female members owning a house and/or land (alone or jointly with,,17.3,,11.1,,6.2
Madhya Pradesh,11,Children age 2-4 years who attended pre-school (%),%,48.0,,39.0,,9.0
Madhya Pradesh,12,Women with 10 or more years of schooling (%),%,33.7,,29.3,,4.4
Madhya Pradesh,13,Men with 10 or more years of schooling (%),%,42.0,,39.9,,2.1
Madhya Pradesh,14,Women who have ever used the internet (%),%,62.0,,26.9,,35.1
Madhya Pradesh,15,Men who have ever used the internet (%),%,77.3,,55.7,,21.6
Madhya Pradesh,16,Women age 20-24 years married before age 18 years (%),%,20.0,,23.1,,-3.1
Madhya Pradesh,17,Men age 25-29 years married before age 21 years (%),%,25.0,,30.1,,-5.1
Madhya Pradesh,18,Total fertility rate (children per woman),children per woman,2.1,,2.0,,0.1
Madhya Pradesh,19,Women age 15-19 years who were already mothers or pregnant at the time of the survey (%),%,5.6,,5.1,,0.5
Madhya Pradesh,20,Any method2 (%),%,76.4,,71.7,,4.7
Madhya Pradesh,21,Any modern method2 (%),%,62.1,,65.5,,-3.4
Madhya Pradesh,22,Any traditional method (%),%,14.3,,6.2,,8.1
Madhya Pradesh,23,Female sterilization (%),%,47.8,,51.9,,-4.1
Madhya Pradesh,24,Male sterilization (%),%,0.9,,0.7,,0.2
Madhya Pradesh,25,Total unmet need3 (%),%,6.2,,7.7,,-1.5
Madhya Pradesh,26,Unmet need for spacing3 (%),%,3.6,,3.9,,-0.3
Madhya Pradesh,27,Unmet need for limiting3 (%),%,2.6,,3.8,,-1.2
Madhya Pradesh,28,Mothers who had an antenatal check-up in the first trimester (%),%,78.0,,75.4,,2.6
Madhya Pradesh,29,Mothers who had any antenatal care visits (%),%,96.2,,94.7,,1.5
Madhya Pradesh,30,Mothers who had at least 4 antenatal care visits (%),%,69.5,,57.5,,12.0
Madhya Pradesh,31,Mothers whose last birth was protected against neonatal tetanus 4 (%),%,95.3,,95.0,,0.3
Madhya Pradesh,32,Mothers who consumed iron folic acid for 100 days or more when they were pregnant (%),%,58.8,,51.4,,7.4
Madhya Pradesh,33,Mothers who consumed iron folic acid for 180 days or more when they were pregnant (%),%,39.6,,31.8,,7.8
Madhya Pradesh,34,Registered pregnancies for which the mother received a Mother and Child Protection (MCP),MCP,97.5,,96.7,,0.8
Madhya Pradesh,35,Institutional births (%),%,89.8,,90.7,,-0.9
Madhya Pradesh,36,Institutional births in public facility (%),%,76.8,,80.2,,-3.4
Madhya Pradesh,37,Births attended by skilled health personnel5 (%),%,89.4,,89.3,,0.1
Madhya Pradesh,38,Births delivered by caesarean section (%),%,16.0,,12.1,,3.9
Madhya Pradesh,39,Births in a private health facility that were delivered by caesarean section (%),%,61.7,,52.3,,9.4
Madhya Pradesh,40,Births in a public health facility that were delivered by caesarean section (%),%,10.4,,8.2,,2.2
Madhya Pradesh,41,Mothers who received postnatal care from a doctor/nurse/LHV/ANM/midwife/other health,,83.0,,83.5,,-0.5
Madhya Pradesh,42,Children born at home who were taken to a health facility for a check-up within 24 hours of,,12.1,,9.4,,2.7
Madhya Pradesh,43,Children who received postnatal care from a doctor/nurse/LHV/ANM/midwife/ other health,,86.5,,83.9,,2.6
Madhya Pradesh,44,Children age 12-23 months fully vaccinated based on information from either vaccination card,,81.5,,77.4,,4.1
Madhya Pradesh,45,Children age 12-23 months fully vaccinated based on information from vaccination card,,85.8,,83.3,,2.5
Madhya Pradesh,46,Children age 12-23 months who have received any vaccine (%),%,97.0,,96.4,,0.6
Madhya Pradesh,47,Children age 12-23 months who have received BCG (%),%,95.7,,95.4,,0.3
Madhya Pradesh,48,Children age 12-23 months who have received 3 doses of polio vaccine 8 (%),%,85.4,,81.4,,4.0
Madhya Pradesh,49,Children age 12-23 months who have received 3 doses of pentavalent vaccine (%),%,88.6,,87.9,,0.7
Madhya Pradesh,50,Children age 12-23 months who have received the first dose of measles-containing,,92.0,,88.1,,3.9
Madhya Pradesh,51,Children age 24-35 months who have received a second dose of measles-containing,,67.0,,63.9,,3.1
Madhya Pradesh,52,Children age 12-23 months who have received birth dose of hepatitis B vaccine (%),%,86.5,,81.9,,4.6
Madhya Pradesh,53,Children age 12-23 months who have received 3 doses of rotavirus vaccine (%),%,86.3,,70.9,,15.4
Madhya Pradesh,54,Children age 9-35 months who received a vitamin A dose in the last 6 months (%),%,79.3,,78.1,,1.2
Madhya Pradesh,55,Children age 12-23 months who received most of their vaccinations in a public health,,97.4,,98.4,,-1.0
Madhya Pradesh,56,Children age 12-23 months who received most of their vaccinations in a private health,,1.8,,1.2,,0.6
Madhya Pradesh,57,Prevalence of diarrhoea in the 2 weeks preceding the survey (%),%,10.5,,6.4,,4.1
Madhya Pradesh,58,Prevalence of severe diarrhoea in the 2 weeks preceding the survey (%),%,0.7,,0.5,,0.2
Madhya Pradesh,59,Prevalence of symptoms of acute respiratory infection (ARI) in the 2 weeks preceding the,,1.4,,2.6,,-1.2
Madhya Pradesh,60,Children with fever or symptoms of ARI in the 2 weeks preceding the survey taken to a health,,74.7,,64.3,,10.4
Madhya Pradesh,61,Children under age 3 years breastfed within one hour of birth 9 (%),%,49.9,,41.3,,8.6
Madhya Pradesh,62,Children under age 6 months exclusively breastfed10 (%),%,56.4,,74.0,,-17.6
Madhya Pradesh,63,Children under age 6 months currently breastfeeding 10 (%),%,97.4,,96.5,,0.9
Madhya Pradesh,64,Children under age 6 months exclusively breastfed or breastfeeding and consuming plain,,88.7,,86.3,,2.4
Madhya Pradesh,65,Children age 6-8 months receiving solid or semi-solid food and breastmilk10 (%),%,58.3,,39.5,,18.8
Madhya Pradesh,66,"Breastfeeding children age 6-23 months receiving an adequate diet10, 11 (%)",%,12.4,,9.2,,3.2
Madhya Pradesh,67,"Non-breastfeeding children age 6-23 months receiving an adequate diet10, 11 (%)",%,8.9,,7.1,,1.8
Madhya Pradesh,68,"Total children age 6-23 months receiving an adequate diet10, 11 (%)",%,12.0,,9.0,,3.0
Madhya Pradesh,69,Children under 5 years who are stunted (height-for-age)12 (%),%,31.4,,35.7,,-4.3
Madhya Pradesh,70,Children under 5 years who are wasted (weight-for-height)12 (%),%,23.8,,18.9,,4.9
Madhya Pradesh,71,Children under 5 years who are severely wasted (weight-for-height)13 (%),%,6.8,,6.5,,0.3
Madhya Pradesh,72,Children under 5 years who are underweight (weight-for-age)12 (%),%,39.7,,33.0,,6.7
Madhya Pradesh,73,Children under 5 years who are overweight (weight-for-height)14 (%),%,0.6,,2.0,,-1.4
Madhya Pradesh,74,Women whose Body Mass Index (BMI) is below normal (BMI <18.5 kg/m 2)15 (%),%,26.5,,23.0,,3.5
Madhya Pradesh,75,Men whose Body Mass Index (BMI) is below normal (BMI <18.5 kg/m2) (%),%,28.3,,20.8,,7.5
Madhya Pradesh,76,Women who are overweight or obese (BMI ≥25.0 kg/m 2)15 (%),%,22.2,,16.6,,5.6
Madhya Pradesh,77,Men who are overweight or obese (BMI ≥25.0 kg/m2) (%),%,17.6,,15.6,,2.0
Madhya Pradesh,78,Blood sugar level - high (141-160 mg/dl)16 (%),%,7.1,,5.3,,1.8
Madhya Pradesh,79,Blood sugar level - very high (>160 mg/dl)16 (%),%,6.7,,3.9,,2.8
Madhya Pradesh,80,Blood sugar level - high or very high (>140 mg/dl) or taking medicine to control blood sugar level16 (%),%,14.5,,9.8,,4.7
Madhya Pradesh,81,Blood sugar level - high (141-160 mg/dl)16 (%),%,8.8,,6.6,,2.2
Madhya Pradesh,82,Blood sugar level - very high (>160 mg/dl)16 (%),%,8.8,,4.9,,3.9
Madhya Pradesh,83,Blood sugar level - high or very high (>140 mg/dl) or taking medicine to control blood sugar level16 (%),%,18.3,,12.2,,6.1
Madhya Pradesh,84,Mildly elevated blood pressure (Systolic 140-159 mm of Hg and/or Diastolic 90-99 mm of Hg) (%),%,6.1,,13.2,,-7.1
Madhya Pradesh,85,Moderately or severely elevated blood pressure (Systolic ≥160 mm of Hg and/or Diastolic ≥100 mm of Hg) (%),%,4.2,,5.2,,-1.0
Madhya Pradesh,86,Elevated blood pressure (Systolic ≥140 mm of Hg and/or Diastolic ≥90 mm of Hg) or taking medicine to control blood pressure (%),%,14.2,,20.6,,-6.4
Madhya Pradesh,87,Mildly elevated blood pressure (Systolic 140-159 mm of Hg and/or Diastolic 90-99 mm of Hg) (%),%,7.9,,16.0,,-8.1
Madhya Pradesh,88,Moderately or severely elevated blood pressure (Systolic ≥160 mm of Hg and/or Diastolic ≥100 mm of Hg) (%),%,2.6,,5.3,,-2.7
Madhya Pradesh,89,Elevated blood pressure (Systolic ≥140 mm of Hg and/or Diastolic ≥90 mm of Hg) or taking medicine to control blood pressure (%),%,15.4,,22.7,,-7.3
Madhya Pradesh,90,Currently married women who usually participate in three household decisions 17 (%),%,90.4,,86.0,,4.4
Madhya Pradesh,91,Women who worked in the last 12 months and were paid in cash (%),%,32.6,,26.8,,5.8
Madhya Pradesh,92,Women having a bank or savings account that they themselves use (%),%,92.1,,74.7,,17.4
Madhya Pradesh,93,Women having a mobile phone that they themselves use (%),%,48.5,,38.5,,10.0
Madhya Pradesh,94,Women age 15-24 years who use hygienic methods of protection during their menstrual,,65.4,,60.9,,4.5
Madhya Pradesh,95,Ever-married women age 18-49 years who have ever experienced spousal violence 19 (%),%,21.4,,28.0,,-6.6
Madhya Pradesh,96,Ever-married women age 18-49 years who have experienced physical violence during any pregnancy (%),%,2.3,,2.3,,0.0
Madhya Pradesh,97,Young women age 18-29 years who experienced sexual violence by age 18 (%),%,0.6,,1.1,,-0.5
Madhya Pradesh,98,Women age 15 years and above who use any kind of tobacco (%),%,11.6,,10.3,,1.3
Madhya Pradesh,99,Men age 15 years and above who use any kind of tobacco (%),%,47.7,,46.4,,1.3
Madhya Pradesh,100,Women age 15 years and above who consume alcohol (%),%,1.2,,1.0,,0.2
Madhya Pradesh,101,Men age 15 years and above who consume alcohol (%),%,18.5,,17.0,,1.5
Maharashtra,1,Population below age 5 years (%),%,6.4,,7.0,,-0.6
Maharashtra,2,Population below age 15 years (%),%,21.8,,22.8,,-1.0
Maharashtra,3,Population age 60 years and above (%),%,14.4,,13.7,,0.7
Maharashtra,4,Population living in households with electricity (%),%,98.9,,97.8,,1.1
Maharashtra,5,Population living in households with an improved drinking-water source1 (%),%,95.6,,93.5,,2.1
Maharashtra,6,Households using iodized salt (%),%,98.6,,96.2,,2.4
Maharashtra,7,Households with any usual member covered under a health insurance/financing scheme (%),%,38.3,,22.4,,15.9
Maharashtra,8,Households with any usual member having a bank account/post office account (%),%,97.2,,94.4,,2.8
Maharashtra,9,Female population age 6 years and above who ever attended school (%),%,81.4,,79.6,,1.8
Maharashtra,10,Households with any usual female members owning a house and/or land (alone or jointly with,,18.6,,16.5,,2.1
Maharashtra,11,Children age 2-4 years who attended pre-school (%),%,62.6,,66.2,,-3.6
Maharashtra,12,Women with 10 or more years of schooling (%),%,55.4,,50.4,,5.0
Maharashtra,13,Men with 10 or more years of schooling (%),%,66.3,,61.0,,5.3
Maharashtra,14,Women who have ever used the internet (%),%,62.6,,38.0,,24.6
Maharashtra,15,Men who have ever used the internet (%),%,82.6,,52.9,,29.7
Maharashtra,16,Women age 20-24 years married before age 18 years (%),%,19.7,,21.9,,-2.2
Maharashtra,17,Men age 25-29 years married before age 21 years (%),%,9.2,,10.5,,-1.3
Maharashtra,18,Total fertility rate (children per woman),children per woman,1.8,,1.7,,0.1
Maharashtra,19,Women age 15-19 years who were already mothers or pregnant at the time of the survey (%),%,7.1,,7.6,,-0.5
Maharashtra,20,Any method2 (%),%,73.7,,66.2,,7.5
Maharashtra,21,Any modern method2 (%),%,66.7,,63.8,,2.9
Maharashtra,22,Any traditional method (%),%,7.0,,2.4,,4.6
Maharashtra,23,Female sterilization (%),%,49.0,,49.1,,-0.1
Maharashtra,24,Male sterilization (%),%,1.1,,0.4,,0.7
Maharashtra,25,Total unmet need3 (%),%,6.9,,9.6,,-2.7
Maharashtra,26,Unmet need for spacing3 (%),%,4.1,,3.9,,0.2
Maharashtra,27,Unmet need for limiting3 (%),%,2.8,,5.7,,-2.9
Maharashtra,28,Mothers who had an antenatal check-up in the first trimester (%),%,85.4,,70.9,,14.5
Maharashtra,29,Mothers who had any antenatal care visits (%),%,95.5,,91.6,,3.9
Maharashtra,30,Mothers who had at least 4 antenatal care visits (%),%,77.5,,71.4,,6.1
Maharashtra,31,Mothers whose last birth was protected against neonatal tetanus 4 (%),%,93.2,,90.1,,3.1
Maharashtra,32,Mothers who consumed iron folic acid for 100 days or more when they were pregnant (%),%,71.2,,48.2,,23.0
Maharashtra,33,Mothers who consumed iron folic acid for 180 days or more when they were pregnant (%),%,52.3,,30.9,,21.4
Maharashtra,34,Registered pregnancies for which the mother received a Mother and Child Protection (MCP),MCP,97.5,,95.5,,2.0
Maharashtra,35,Institutional births (%),%,96.4,,94.7,,1.7
Maharashtra,36,Institutional births in public facility (%),%,53.3,,55.8,,-2.5
Maharashtra,37,Births attended by skilled health personnel5 (%),%,94.5,,93.8,,0.7
Maharashtra,38,Births delivered by caesarean section (%),%,33.6,,25.4,,8.2
Maharashtra,39,Births in a private health facility that were delivered by caesarean section (%),%,48.5,,39.1,,9.4
Maharashtra,40,Births in a public health facility that were delivered by caesarean section (%),%,23.8,,18.3,,5.5
Maharashtra,41,Mothers who received postnatal care from a doctor/nurse/LHV/ANM/midwife/other health,,91.1,,85.4,,5.7
Maharashtra,42,Children born at home who were taken to a health facility for a check-up within 24 hours of,,15.0,,6.8,,8.2
Maharashtra,43,Children who received postnatal care from a doctor/nurse/LHV/ANM/midwife/ other health,,92.3,,89.1,,3.2
Maharashtra,44,Children age 12-23 months fully vaccinated based on information from either vaccination card,,83.4,,73.6,,9.8
Maharashtra,45,Children age 12-23 months fully vaccinated based on information from vaccination card,,88.6,,81.7,,6.9
Maharashtra,46,Children age 12-23 months who have received any vaccine (%),%,96.3,,94.8,,1.5
Maharashtra,47,Children age 12-23 months who have received BCG (%),%,94.7,,93.8,,0.9
Maharashtra,48,Children age 12-23 months who have received 3 doses of polio vaccine 8 (%),%,85.5,,79.0,,6.5
Maharashtra,49,Children age 12-23 months who have received 3 doses of pentavalent vaccine (%),%,90.4,,83.6,,6.8
Maharashtra,50,Children age 12-23 months who have received the first dose of measles-containing,,93.5,,85.0,,8.5
Maharashtra,51,Children age 24-35 months who have received a second dose of measles-containing,,66.7,,50.3,,16.4
Maharashtra,52,Children age 12-23 months who have received birth dose of hepatitis B vaccine (%),%,76.2,,50.5,,25.7
Maharashtra,53,Children age 12-23 months who have received 3 doses of rotavirus vaccine (%),%,87.0,,8.2,,78.8
Maharashtra,54,Children age 9-35 months who received a vitamin A dose in the last 6 months (%),%,84.0,,72.2,,11.8
Maharashtra,55,Children age 12-23 months who received most of their vaccinations in a public health,,95.2,,89.5,,5.7
Maharashtra,56,Children age 12-23 months who received most of their vaccinations in a private health,,3.9,,10.0,,-6.1
Maharashtra,57,Prevalence of diarrhoea in the 2 weeks preceding the survey (%),%,5.9,,8.9,,-3.0
Maharashtra,58,Prevalence of severe diarrhoea in the 2 weeks preceding the survey (%),%,0.4,,0.8,,-0.4
Maharashtra,59,Prevalence of symptoms of acute respiratory infection (ARI) in the 2 weeks preceding the,,1.8,,3.2,,-1.4
Maharashtra,60,Children with fever or symptoms of ARI in the 2 weeks preceding the survey taken to a health,,75.6,,77.5,,-1.9
Maharashtra,61,Children under age 3 years breastfed within one hour of birth 9 (%),%,53.2,,53.2,,0.0
Maharashtra,62,Children under age 6 months exclusively breastfed10 (%),%,64.7,,71.0,,-6.3
Maharashtra,63,Children under age 6 months currently breastfeeding 10 (%),%,89.2,,96.7,,-7.5
Maharashtra,64,Children under age 6 months exclusively breastfed or breastfeeding and consuming plain,,80.5,,85.6,,-5.1
Maharashtra,65,Children age 6-8 months receiving solid or semi-solid food and breastmilk10 (%),%,53.6,,52.7,,0.9
Maharashtra,66,"Breastfeeding children age 6-23 months receiving an adequate diet10, 11 (%)",%,9.4,,8.2,,1.2
Maharashtra,67,"Non-breastfeeding children age 6-23 months receiving an adequate diet10, 11 (%)",%,8.5,,11.7,,-3.2
Maharashtra,68,"Total children age 6-23 months receiving an adequate diet10, 11 (%)",%,9.3,,8.9,,0.4
Maharashtra,69,Children under 5 years who are stunted (height-for-age)12 (%),%,29.5,,35.2,,-5.7
Maharashtra,70,Children under 5 years who are wasted (weight-for-height)12 (%),%,19.9,,25.6,,-5.7
Maharashtra,71,Children under 5 years who are severely wasted (weight-for-height)13 (%),%,7.6,,10.9,,-3.3
Maharashtra,72,Children under 5 years who are underweight (weight-for-age)12 (%),%,31.4,,36.1,,-4.7
Maharashtra,73,Children under 5 years who are overweight (weight-for-height)14 (%),%,1.5,,4.1,,-2.6
Maharashtra,74,Women whose Body Mass Index (BMI) is below normal (BMI <18.5 kg/m 2)15 (%),%,18.4,,20.8,,-2.4
Maharashtra,75,Men whose Body Mass Index (BMI) is below normal (BMI <18.5 kg/m2) (%),%,17.1,,16.2,,0.9
Maharashtra,76,Women who are overweight or obese (BMI ≥25.0 kg/m 2)15 (%),%,31.1,,23.5,,7.6
Maharashtra,77,Men who are overweight or obese (BMI ≥25.0 kg/m2) (%),%,32.8,,24.7,,8.1
Maharashtra,78,Blood sugar level - high (141-160 mg/dl)16 (%),%,7.0,,5.7,,1.3
Maharashtra,79,Blood sugar level - very high (>160 mg/dl)16 (%),%,7.8,,5.4,,2.4
Maharashtra,80,Blood sugar level - high or very high (>140 mg/dl) or taking medicine to control blood sugar level16 (%),%,16.0,,12.4,,3.6
Maharashtra,81,Blood sugar level - high (141-160 mg/dl)16 (%),%,7.8,,6.5,,1.3
Maharashtra,82,Blood sugar level - very high (>160 mg/dl)16 (%),%,8.8,,5.9,,2.9
Maharashtra,83,Blood sugar level - high or very high (>140 mg/dl) or taking medicine to control blood sugar level16 (%),%,17.7,,13.6,,4.1
Maharashtra,84,Mildly elevated blood pressure (Systolic 140-159 mm of Hg and/or Diastolic 90-99 mm of Hg) (%),%,13.2,,13.7,,-0.5
Maharashtra,85,Moderately or severely elevated blood pressure (Systolic ≥160 mm of Hg and/or Diastolic ≥100 mm of Hg) (%),%,5.8,,5.0,,0.8
Maharashtra,86,Elevated blood pressure (Systolic ≥140 mm of Hg and/or Diastolic ≥90 mm of Hg) or taking medicine to control blood pressure (%),%,24.9,,23.1,,1.8
Maharashtra,87,Mildly elevated blood pressure (Systolic 140-159 mm of Hg and/or Diastolic 90-99 mm of Hg) (%),%,17.0,,16.0,,1.0
Maharashtra,88,Moderately or severely elevated blood pressure (Systolic ≥160 mm of Hg and/or Diastolic ≥100 mm of Hg) (%),%,3.9,,5.3,,-1.4
Maharashtra,89,Elevated blood pressure (Systolic ≥140 mm of Hg and/or Diastolic ≥90 mm of Hg) or taking medicine to control blood pressure (%),%,27.7,,24.4,,3.3
Maharashtra,90,Currently married women who usually participate in three household decisions 17 (%),%,93.1,,89.8,,3.3
Maharashtra,91,Women who worked in the last 12 months and were paid in cash (%),%,39.5,,34.7,,4.8
Maharashtra,92,Women having a bank or savings account that they themselves use (%),%,84.0,,72.8,,11.2
Maharashtra,93,Women having a mobile phone that they themselves use (%),%,63.5,,54.8,,8.7
Maharashtra,94,Women age 15-24 years who use hygienic methods of protection during their menstrual,,90.4,,85.3,,5.1
Maharashtra,95,Ever-married women age 18-49 years who have ever experienced spousal violence 19 (%),%,19.2,,25.2,,-6.0
Maharashtra,96,Ever-married women age 18-49 years who have experienced physical violence during any,,1.8,,3.3,,-1.5
Maharashtra,97,Young women age 18-29 years who experienced sexual violence by age 18 (%),%,0.4,,1.2,,-0.8
Maharashtra,98,Women age 15 years and above who use any kind of tobacco (%),%,8.8,,11.0,,-2.2
Maharashtra,99,Men age 15 years and above who use any kind of tobacco (%),%,31.3,,33.8,,-2.5
Maharashtra,100,Women age 15 years and above who consume alcohol (%),%,0.3,,0.4,,-0.1
Maharashtra,101,Men age 15 years and above who consume alcohol (%),%,12.2,,13.9,,-1.7
Meghalaya,1,Population below age 5 years (%),%,8.9,,12.1,,-3.2
Meghalaya,2,Population below age 15 years (%),%,34.1,,37.3,,-3.2
Meghalaya,3,Population age 60 years and above (%),%,6.8,,4.9,,1.9
Meghalaya,4,Population living in households with electricity (%),%,95.9,,91.9,,4.0
Meghalaya,5,Population living in households with an improved drinking-water source1 (%),%,84.3,,79.2,,5.1
Meghalaya,6,Households using iodized salt (%),%,94.6,,90.6,,4.0
Meghalaya,7,Households with any usual member covered under a health insurance/financing scheme (%),%,74.9,,69.0,,5.9
Meghalaya,8,Households with any usual member having a bank account/post office account (%),%,93.5,,90.0,,3.5
Meghalaya,9,Female population age 6 years and above who ever attended school (%),%,82.6,,85.9,,-3.3
Meghalaya,10,Households with any usual female members owning a house and/or land (alone or jointly with,,65.3,,63.8,,1.5
Meghalaya,11,Children age 2-4 years who attended pre-school (%),%,23.6,,27.7,,-4.1
Meghalaya,12,Women with 10 or more years of schooling (%),%,37.5,,35.1,,2.4
Meghalaya,13,Men with 10 or more years of schooling (%),%,35.9,,34.7,,1.2
Meghalaya,14,Women who have ever used the internet (%),%,59.0,,34.7,,24.3
Meghalaya,15,Men who have ever used the internet (%),%,68.7,,36.5,,32.2
Meghalaya,16,Women age 20-24 years married before age 18 years (%),%,13.8,,16.9,,-3.1
Meghalaya,17,Men age 25-29 years married before age 21 years (%),%,18.4,,17.9,,0.5
Meghalaya,18,Total fertility rate (children per woman),children per woman,2.2,,2.9,,-0.7
Meghalaya,19,Women age 15-19 years who were already mothers or pregnant at the time of the survey (%),%,4.6,,7.2,,-2.6
Meghalaya,20,Any method2 (%),%,42.1,,27.4,,14.7
Meghalaya,21,Any modern method2 (%),%,30.2,,22.5,,7.7
Meghalaya,22,Any traditional method (%),%,11.9,,4.9,,7.0
Meghalaya,23,Female sterilization (%),%,7.1,,5.6,,1.5
Meghalaya,24,Male sterilization (%),%,0.1,,0.0,,0.1
Meghalaya,25,Total unmet need3 (%),%,21.0,,26.9,,-5.9
Meghalaya,26,Unmet need for spacing3 (%),%,18.4,,18.3,,0.1
Meghalaya,27,Unmet need for limiting3 (%),%,2.6,,8.6,,-6.0
Meghalaya,28,Mothers who had an antenatal check-up in the first trimester (%),%,57.9,,53.9,,4.0
Meghalaya,29,Mothers who had any antenatal care visits (%),%,90.6,,82.4,,8.2
Meghalaya,30,Mothers who had at least 4 antenatal care visits (%),%,53.2,,52.2,,1.0
Meghalaya,31,Mothers whose last birth was protected against neonatal tetanus 4 (%),%,88.1,,82.1,,6.0
Meghalaya,32,Mothers who consumed iron folic acid for 100 days or more when they were pregnant (%),%,62.7,,43.1,,19.6
Meghalaya,33,Mothers who consumed iron folic acid for 180 days or more when they were pregnant (%),%,40.8,,20.6,,20.2
Meghalaya,34,Registered pregnancies for which the mother received a Mother and Child Protection (MCP),MCP,98.1,,93.3,,4.8
Meghalaya,35,Institutional births (%),%,65.6,,58.1,,7.5
Meghalaya,36,Institutional births in public facility (%),%,55.7,,49.1,,6.6
Meghalaya,37,Births attended by skilled health personnel5 (%),%,70.9,,64.0,,6.9
Meghalaya,38,Births delivered by caesarean section (%),%,6.4,,8.2,,-1.8
Meghalaya,39,Births in a private health facility that were delivered by caesarean section (%),%,36.2,,40.8,,-4.6
Meghalaya,40,Births in a public health facility that were delivered by caesarean section (%),%,5.0,,9.2,,-4.2
Meghalaya,41,Mothers who received postnatal care from a doctor/nurse/LHV/ANM/midwife/other health,,51.9,,43.9,,8.0
Meghalaya,42,Children born at home who were taken to a health facility for a check-up within 24 hours of,,2.4,,1.6,,0.8
Meghalaya,43,Children who received postnatal care from a doctor/nurse/LHV/ANM/midwife/ other health,,53.8,,44.9,,8.9
Meghalaya,44,Children age 12-23 months fully vaccinated based on information from either vaccination card,,75.3,,64.0,,11.3
Meghalaya,45,Children age 12-23 months fully vaccinated based on information from vaccination card,,84.9,,80.0,,4.9
Meghalaya,46,Children age 12-23 months who have received any vaccine (%),%,91.3,,90.6,,0.7
Meghalaya,47,Children age 12-23 months who have received BCG (%),%,90.4,,89.3,,1.1
Meghalaya,48,Children age 12-23 months who have received 3 doses of polio vaccine 8 (%),%,78.2,,68.5,,9.7
Meghalaya,49,Children age 12-23 months who have received 3 doses of pentavalent vaccine (%),%,79.3,,73.5,,5.8
Meghalaya,50,Children age 12-23 months who have received the first dose of measles-containing,,83.2,,72.5,,10.7
Meghalaya,51,Children age 24-35 months who have received a second dose of measles-containing,,60.0,,25.9,,34.1
Meghalaya,52,Children age 12-23 months who have received birth dose of hepatitis B vaccine (%),%,67.5,,46.5,,21.0
Meghalaya,53,Children age 12-23 months who have received 3 doses of rotavirus vaccine (%),%,77.2,,4.1,,73.1
Meghalaya,54,Children age 9-35 months who received a vitamin A dose in the last 6 months (%),%,77.0,,61.0,,16.0
Meghalaya,55,Children age 12-23 months who received most of their vaccinations in a public health,,94.2,,93.6,,0.6
Meghalaya,56,Children age 12-23 months who received most of their vaccinations in a private health,,3.3,,3.5,,-0.2
Meghalaya,57,Prevalence of diarrhoea in the 2 weeks preceding the survey (%),%,3.6,,10.4,,-6.8
Meghalaya,58,Prevalence of severe diarrhoea in the 2 weeks preceding the survey (%),%,0.7,,1.4,,-0.7
Meghalaya,59,Prevalence of symptoms of acute respiratory infection (ARI) in the 2 weeks preceding the,,1.0,,4.8,,-3.8
Meghalaya,60,Children with fever or symptoms of ARI in the 2 weeks preceding the survey taken to a health,,65.3,,72.9,,-7.6
Meghalaya,61,Children under age 3 years breastfed within one hour of birth 9 (%),%,76.4,,78.8,,-2.4
Meghalaya,62,Children under age 6 months exclusively breastfed 10 (%),%,46.8,,42.7,,4.1
Meghalaya,63,Children under age 6 months currently breastfeeding 10 (%),%,97.1,,97.0,,0.1
Meghalaya,64,Children under age 6 months exclusively breastfed or breastfeeding and consuming plain,,76.4,,74.9,,1.5
Meghalaya,65,Children age 6-8 months receiving solid or semi-solid food and breastmilk10 (%),%,64.3,,66.8,,-2.5
Meghalaya,66,"Breastfeeding children age 6-23 months receiving an adequate diet10, 11 (%)",%,16.3,,28.7,,-12.4
Meghalaya,67,"Non-breastfeeding children age 6-23 months receiving an adequate diet10, 11 (%)",%,35.0,,27.7,,7.3
Meghalaya,68,"Total children age 6-23 months receiving an adequate diet10, 11 (%)",%,18.9,,28.5,,-9.6
Meghalaya,69,Children under 5 years who are stunted (height-for-age)12 (%),%,36.8,,46.5,,-9.7
Meghalaya,70,Children under 5 years who are wasted (weight-for-height)12 (%),%,13.2,,12.1,,1.1
Meghalaya,71,Children under 5 years who are severely wasted (weight-for-height)13 (%),%,6.2,,4.7,,1.5
Meghalaya,72,Children under 5 years who are underweight (weight-for-age)12 (%),%,25.3,,26.6,,-1.3
Meghalaya,73,Children under 5 years who are overweight (weight-for-height)14 (%),%,2.6,,4.0,,-1.4
Meghalaya,74,Women whose Body Mass Index (BMI) is below normal (BMI <18.5 kg/m 2)15 (%),%,9.1,,10.8,,-1.7
Meghalaya,75,Men whose Body Mass Index (BMI) is below normal (BMI <18.5 kg/m2) (%),%,7.1,,9.0,,-1.9
Meghalaya,76,Women who are overweight or obese (BMI ≥25.0 kg/m 2)15 (%),%,13.8,,11.5,,2.3
Meghalaya,77,Men who are overweight or obese (BMI ≥25.0 kg/m2) (%),%,15.6,,13.9,,1.7
Meghalaya,78,Blood sugar level - high (141-160 mg/dl)16 (%),%,4.0,,5.0,,-1.0
Meghalaya,79,Blood sugar level - very high (>160 mg/dl)16 (%),%,2.7,,3.0,,-0.3
Meghalaya,80,Blood sugar level - high or very high (>140 mg/dl) or taking medicine to control blood,,7.1,,9.5,,-2.4
Meghalaya,81,Blood sugar level - high (141-160 mg/dl)16 (%),%,3.8,,8.6,,-4.8
Meghalaya,82,Blood sugar level - very high (>160 mg/dl)16 (%),%,2.8,,4.2,,-1.4
Meghalaya,83,Blood sugar level - high or very high (>140 mg/dl) or taking medicine to control blood sugar,,6.8,,13.9,,-7.1
Meghalaya,84,Mildly elevated blood pressure (Systolic 140-159 mm of Hg and/or,,10.8,,10.0,,0.8
Meghalaya,85,Moderately or severely elevated blood pressure (Systolic ≥160 mm of Hg and/or,,4.3,,3.9,,0.4
Meghalaya,86,Elevated blood pressure (Systolic ≥140 mm of Hg and/or Diastolic ≥90 mm of Hg) or taking,,16.9,,18.7,,-1.8
Meghalaya,87,Mildly elevated blood pressure (Systolic 140-159 mm of Hg and/or,,13.8,,14.2,,-0.4
Meghalaya,88,Moderately or severely elevated blood pressure (Systolic ≥160 mm of Hg and/or,,2.1,,3.8,,-1.7
Meghalaya,89,Elevated blood pressure (Systolic ≥140 mm of Hg and/or Diastolic ≥90 mm of Hg) or taking,,19.1,,21.4,,-2.3
Meghalaya,90,Currently married women who usually participate in three household decisions 17 (%),%,89.5,,92.3,,-2.8
Meghalaya,91,Women who worked in the last 12 months and were paid in cash (%),%,43.9,,40.0,,3.9
Meghalaya,92,Women having a bank or savings account that they themselves use (%),%,81.5,,70.4,,11.1
Meghalaya,93,Women having a mobile phone that they themselves use (%),%,80.6,,67.5,,13.1
Meghalaya,94,Women age 15-24 years who use hygienic methods of protection during their menstrual,,68.7,,65.3,,3.4
Meghalaya,95,Ever-married women age 18-49 years who have ever experienced spousal violence 19 (%),%,5.9,,15.0,,-9.1
Meghalaya,96,Ever-married women age 18-49 years who have experienced physical violence during any,,0.9,,1.6,,-0.7
Meghalaya,97,Young women age 18-29 years who experienced sexual violence by age 18 (%),%,0.0,,0.5,,-0.5
Meghalaya,98,Women age 15 years and above who use any kind of tobacco (%),%,34.6,,28.3,,6.3
Meghalaya,99,Men age 15 years and above who use any kind of tobacco (%),%,57.8,,57.8,,0.0
Meghalaya,100,Women age 15 years and above who consume alcohol (%),%,1.2,,1.5,,-0.3
Meghalaya,101,Men age 15 years and above who consume alcohol (%),%,28.3,,32.4,,-4.1
Mizoram,1,Population below age 5 years (%),%,6.6,,7.8,,-1.2
Mizoram,2,Population below age 15 years (%),%,24.5,,27.3,,-2.8
Mizoram,3,Population age 60 years and above (%),%,11.4,,10.1,,1.3
Mizoram,4,Population living in households with electricity (%),%,97.9,,98.2,,-0.3
Mizoram,5,Population living in households with an improved drinking-water source1 (%),%,98.3,,95.8,,2.5
Mizoram,6,Households using iodized salt (%),%,99.7,,99.0,,0.7
Mizoram,7,Households with any usual member covered under a health insurance/financing scheme (%),%,60.1,,50.3,,9.8
Mizoram,8,Households with any usual member having a bank account/post office account (%),%,97.9,,95.7,,2.2
Mizoram,9,Female population age 6 years and above who ever attended school (%),%,95.3,,93.2,,2.1
Mizoram,10,Households with any usual female members owning a house and/or land (alone or jointly with,,16.8,,14.2,,2.6
Mizoram,11,Children age 2-4 years who attended pre-school (%),%,40.2,,36.4,,3.8
Mizoram,12,Women with 10 or more years of schooling (%),%,54.7,,50.0,,4.7
Mizoram,13,Men with 10 or more years of schooling (%),%,53.1,,49.1,,4.0
Mizoram,14,Women who have ever used the internet (%),%,82.5,,67.6,,14.9
Mizoram,15,Men who have ever used the internet (%),%,88.1,,67.6,,20.5
Mizoram,16,Women age 20-24 years married before age 18 years (%),%,6.0,,8.0,,-2.0
Mizoram,17,Men age 25-29 years married before age 21 years (%),%,7.1,,11.0,,-3.9
Mizoram,18,Total fertility rate (children per woman),children per woman,1.6,,1.9,,-0.3
Mizoram,19,Women age 15-19 years who were already mothers or pregnant at the time of the survey (%),%,4.8,,4.1,,0.7
Mizoram,20,Any method2 (%),%,64.2,,31.2,,33.0
Mizoram,21,Any modern method2 (%),%,61.0,,30.8,,30.2
Mizoram,22,Any traditional method (%),%,3.2,,0.4,,2.8
Mizoram,23,Female sterilization (%),%,29.1,,13.0,,16.1
Mizoram,24,Male sterilization (%),%,0.0,,0.0,,0.0
Mizoram,25,Total unmet need3 (%),%,8.0,,18.9,,-10.9
Mizoram,26,Unmet need for spacing3 (%),%,7.1,,12.9,,-5.8
Mizoram,27,Unmet need for limiting3 (%),%,0.9,,6.0,,-5.1
Mizoram,28,Mothers who had an antenatal check-up in the first trimester (%),%,77.6,,72.7,,4.9
Mizoram,29,Mothers who had any antenatal care visits (%),%,97.0,,79.4,,17.6
Mizoram,30,Mothers who had at least 4 antenatal care visits (%),%,72.1,,58.1,,14.0
Mizoram,31,Mothers whose last birth was protected against neonatal tetanus 4 (%),%,93.0,,80.0,,13.0
Mizoram,32,Mothers who consumed iron folic acid for 100 days or more when they were pregnant (%),%,78.7,,61.9,,16.8
Mizoram,33,Mothers who consumed iron folic acid for 180 days or more when they were pregnant (%),%,42.1,,10.5,,31.6
Mizoram,34,Registered pregnancies for which the mother received a Mother and Child Protection (MCP),MCP,99.0,,96.1,,2.9
Mizoram,35,Institutional births (%),%,91.2,,85.8,,5.4
Mizoram,36,Institutional births in public facility (%),%,74.7,,73.8,,0.9
Mizoram,37,Births attended by skilled health personnel5 (%),%,93.1,,87.7,,5.4
Mizoram,38,Births delivered by caesarean section (%),%,13.5,,10.8,,2.7
Mizoram,39,Births in a private health facility that were delivered by caesarean section (%),%,35.2,,30.4,,4.8
Mizoram,40,Births in a public health facility that were delivered by caesarean section (%),%,10.3,,9.8,,0.5
Mizoram,41,Mothers who received postnatal care from a doctor/nurse/LHV/ANM/midwife/other health,,82.3,,68.0,,14.3
Mizoram,42,Children born at home who were taken to a health facility for a check-up within 24 hours of,,2.4,,2.0,,0.4
Mizoram,43,Children who received postnatal care from a doctor/nurse/LHV/ANM/midwife/ other health,,86.0,,36.9,,49.1
Mizoram,44,Children age 12-23 months fully vaccinated based on information from either vaccination card,,72.1,,72.7,,-0.6
Mizoram,45,Children age 12-23 months fully vaccinated based on information from vaccination card,,74.0,,83.7,,-9.7
Mizoram,46,Children age 12-23 months who have received any vaccine (%),%,96.0,,86.4,,9.6
Mizoram,47,Children age 12-23 months who have received BCG (%),%,92.6,,83.4,,9.2
Mizoram,48,Children age 12-23 months who have received 3 doses of polio vaccine 8 (%),%,86.7,,76.2,,10.5
Mizoram,49,Children age 12-23 months who have received 3 doses of pentavalent vaccine (%),%,77.6,,80.9,,-3.3
Mizoram,50,Children age 12-23 months who have received the first dose of measles-containing,,89.5,,81.0,,8.5
Mizoram,51,Children age 24-35 months who have received a second dose of measles-containing,,59.6,,48.7,,10.9
Mizoram,52,Children age 12-23 months who have received birth dose of hepatitis B vaccine (%),%,88.4,,59.8,,28.6
Mizoram,53,Children age 12-23 months who have received 3 doses of rotavirus vaccine (%),%,85.8,,7.2,,78.6
Mizoram,54,Children age 9-35 months who received a vitamin A dose in the last 6 months (%),%,80.5,,65.7,,14.8
Mizoram,55,Children age 12-23 months who received most of their vaccinations in a public health,,96.9,,96.9,,0.0
Mizoram,56,Children age 12-23 months who received most of their vaccinations in a private health,,2.8,,2.4,,0.4
Mizoram,57,Prevalence of diarrhoea in the 2 weeks preceding the survey (%),%,2.2,,4.3,,-2.1
Mizoram,58,Prevalence of severe diarrhoea in the 2 weeks preceding the survey (%),%,0.0,,0.2,,-0.2
Mizoram,59,Prevalence of symptoms of acute respiratory infection (ARI) in the 2 weeks preceding the,,0.4,,0.6,,-0.2
Mizoram,60,Children with fever or symptoms of ARI in the 2 weeks preceding the survey taken to a health,,42.2,,53.0,,-10.8
Mizoram,61,Children under age 3 years breastfed within one hour of birth 9 (%),%,63.6,,60.1,,3.5
Mizoram,62,Children under age 6 months exclusively breastfed 10 (%),%,64.9,,67.9,,-3.0
Mizoram,63,Children under age 6 months currently breastfeeding 10 (%),%,96.4,,96.6,,-0.2
Mizoram,64,Children under age 6 months exclusively breastfed or breastfeeding and consuming plain,,85.8,,84.2,,1.6
Mizoram,65,Children age 6-8 months receiving solid or semi-solid food and breastmilk10 (%),%,76.4,,56.9,,19.5
Mizoram,66,"Breastfeeding children age 6-23 months receiving an adequate diet10, 11 (%)",%,7.9,,12.2,,-4.3
Mizoram,67,"Non-breastfeeding children age 6-23 months receiving an adequate diet10, 11 (%)",%,8.6,,18.5,,-9.9
Mizoram,68,"Total children age 6-23 months receiving an adequate diet10, 11 (%)",%,8.0,,13.2,,-5.2
Mizoram,69,Children under 5 years who are stunted (height-for-age)12 (%),%,26.1,,28.9,,-2.8
Mizoram,70,Children under 5 years who are wasted (weight-for-height)12 (%),%,8.1,,9.8,,-1.7
Mizoram,71,Children under 5 years who are severely wasted (weight-for-height)13 (%),%,3.6,,4.9,,-1.3
Mizoram,72,Children under 5 years who are underweight (weight-for-age)12 (%),%,14.5,,12.7,,1.8
Mizoram,73,Children under 5 years who are overweight (weight-for-height)14 (%),%,8.9,,10.0,,-1.1
Mizoram,74,Women whose Body Mass Index (BMI) is below normal (BMI <18.5 kg/m 2)15 (%),%,5.9,,5.3,,0.6
Mizoram,75,Men whose Body Mass Index (BMI) is below normal (BMI <18.5 kg/m2) (%),%,3.7,,5.1,,-1.4
Mizoram,76,Women who are overweight or obese (BMI ≥25.0 kg/m 2)15 (%),%,24.8,,24.2,,0.6
Mizoram,77,Men who are overweight or obese (BMI ≥25.0 kg/m2) (%),%,35.6,,32.1,,3.5
Mizoram,78,Blood sugar level - high (141-160 mg/dl)16 (%),%,6.6,,6.9,,-0.3
Mizoram,79,Blood sugar level - very high (>160 mg/dl)16 (%),%,6.7,,5.7,,1.0
Mizoram,80,Blood sugar level - high or very high (>140 mg/dl) or taking medicine to control blood,,14.5,,13.8,,0.7
Mizoram,81,Blood sugar level - high (141-160 mg/dl)16 (%),%,6.5,,7.8,,-1.3
Mizoram,82,Blood sugar level - very high (>160 mg/dl)16 (%),%,6.3,,6.0,,0.3
Mizoram,83,Blood sugar level - high or very high (>140 mg/dl) or taking medicine to control blood,,13.7,,15.4,,-1.7
Mizoram,84,Mildly elevated blood pressure (Systolic 140-159 mm of Hg and/or,,10.0,,10.7,,-0.7
Mizoram,85,Moderately or severely elevated blood pressure (Systolic ≥160 mm of Hg and/or,,3.0,,3.2,,-0.2
Mizoram,86,Elevated blood pressure (Systolic ≥140 mm of Hg and/or Diastolic ≥90 mm of Hg) or taking,,16.4,,17.7,,-1.3
Mizoram,87,Mildly elevated blood pressure (Systolic 140-159 mm of Hg and/or,,13.4,,16.2,,-2.8
Mizoram,88,Moderately or severely elevated blood pressure (Systolic ≥160 mm of Hg and/or,,2.0,,5.4,,-3.4
Mizoram,89,Elevated blood pressure (Systolic ≥140 mm of Hg and/or Diastolic ≥90 mm of Hg) or taking,,20.2,,25.2,,-5.0
Mizoram,90,Currently married women who usually participate in three household decisions 17 (%),%,98.5,,98.8,,-0.3
Mizoram,91,Women who worked in the last 12 months and were paid in cash (%),%,38.8,,29.2,,9.6
Mizoram,92,Women having a bank or savings account that they themselves use (%),%,93.6,,80.7,,12.9
Mizoram,93,Women having a mobile phone that they themselves use (%),%,90.9,,82.3,,8.6
Mizoram,94,Women age 15-24 years who use hygienic methods of protection during their menstrual,,98.8,,91.0,,7.8
Mizoram,95,Ever-married women age 18-49 years who have ever experienced spousal violence 19 (%),%,11.4,,10.3,,1.1
Mizoram,96,Ever-married women age 18-49 years who have experienced physical violence during any,,0.6,,0.7,,-0.1
Mizoram,97,Young women age 18-29 years who experienced sexual violence by age 18 (%),%,0.1,,1.8,,-1.7
Mizoram,98,Women age 15 years and above who use any kind of tobacco (%),%,61.0,,61.7,,-0.7
Mizoram,99,Men age 15 years and above who use any kind of tobacco (%),%,73.6,,73.1,,0.5
Mizoram,100,Women age 15 years and above who consume alcohol (%),%,0.9,,0.9,,0.0
Mizoram,101,Men age 15 years and above who consume alcohol (%),%,23.0,,23.7,,-0.7
NCT of Delhi,1,Population below age 5 years (%),%,6.6,,7.2,,-0.6
NCT of Delhi,2,Population below age 15 years (%),%,22.7,,24.3,,-1.6
NCT of Delhi,3,Population age 60 years and above (%),%,9.4,,8.5,,0.9
NCT of Delhi,4,Population living in households with electricity (%),%,99.4,,99.9,,-0.5
NCT of Delhi,5,Population living in households with an improved drinking-water source1 (%),%,99.8,,99.4,,0.4
NCT of Delhi,6,Households using iodized salt (%),%,96.1,,96.8,,-0.7
NCT of Delhi,7,Households with any usual member covered under a health insurance/financing scheme (%),%,29.3,,25.0,,4.3
NCT of Delhi,8,Households with any usual member having a bank account/post office account (%),%,96.0,,93.7,,2.3
NCT of Delhi,9,Female population age 6 years and above who ever attended school (%),%,84.1,,83.8,,0.3
NCT of Delhi,10,Households with any usual female members owning a house and/or land (alone or jointly with,,17.7,,15.8,,1.9
NCT of Delhi,11,Children age 2-4 years who attended pre-school (%),%,47.0,,41.2,,5.8
NCT of Delhi,12,Women with 10 or more years of schooling (%),%,64.0,,59.7,,4.3
NCT of Delhi,13,Men with 10 or more years of schooling (%),%,67.6,,60.9,,6.7
NCT of Delhi,14,Women who have ever used the internet (%),%,82.0,,63.8,,18.2
NCT of Delhi,15,Men who have ever used the internet (%),%,93.2,,85.2,,8.0
NCT of Delhi,16,Women age 20-24 years married before age 18 years (%),%,11.4,,9.9,,1.5
NCT of Delhi,17,Men age 25-29 years married before age 21 years (%),%,8.1,,12.0,,-3.9
NCT of Delhi,18,Total fertility rate (children per woman),children per woman,1.6,,1.6,,0.0
NCT of Delhi,19,Women age 15-19 years who were already mothers or pregnant at the time of the survey (%),%,2.4,,3.3,,-0.9
NCT of Delhi,20,Any method2 (%),%,67.4,,76.4,,-9.0
NCT of Delhi,21,Any modern method2 (%),%,51.2,,57.7,,-6.5
NCT of Delhi,22,Any traditional method (%),%,16.2,,18.7,,-2.5
NCT of Delhi,23,Female sterilization (%),%,14.7,,18.0,,-3.3
NCT of Delhi,24,Male sterilization (%),%,0.4,,0.2,,0.2
NCT of Delhi,25,Total unmet need3 (%),%,7.3,,6.1,,1.2
NCT of Delhi,26,Unmet need for spacing3 (%),%,2.7,,2.0,,0.7
NCT of Delhi,27,Unmet need for limiting3 (%),%,4.6,,4.1,,0.5
NCT of Delhi,28,Mothers who had an antenatal check-up in the first trimester (%),%,76.5,,76.4,,0.1
NCT of Delhi,29,Mothers who had any antenatal care visits (%),%,95.4,,91.4,,4.0
NCT of Delhi,30,Mothers who had at least 4 antenatal care visits (%),%,85.8,,77.8,,8.0
NCT of Delhi,31,Mothers whose last birth was protected against neonatal tetanus4 (%),%,92.8,,93.5,,-0.7
NCT of Delhi,32,Mothers who consumed iron folic acid for 100 days or more when they were pregnant (%),%,76.4,,69.1,,7.3
NCT of Delhi,33,Mothers who consumed iron folic acid for 180 days or more when they were pregnant (%),%,52.5,,49.0,,3.5
NCT of Delhi,34,Registered pregnancies for which the mother received a Mother and Child Protection (MCP),MCP,91.7,,94.0,,-2.3
NCT of Delhi,35,Institutional births (%),%,93.1,,91.8,,1.3
NCT of Delhi,36,Institutional births in public facility (%),%,63.9,,62.4,,1.5
NCT of Delhi,37,Births attended by skilled health personnel5 (%),%,94.1,,93.4,,0.7
NCT of Delhi,38,Births delivered by caesarean section (%),%,27.4,,23.6,,3.8
NCT of Delhi,39,Births in a private health facility that were delivered by caesarean section (%),%,50.9,,42.8,,8.1
NCT of Delhi,40,Births in a public health facility that were delivered by caesarean section (%),%,19.6,,17.7,,1.9
NCT of Delhi,41,Mothers who received postnatal care from a doctor/nurse/LHV/ANM/midwife/other health,,81.9,,85.4,,-3.5
NCT of Delhi,42,Children born at home who were taken to a health facility for a check-up within 24 hours of,,9.6,,4.5,,5.1
NCT of Delhi,43,Children who received postnatal care from a doctor/nurse/LHV/ANM/midwife/ other health,,84.8,,86.7,,-1.9
NCT of Delhi,44,Children age 12-23 months fully vaccinated based on information from either vaccination,,80.7,,76.0,,4.7
NCT of Delhi,45,Children age 12-23 months fully vaccinated based on information from vaccination card,,70.0,,79.4,,-9.4
NCT of Delhi,46,Children age 12-23 months who have received any vaccine (%),%,87.5,,96.8,,-9.3
NCT of Delhi,47,Children age 12-23 months who have received BCG (%),%,87.3,,96.7,,-9.4
NCT of Delhi,48,Children age 12-23 months who have received 3 doses of polio vaccine8 (%),%,86.0,,80.2,,5.8
NCT of Delhi,49,Children age 12-23 months who have received 3 doses of pentavalent vaccine (%),%,82.9,,85.0,,-2.1
NCT of Delhi,50,Children age 12-23 months who have received the first dose of measles-containing,,83.9,,90.1,,-6.2
NCT of Delhi,51,Children age 24-35 months who have received a second dose of measles-containing,,61.7,,73.5,,-11.8
NCT of Delhi,52,Children age 12-23 months who have received birth dose of hepatitis B vaccine (%),%,73.6,,75.1,,-1.5
NCT of Delhi,53,Children age 12-23 months who have received 3 doses of rotavirus vaccine (%),%,67.9,,26.6,,41.3
NCT of Delhi,54,Children age 9-35 months who received a vitamin A dose in the last 6 months (%),%,75.7,,52.9,,22.8
NCT of Delhi,55,Children age 12-23 months who received most of their vaccinations in a public health,,94.0,,88.7,,5.3
NCT of Delhi,56,Children age 12-23 months who received most of their vaccinations in a private health,,5.2,,11.1,,-5.9
NCT of Delhi,57,Prevalence of diarrhoea in the 2 weeks preceding the survey (%),%,8.8,,10.6,,-1.8
NCT of Delhi,58,Prevalence of severe diarrhoea in the 2 weeks preceding the survey (%),%,0.6,,0.8,,-0.2
NCT of Delhi,59,Prevalence of symptoms of acute respiratory infection (ARI) in the 2 weeks preceding the,,1.3,,5.6,,-4.3
NCT of Delhi,60,Children with fever or symptoms of ARI in the 2 weeks preceding the survey taken to a health,,73.0,,76.7,,-3.7
NCT of Delhi,61,Children under age 3 years breastfed within one hour of birth9 (%),%,45.1,,51.2,,-6.1
NCT of Delhi,62,Children under age 6 months exclusively breastfed10 (%),%,48.3,,64.3,,-16.0
NCT of Delhi,63,Children under age 6 months currently breastfeeding10 (%),%,88.0,,96.0,,-8.0
NCT of Delhi,64,Children under age 6 months exclusively breastfed or breastfeeding and consuming plain,,72.2,,83.9,,-11.7
NCT of Delhi,65,Children age 6-8 months receiving solid or semi-solid food and breastmilk10 (%),%,52.5,,62.9,,-10.4
NCT of Delhi,66,"Breastfeeding children age 6-23 months receiving an adequate diet10, 11 (%)",%,10.9,,18.0,,-7.1
NCT of Delhi,67,"Non-breastfeeding children age 6-23 months receiving an adequate diet10, 11 (%)",%,11.9,,8.6,,3.3
NCT of Delhi,68,"Total children age 6-23 months receiving an adequate diet10, 11 (%)",%,11.2,,16.0,,-4.8
NCT of Delhi,69,Children under 5 years who are stunted (height-for-age)12 (%),%,26.4,,30.9,,-4.5
NCT of Delhi,70,Children under 5 years who are wasted (weight-for-height)12 (%),%,15.0,,11.2,,3.8
NCT of Delhi,71,Children under 5 years who are severely wasted (weight-for-height)13 (%),%,4.1,,4.9,,-0.8
NCT of Delhi,72,Children under 5 years who are underweight (weight-for-age)12 (%),%,27.4,,21.8,,5.6
NCT of Delhi,73,Children under 5 years who are overweight (weight-for-height)14 (%),%,1.7,,4.0,,-2.3
NCT of Delhi,74,Women whose Body Mass Index (BMI) is below normal (BMI <18.5 kg/m2)15 (%),%,12.4,,10.0,,2.4
NCT of Delhi,75,Men whose Body Mass Index (BMI) is below normal (BMI <18.5 kg/m2) (%),%,14.9,,9.1,,5.8
NCT of Delhi,76,Women who are overweight or obese (BMI ≥25.0 kg/m2)15 (%),%,42.7,,41.4,,1.3
NCT of Delhi,77,Men who are overweight or obese (BMI ≥25.0 kg/m2) (%),%,34.8,,38.0,,-3.2
NCT of Delhi,78,Blood sugar level - high (141-160 mg/dl)16 (%),%,7.2,,4.2,,3.0
NCT of Delhi,79,Blood sugar level - very high (>160 mg/dl)16 (%),%,10.0,,6.3,,3.7
NCT of Delhi,80,Blood sugar level - high or very high (>140 mg/dl) or taking medicine to control blood,,19.0,,12.2,,6.8
NCT of Delhi,81,Blood sugar level - high (141-160 mg/dl)16 (%),%,9.2,,5.3,,3.9
NCT of Delhi,82,Blood sugar level - very high (>160 mg/dl)16 (%),%,11.6,,7.3,,4.3
NCT of Delhi,83,Blood sugar level - high or very high (>140 mg/dl) or taking medicine to control blood,,22.2,,14.1,,8.1
NCT of Delhi,84,Mildly elevated blood pressure (Systolic 140-159 mm of Hg and/or,,11.4,,14.7,,-3.3
NCT of Delhi,85,Moderately or severely elevated blood pressure (Systolic ≥160 mm of Hg and/or,,4.6,,5.9,,-1.3
NCT of Delhi,86,Elevated blood pressure (Systolic ≥140 mm of Hg and/or Diastolic ≥90 mm of Hg) or taking,,21.4,,24.1,,-2.7
NCT of Delhi,87,Mildly elevated blood pressure (Systolic 140-159 mm of Hg and/or,,17.4,,21.8,,-4.4
NCT of Delhi,88,Moderately or severely elevated blood pressure (Systolic ≥160 mm of Hg and/or,,3.4,,8.7,,-5.3
NCT of Delhi,89,Elevated blood pressure (Systolic ≥140 mm of Hg and/or Diastolic ≥90 mm of Hg) or taking,,28.2,,32.7,,-4.5
NCT of Delhi,90,Currently married women who usually participate in three household decisions17 (%),%,90.7,,92.0,,-1.3
NCT of Delhi,91,Women who worked in the last 12 months and were paid in cash (%),%,25.2,,24.9,,0.3
NCT of Delhi,92,Women having a bank or savings account that they themselves use (%),%,86.7,,72.5,,14.2
NCT of Delhi,93,Women having a mobile phone that they themselves use (%),%,83.3,,73.8,,9.5
NCT of Delhi,94,Women age 15-24 years who use hygienic methods of protection during their menstrual,,97.0,,97.1,,-0.1
NCT of Delhi,95,Ever-married women age 18-49 years who have ever experienced spousal violence19 (%),%,12.3,,22.5,,-10.2
NCT of Delhi,96,Ever-married women age 18-49 years who have experienced physical violence during any,,2.3,,3.6,,-1.3
NCT of Delhi,97,Young women age 18-29 years who experienced sexual violence by age 18 (%),%,1.1,,1.5,,-0.4
NCT of Delhi,98,Women age 15 years and above who use any kind of tobacco (%),%,1.7,,2.2,,-0.5
NCT of Delhi,99,Men age 15 years and above who use any kind of tobacco (%),%,21.3,,26.2,,-4.9
NCT of Delhi,100,Women age 15 years and above who consume alcohol (%),%,0.4,,0.5,,-0.1
NCT of Delhi,101,Men age 15 years and above who consume alcohol (%),%,16.1,,21.6,,-5.5
Nagaland,1,Population below age 5 years (%),%,7.8,,7.5,,0.3
Nagaland,2,Population below age 15 years (%),%,25.3,,24.7,,0.6
Nagaland,3,Population age 60 years and above (%),%,12.4,,10.7,,1.7
Nagaland,4,Population living in households with electricity (%),%,99.3,,98.6,,0.7
Nagaland,5,Population living in households with an improved drinking-water source1 (%),%,82.7,,91.0,,-8.3
Nagaland,6,Households using iodized salt (%),%,98.5,,98.9,,-0.4
Nagaland,7,Households with any usual member covered under a health insurance/financing scheme (%),%,66.1,,22.0,,44.1
Nagaland,8,Households with any usual member having a bank account/post office account (%),%,96.8,,91.7,,5.1
Nagaland,9,Female population age 6 years and above who ever attended school (%),%,85.6,,85.2,,0.4
Nagaland,10,Households with any usual female members owning a house and/or land (alone or jointly with,,11.6,,13.7,,-2.1
Nagaland,11,Children age 2-4 years who attended pre-school (%),%,15.1,,16.4,,-1.3
Nagaland,12,Women with 10 or more years of schooling (%),%,46.3,,44.4,,1.9
Nagaland,13,Men with 10 or more years of schooling (%),%,49.9,,53.1,,-3.2
Nagaland,14,Women who have ever used the internet (%),%,76.6,,49.9,,26.7
Nagaland,15,Men who have ever used the internet (%),%,90.5,,52.8,,37.7
Nagaland,16,Women age 20-24 years married before age 18 years (%),%,10.2,,5.6,,4.6
Nagaland,17,Men age 25-29 years married before age 21 years (%),%,10.2,,5.0,,5.2
Nagaland,18,Total fertility rate (children per woman),children per woman,2.0,,1.7,,0.3
Nagaland,19,Women age 15-19 years who were already mothers or pregnant at the time of the survey (%),%,3.2,,3.8,,-0.6
Nagaland,20,Any method2 (%),%,73.6,,57.4,,16.2
Nagaland,21,Any modern method2 (%),%,47.8,,45.3,,2.5
Nagaland,22,Any traditional method (%),%,25.8,,12.1,,13.7
Nagaland,23,Female sterilization (%),%,11.0,,14.4,,-3.4
Nagaland,24,Male sterilization (%),%,0.1,,0.0,,0.1
Nagaland,25,Total unmet need3 (%),%,5.7,,9.1,,-3.4
Nagaland,26,Unmet need for spacing3 (%),%,3.9,,4.4,,-0.5
Nagaland,27,Unmet need for limiting3 (%),%,1.8,,4.7,,-2.9
Nagaland,28,Mothers who had an antenatal check-up in the first trimester (%),%,61.8,,49.5,,12.3
Nagaland,29,Mothers who had any antenatal care visits (%),%,83.2,,71.2,,12.0
Nagaland,30,Mothers who had at least 4 antenatal care visits (%),%,32.5,,20.7,,11.8
Nagaland,31,Mothers whose last birth was protected against neonatal tetanus 4 (%),%,78.0,,81.3,,-3.3
Nagaland,32,Mothers who consumed iron folic acid for 100 days or more when they were pregnant (%),%,24.8,,10.2,,14.6
Nagaland,33,Mothers who consumed iron folic acid for 180 days or more when they were pregnant (%),%,15.2,,4.1,,11.1
Nagaland,34,Registered pregnancies for which the mother received a Mother and Child Protection (MCP),MCP,92.7,,92.4,,0.3
Nagaland,35,Institutional births (%),%,62.2,,45.7,,16.5
Nagaland,36,Institutional births in public facility (%),%,44.7,,35.8,,8.9
Nagaland,37,Births attended by skilled health personnel5 (%),%,74.4,,55.3,,19.1
Nagaland,38,Births delivered by caesarean section (%),%,9.9,,5.2,,4.7
Nagaland,39,Births in a private health facility that were delivered by caesarean section (%),%,32.5,,23.6,,8.9
Nagaland,40,Births in a public health facility that were delivered by caesarean section (%),%,9.4,,8.0,,1.4
Nagaland,41,Mothers who received postnatal care from a doctor/nurse/LHV/ANM/midwife/other health,,59.1,,43.9,,15.2
Nagaland,42,Children born at home who were taken to a health facility for a check-up within 24 hours of,,1.4,,0.6,,0.8
Nagaland,43,Children who received postnatal care from a doctor/nurse/LHV/ANM/midwife/ other health,,60.2,,41.8,,18.4
Nagaland,44,Children age 12-23 months fully vaccinated based on information from either vaccination card,,64.3,,57.9,,6.4
Nagaland,45,Children age 12-23 months fully vaccinated based on information from vaccination card,,74.2,,71.3,,2.9
Nagaland,46,Children age 12-23 months who have received any vaccine (%),%,91.1,,92.7,,-1.6
Nagaland,47,Children age 12-23 months who have received BCG (%),%,86.0,,85.5,,0.5
Nagaland,48,Children age 12-23 months who have received 3 doses of polio vaccine 8 (%),%,68.5,,65.4,,3.1
Nagaland,49,Children age 12-23 months who have received 3 doses of pentavalent vaccine (%),%,73.4,,71.7,,1.7
Nagaland,50,Children age 12-23 months who have received the first dose of measles-containing,,79.4,,74.0,,5.4
Nagaland,51,Children age 24-35 months who have received a second dose of measles-containing,,62.7,,41.1,,21.6
Nagaland,52,Children age 12-23 months who have received birth dose of hepatitis B vaccine (%),%,46.4,,40.8,,5.6
Nagaland,53,Children age 12-23 months who have received 3 doses of rotavirus vaccine (%),%,68.5,,6.5,,62.0
Nagaland,54,Children age 9-35 months who received a vitamin A dose in the last 6 months (%),%,56.5,,45.6,,10.9
Nagaland,55,Children age 12-23 months who received most of their vaccinations in a public health,,83.7,,93.2,,-9.5
Nagaland,56,Children age 12-23 months who received most of their vaccinations in a private health,,12.9,,4.1,,8.8
Nagaland,57,Prevalence of diarrhoea in the 2 weeks preceding the survey (%),%,3.0,,3.4,,-0.4
Nagaland,58,Prevalence of severe diarrhoea in the 2 weeks preceding the survey (%),%,0.1,,0.1,,0.0
Nagaland,59,Prevalence of symptoms of acute respiratory infection (ARI) in the 2 weeks preceding the,,0.3,,1.1,,-0.8
Nagaland,60,Children with fever or symptoms of ARI in the 2 weeks preceding the survey taken to a health,,34.0,,30.9,,3.1
Nagaland,61,Children under age 3 years breastfed within one hour of birth 9 (%),%,52.4,,57.9,,-5.5
Nagaland,62,Children under age 6 months exclusively breastfed 10 (%),%,37.4,,43.2,,-5.8
Nagaland,63,Children under age 6 months currently breastfeeding 10 (%),%,98.6,,97.3,,1.3
Nagaland,64,Children under age 6 months exclusively breastfed or breastfeeding and consuming plain,,68.8,,70.1,,-1.3
Nagaland,65,Children age 6-8 months receiving solid or semi-solid food and breastmilk10 (%),%,78.0,,69.4,,8.6
Nagaland,66,"Breastfeeding children age 6-23 months receiving an adequate diet10, 11 (%)",%,18.4,,11.3,,7.1
Nagaland,67,"Non-breastfeeding children age 6-23 months receiving an adequate diet10, 11 (%)",%,17.3,,14.9,,2.4
Nagaland,68,"Total children age 6-23 months receiving an adequate diet10, 11 (%)",%,18.0,,12.6,,5.4
Nagaland,69,Children under 5 years who are stunted (height-for-age)12 (%),%,25.1,,32.7,,-7.6
Nagaland,70,Children under 5 years who are wasted (weight-for-height)12 (%),%,8.9,,19.1,,-10.2
Nagaland,71,Children under 5 years who are severely wasted (weight-for-height)13 (%),%,4.1,,7.9,,-3.8
Nagaland,72,Children under 5 years who are underweight (weight-for-age)12 (%),%,12.2,,26.9,,-14.7
Nagaland,73,Children under 5 years who are overweight (weight-for-height)14 (%),%,6.2,,4.9,,1.3
Nagaland,74,Women whose Body Mass Index (BMI) is below normal (BMI <18.5 kg/m 2)15 (%),%,8.8,,11.1,,-2.3
Nagaland,75,Men whose Body Mass Index (BMI) is below normal (BMI <18.5 kg/m2) (%),%,8.2,,7.5,,0.7
Nagaland,76,Women who are overweight or obese (BMI ≥25.0 kg/m 2)15 (%),%,17.2,,14.4,,2.8
Nagaland,77,Men who are overweight or obese (BMI ≥25.0 kg/m2) (%),%,23.7,,23.9,,-0.2
Nagaland,78,Blood sugar level - high (141-160 mg/dl)16 (%),%,5.1,,5.2,,-0.1
Nagaland,79,Blood sugar level - very high (>160 mg/dl)16 (%),%,4.8,,3.8,,1.0
Nagaland,80,Blood sugar level - high or very high (>140 mg/dl) or taking medicine to control blood,,10.2,,9.3,,0.9
Nagaland,81,Blood sugar level - high (141-160 mg/dl)16 (%),%,6.0,,6.6,,-0.6
Nagaland,82,Blood sugar level - very high (>160 mg/dl)16 (%),%,4.6,,5.5,,-0.9
Nagaland,83,Blood sugar level - high or very high (>140 mg/dl) or taking medicine to control blood,,10.9,,12.4,,-1.5
Nagaland,84,Mildly elevated blood pressure (Systolic 140-159 mm of Hg and/or,,14.5,,13.8,,0.7
Nagaland,85,Moderately or severely elevated blood pressure (Systolic ≥160 mm of Hg and/or,,8.0,,7.6,,0.4
Nagaland,86,Elevated blood pressure (Systolic ≥140 mm of Hg and/or Diastolic ≥90 mm of Hg) or taking,,23.7,,22.3,,1.4
Nagaland,87,Mildly elevated blood pressure (Systolic 140-159 mm of Hg and/or,,19.7,,19.1,,0.6
Nagaland,88,Moderately or severely elevated blood pressure (Systolic ≥160 mm of Hg and/or,,4.8,,8.9,,-4.1
Nagaland,89,Elevated blood pressure (Systolic ≥140 mm of Hg and/or Diastolic ≥90 mm of Hg) or taking,,28.7,,28.7,,0.0
Nagaland,90,Currently married women who usually participate in three household decisions 17 (%),%,98.9,,99.2,,-0.3
Nagaland,91,Women who worked in the last 12 months and were paid in cash (%),%,25.0,,23.6,,1.4
Nagaland,92,Women having a bank or savings account that they themselves use (%),%,85.7,,63.7,,22.0
Nagaland,93,Women having a mobile phone that they themselves use (%),%,88.5,,82.5,,6.0
Nagaland,94,Women age 15-24 years who use hygienic methods of protection during their menstrual,,89.6,,80.6,,9.0
Nagaland,95,Ever-married women age 18-49 years who have ever experienced spousal violence 19 (%),%,4.0,,6.5,,-2.5
Nagaland,96,Ever-married women age 18-49 years who have experienced physical violence during any,,0.3,,0.4,,-0.1
Nagaland,97,Young women age 18-29 years who experienced sexual violence by age 18 (%),%,0.0,,0.0,,0.0
Nagaland,98,Women age 15 years and above who use any kind of tobacco (%),%,17.4,,13.7,,3.7
Nagaland,99,Men age 15 years and above who use any kind of tobacco (%),%,51.2,,48.4,,2.8
Nagaland,100,Women age 15 years and above who consume alcohol (%),%,1.6,,0.9,,0.7
Nagaland,101,Men age 15 years and above who consume alcohol (%),%,26.9,,23.9,,3.0
Odisha,1,Population below age 5 years (%),%,7.1,,7.8,,-0.7
Odisha,2,Population below age 15 years (%),%,22.3,,24.9,,-2.6
Odisha,3,Population age 60 years and above (%),%,15.6,,13.4,,2.2
Odisha,4,Population living in households with electricity (%),%,97.7,,97.0,,0.7
Odisha,5,Population living in households with an improved drinking-water source1 (%),%,92.5,,91.1,,1.4
Odisha,6,Households using iodized salt (%),%,93.6,,98.0,,-4.4
Odisha,7,Households with any usual member covered under a health insurance/financing scheme (%),%,82.7,,47.9,,34.8
Odisha,8,Households with any usual member having a bank account/post office account (%),%,98.5,,96.9,,1.6
Odisha,9,Female population age 6 years and above who ever attended school (%),%,73.1,,71.5,,1.6
Odisha,10,Households with any usual female members owning a house and/or land (alone or jointly with,,13.5,,12.2,,1.3
Odisha,11,Children age 2-4 years who attended pre-school (%),%,55.0,,56.8,,-1.8
Odisha,12,Women with 10 or more years of schooling (%),%,43.9,,33.0,,10.9
Odisha,13,Men with 10 or more years of schooling (%),%,49.1,,38.6,,10.5
Odisha,14,Women who have ever used the internet (%),%,51.8,,24.9,,26.9
Odisha,15,Men who have ever used the internet (%),%,73.2,,50.7,,22.5
Odisha,16,Women age 20-24 years married before age 18 years (%),%,18.6,,20.5,,-1.9
Odisha,17,Men age 25-29 years married before age 21 years (%),%,12.5,,13.3,,-0.8
Odisha,18,Total fertility rate (children per woman),children per woman,1.7,,1.8,,-0.1
Odisha,19,Women age 15-19 years who were already mothers or pregnant at the time of the survey (%),%,6.5,,7.5,,-1.0
Odisha,20,Any method2 (%),%,66.2,,74.1,,-7.9
Odisha,21,Any modern method2 (%),%,40.8,,48.8,,-8.0
Odisha,22,Any traditional method (%),%,25.4,,25.3,,0.1
Odisha,23,Female sterilization (%),%,26.1,,28.0,,-1.9
Odisha,24,Male sterilization (%),%,0.3,,0.3,,0.0
Odisha,25,Total unmet need3 (%),%,10.0,,7.2,,2.8
Odisha,26,Unmet need for spacing3 (%),%,4.7,,2.6,,2.1
Odisha,27,Unmet need for limiting3 (%),%,5.3,,4.6,,0.7
Odisha,28,Mothers who had an antenatal check-up in the first trimester (%),%,70.6,,76.9,,-6.3
Odisha,29,Mothers who had any antenatal care visits (%),%,94.6,,98.3,,-3.7
Odisha,30,Mothers who had at least 4 antenatal care visits (%),%,73.6,,78.1,,-4.5
Odisha,31,Mothers whose last birth was protected against neonatal tetanus 4 (%),%,95.8,,95.2,,0.6
Odisha,32,Mothers who consumed iron folic acid for 100 days or more when they were pregnant (%),%,74.5,,60.8,,13.7
Odisha,33,Mothers who consumed iron folic acid for 180 days or more when they were pregnant (%),%,51.3,,34.4,,16.9
Odisha,34,Registered pregnancies for which the mother received a Mother and Child Protection (MCP),MCP,99.3,,99.4,,-0.1
Odisha,35,Institutional births (%),%,93.9,,92.2,,1.7
Odisha,36,Institutional births in public facility (%),%,75.0,,78.7,,-3.7
Odisha,37,Births attended by skilled health personnel5 (%),%,93.0,,91.8,,1.2
Odisha,38,Births delivered by caesarean section (%),%,29.4,,21.6,,7.8
Odisha,39,Births in a private health facility that were delivered by caesarean section (%),%,76.8,,70.7,,6.1
Odisha,40,Births in a public health facility that were delivered by caesarean section (%),%,19.9,,15.3,,4.6
Odisha,41,Mothers who received postnatal care from a doctor/nurse/LHV/ANM/midwife/other health,,86.3,,88.4,,-2.1
Odisha,42,Children born at home who were taken to a health facility for a check-up within 24 hours of,,18.4,,10.5,,7.9
Odisha,43,Children who received postnatal care from a doctor/nurse/LHV/ANM/midwife/ other health,,86.9,,88.1,,-1.2
Odisha,44,Children age 12-23 months fully vaccinated based on information from either vaccination,,90.8,,90.7,,0.1
Odisha,45,Children age 12-23 months fully vaccinated based on information from vaccination card,,92.7,,90.7,,2.0
Odisha,46,Children age 12-23 months who have received any vaccine (%),%,96.1,,97.9,,-1.8
Odisha,47,Children age 12-23 months who have received BCG (%),%,95.3,,97.3,,-2.0
Odisha,48,Children age 12-23 months who have received 3 doses of polio vaccine 8 (%),%,92.3,,91.7,,0.6
Odisha,49,Children age 12-23 months who have received 3 doses of pentavalent vaccine (%),%,93.8,,95.0,,-1.2
Odisha,50,Children age 12-23 months who have received the first dose of measles-containing,,94.0,,95.9,,-1.9
Odisha,51,Children age 24-35 months who have received a second dose of measles-containing,,86.3,,78.9,,7.4
Odisha,52,Children age 12-23 months who have received birth dose of hepatitis B vaccine (%),%,89.6,,88.6,,1.0
Odisha,53,Children age 12-23 months who have received 3 doses of rotavirus vaccine (%),%,89.5,,88.1,,1.4
Odisha,54,Children age 9-35 months who received a vitamin A dose in the last 6 months (%),%,82.7,,87.1,,-4.4
Odisha,55,Children age 12-23 months who received most of their vaccinations in a public health,,98.8,,98.1,,0.7
Odisha,56,Children age 12-23 months who received most of their vaccinations in a private health,,0.7,,1.4,,-0.7
Odisha,57,Prevalence of diarrhoea in the 2 weeks preceding the survey (%),%,11.2,,9.7,,1.5
Odisha,58,Prevalence of severe diarrhoea in the 2 weeks preceding the survey (%),%,0.9,,1.0,,-0.1
Odisha,59,Prevalence of symptoms of acute respiratory infection (ARI) in the 2 weeks preceding the,,1.2,,3.2,,-2.0
Odisha,60,Children with fever or symptoms of ARI in the 2 weeks preceding the survey taken to a health,,69.5,,65.4,,4.1
Odisha,61,Children under age 3 years breastfed within one hour of birth 9 (%),%,60.9,,68.5,,-7.6
Odisha,62,Children under age 6 months exclusively breastfed10 (%),%,66.7,,72.9,,-6.2
Odisha,63,Children under age 6 months currently breastfeeding 10 (%),%,95.4,,97.1,,-1.7
Odisha,64,Children under age 6 months exclusively breastfed or breastfeeding and consuming plain,,80.5,,83.0,,-2.5
Odisha,65,Children age 6-8 months receiving solid or semi-solid food and breastmilk10 (%),%,66.7,,67.5,,-0.8
Odisha,66,"Breastfeeding children age 6-23 months receiving an adequate diet10, 11 (%)",%,15.3,,20.1,,-4.8
Odisha,67,"Non-breastfeeding children age 6-23 months receiving an adequate diet10, 11 (%)",%,6.6,,21.3,,-14.7
Odisha,68,"Total children age 6-23 months receiving an adequate diet10, 11 (%)",%,14.9,,20.1,,-5.2
Odisha,69,Children under 5 years who are stunted (height-for-age)12 (%),%,26.8,,31.0,,-4.2
Odisha,70,Children under 5 years who are wasted (weight-for-height)12 (%),%,22.1,,18.1,,4.0
Odisha,71,Children under 5 years who are severely wasted (weight-for-height)13 (%),%,5.8,,6.1,,-0.3
Odisha,72,Children under 5 years who are underweight (weight-for-age)12 (%),%,31.6,,29.7,,1.9
Odisha,73,Children under 5 years who are overweight (weight-for-height)14 (%),%,2.1,,3.5,,-1.4
Odisha,74,Women whose Body Mass Index (BMI) is below normal (BMI <18.5 kg/m 2)15 (%),%,18.9,,20.8,,-1.9
Odisha,75,Men whose Body Mass Index (BMI) is below normal (BMI <18.5 kg/m2) (%),%,17.5,,15.3,,2.2
Odisha,76,Women who are overweight or obese (BMI ≥25.0 kg/m 2)15 (%),%,29.7,,23.0,,6.7
Odisha,77,Men who are overweight or obese (BMI ≥25.0 kg/m2) (%),%,27.8,,22.2,,5.6
Odisha,78,Blood sugar level - high (141-160 mg/dl)16 (%),%,9.5,,6.5,,3.0
Odisha,79,Blood sugar level - very high (>160 mg/dl)16 (%),%,11.1,,6.6,,4.5
Odisha,80,Blood sugar level - high or very high (>140 mg/dl) or taking medicine to control blood,,21.7,,14.0,,7.7
Odisha,81,Blood sugar level - high (141-160 mg/dl)16 (%),%,10.7,,7.3,,3.4
Odisha,82,Blood sugar level - very high (>160 mg/dl)16 (%),%,14.6,,8.7,,5.9
Odisha,83,Blood sugar level - high or very high (>140 mg/dl) or taking medicine to control blood,,26.6,,17.0,,9.6
Odisha,84,Mildly elevated blood pressure (Systolic 140-159 mm of Hg and/or,,11.2,,12.9,,-1.7
Odisha,85,Moderately or severely elevated blood pressure (Systolic ≥160 mm of Hg and/or,,5.5,,5.6,,-0.1
Odisha,86,Elevated blood pressure (Systolic ≥140 mm of Hg and/or Diastolic ≥90 mm of Hg) or taking,,22.3,,22.4,,-0.1
Odisha,87,Mildly elevated blood pressure (Systolic 140-159 mm of Hg and/or,,13.6,,16.8,,-3.2
Odisha,88,Moderately or severely elevated blood pressure (Systolic ≥160 mm of Hg and/or,,3.5,,6.1,,-2.6
Odisha,89,Elevated blood pressure (Systolic ≥140 mm of Hg and/or Diastolic ≥90 mm of Hg) or taking,,24.9,,25.6,,-0.7
Odisha,90,Currently married women who usually participate in three household decisions 17 (%),%,87.2,,90.2,,-3.0
Odisha,91,Women who worked in the last 12 months and were paid in cash (%),%,26.7,,25.7,,1.0
Odisha,92,Women having a bank or savings account that they themselves use (%),%,90.6,,86.5,,4.1
Odisha,93,Women having a mobile phone that they themselves use (%),%,63.6,,50.1,,13.5
Odisha,94,Women age 15-24 years who use hygienic methods of protection during their menstrual,,88.7,,81.7,,7.0
Odisha,95,Ever-married women age 18-49 years who have ever experienced spousal violence 19 (%),%,18.9,,30.3,,-11.4
Odisha,96,Ever-married women age 18-49 years who have experienced physical violence during any,,2.6,,3.5,,-0.9
Odisha,97,Young women age 18-29 years who experienced sexual violence by age 18 (%),%,0.5,,0.7,,-0.2
Odisha,98,Women age 15 years and above who use any kind of tobacco (%),%,22.8,,26.1,,-3.3
Odisha,99,Men age 15 years and above who use any kind of tobacco (%),%,48.3,,51.7,,-3.4
Odisha,100,Women age 15 years and above who consume alcohol (%),%,3.1,,4.3,,-1.2
Odisha,101,Men age 15 years and above who consume alcohol (%),%,26.8,,28.7,,-1.9
Puducherry,1,Population below age 5 years (%),%,5.7,,5.9,,-0.2
Puducherry,2,Population below age 15 years (%),%,18.6,,20.4,,-1.8
Puducherry,3,Population age 60 years and above (%),%,15.2,,13.5,,1.7
Puducherry,4,Population living in households with electricity (%),%,99.8,,99.9,,-0.1
Puducherry,5,Population living in households with an improved drinking-water source1 (%),%,99.8,,99.9,,-0.1
Puducherry,6,Households using iodized salt (%),%,94.9,,93.3,,1.6
Puducherry,7,Households with any usual member covered under a health insurance/financing scheme (%),%,43.7,,30.1,,13.6
Puducherry,8,Households with any usual member having a bank account/post office account (%),%,99.2,,97.4,,1.8
Puducherry,9,Female population age 6 years and above who ever attended school (%),%,88.0,,84.6,,3.4
Puducherry,10,Households with any usual female members owning a house and/or land (alone or jointly with,,22.8,,25.4,,-2.6
Puducherry,11,Children age 2-4 years who attended pre-school (%),%,67.5,,64.0,,3.5
Puducherry,12,Women with 10 or more years of schooling (%),%,75.1,,65.4,,9.7
Puducherry,13,Men with 10 or more years of schooling (%),%,80.4,,74.2,,6.2
Puducherry,14,Women who have ever used the internet (%),%,66.1,,61.9,,4.2
Puducherry,15,Men who have ever used the internet (%),%,80.6,,80.7,,-0.1
Puducherry,16,Women age 20-24 years married before age 18 years (%),%,5.6,,6.5,,-0.9
Puducherry,17,Men age 25-29 years married before age 21 years (%),%,2.4,,6.5,,-4.1
Puducherry,18,Total fertility rate (children per woman),children per woman,1.6,,1.5,,0.1
Puducherry,19,Women age 15-19 years who were already mothers or pregnant at the time of the survey (%),%,2.9,,4.1,,-1.2
Puducherry,20,Any method2 (%),%,67.9,,66.0,,1.9
Puducherry,21,Any modern method2 (%),%,62.9,,62.1,,0.8
Puducherry,22,Any traditional method (%),%,5.0,,3.9,,1.1
Puducherry,23,Female sterilization (%),%,53.0,,53.8,,-0.8
Puducherry,24,Male sterilization (%),%,0.9,,0.3,,0.6
Puducherry,25,Total unmet need3 (%),%,6.2,,10.5,,-4.3
Puducherry,26,Unmet need for spacing3 (%),%,3.5,,3.1,,0.4
Puducherry,27,Unmet need for limiting3 (%),%,2.7,,7.4,,-4.7
Puducherry,28,Mothers who had an antenatal check-up in the first trimester (%),%,79.5,,82.4,,-2.9
Puducherry,29,Mothers who had any antenatal care visits (%),%,99.6,,94.8,,4.8
Puducherry,30,Mothers who had at least 4 antenatal care visits (%),%,95.1,,87.4,,7.7
Puducherry,31,Mothers whose last birth was protected against neonatal tetanus4 (%),%,95.4,,91.9,,3.5
Puducherry,32,Mothers who consumed iron folic acid for 100 days or more when they were pregnant (%),%,80.0,,84.1,,-4.1
Puducherry,33,Mothers who consumed iron folic acid for 180 days or more when they were pregnant (%),%,58.3,,64.9,,-6.6
Puducherry,34,Registered pregnancies for which the mother received a Mother and Child Protection (MCP),MCP,98.4,,98.8,,-0.4
Puducherry,35,Institutional births (%),%,99.8,,99.6,,0.2
Puducherry,36,Institutional births in public facility (%),%,76.1,,76.5,,-0.4
Puducherry,37,Births attended by skilled health personnel5 (%),%,99.8,,99.9,,-0.1
Puducherry,38,Births delivered by caesarean section (%),%,43.2,,36.3,,6.9
Puducherry,39,Births in a private health facility that were delivered by caesarean section (%),%,62.4,,42.0,,20.4
Puducherry,40,Births in a public health facility that were delivered by caesarean section (%),%,37.4,,34.8,,2.6
Puducherry,41,Mothers who received postnatal care from a doctor/nurse/LHV/ANM/midwife/other health,,91.6,,93.1,,-1.5
Puducherry,42,Children born at home who were taken to a health facility for a check-up within 24 hours of,,,Y,,Y,
Puducherry,43,Children who received postnatal care from a doctor/nurse/LHV/ANM/midwife/ other health,,92.5,,95.7,,-3.2
Puducherry,44,Children age 12-23 months fully vaccinated based on information from either vaccination card,,89.3,,82.3,,7.0
Puducherry,45,Children age 12-23 months fully vaccinated based on information from vaccination card,,89.7,,89.7,,0.0
Puducherry,46,Children age 12-23 months who have received any vaccine (%),%,97.1,,99.9,,-2.8
Puducherry,47,Children age 12-23 months who have received BCG (%),%,95.8,,96.4,,-0.6
Puducherry,48,Children age 12-23 months who have received 3 doses of polio vaccine 8 (%),%,94.4,,87.3,,7.1
Puducherry,49,Children age 12-23 months who have received 3 doses of pentavalent vaccine (%),%,91.6,,92.3,,-0.7
Puducherry,50,Children age 12-23 months who have received the first dose of measles-containing,,97.1,,95.6,,1.5
Puducherry,51,Children age 24-35 months who have received a second dose of measles-containing,,85.0,,84.6,,0.4
Puducherry,52,Children age 12-23 months who have received birth dose of hepatitis B vaccine (%),%,92.8,,81.1,,11.7
Puducherry,53,Children age 12-23 months who have received 3 doses of rotavirus vaccine (%),%,88.6,,8.0,,80.6
Puducherry,54,Children age 9-35 months who received a vitamin A dose in the last 6 months (%),%,85.7,,81.2,,4.5
Puducherry,55,Children age 12-23 months who received most of their vaccinations in a public health,,92.0,,97.1,,-5.1
Puducherry,56,Children age 12-23 months who received most of their vaccinations in a private health,,8.0,,2.6,,5.4
Puducherry,57,Prevalence of diarrhoea in the 2 weeks preceding the survey (%),%,6.0,,3.7,,2.3
Puducherry,58,Prevalence of severe diarrhoea in the 2 weeks preceding the survey (%),%,0.1,,0.4,,-0.3
Puducherry,59,Prevalence of symptoms of acute respiratory infection (ARI) in the 2 weeks preceding the,,0.8,,4.9,,-4.1
Puducherry,60,Children with fever or symptoms of ARI in the 2 weeks preceding the survey taken to a health,,77.4,,64.3,,13.1
Puducherry,61,Children under age 3 years breastfed within one hour of birth 9 (%),%,48.6,,54.1,,-5.5
Puducherry,62,Children under age 6 months exclusively breastfed 10 (%),%,73.1,,64.8,,8.3
Puducherry,63,Children under age 6 months currently breastfeeding 10 (%),%,100.0,,100.0,,0.0
Puducherry,64,Children under age 6 months exclusively breastfed or breastfeeding and consuming plain,,96.1,,73.2,,22.9
Puducherry,65,Children age 6-8 months receiving solid or semi-solid food and breastmilk10 (%),%,69.1,Y,65.6,Y,3.5
Puducherry,66,"Breastfeeding children age 6-23 months receiving an adequate diet 10, 11 (%)",%,29.9,,22.7,,7.2
Puducherry,67,"Non-breastfeeding children age 6-23 months receiving an adequate diet10, 11 (%)",%,12.0,Y,23.6,Y,-11.6
Puducherry,68,"Total children age 6-23 months receiving an adequate diet10, 11 (%)",%,27.2,,22.9,,4.3
Puducherry,69,Children under 5 years who are stunted (height-for-age)12 (%),%,16.6,,20.0,,-3.4
Puducherry,70,Children under 5 years who are wasted (weight-for-height)12 (%),%,16.7,,12.4,,4.3
Puducherry,71,Children under 5 years who are severely wasted (weight-for-height)13 (%),%,7.1,,3.7,,3.4
Puducherry,72,Children under 5 years who are underweight (weight-for-age)12 (%),%,22.6,,15.3,,7.3
Puducherry,73,Children under 5 years who are overweight (weight-for-height)14 (%),%,2.2,,3.8,,-1.6
Puducherry,74,Women whose Body Mass Index (BMI) is below normal (BMI <18.5 kg/m 2)15 (%),%,8.7,,9.0,,-0.3
Puducherry,75,Men whose Body Mass Index (BMI) is below normal (BMI <18.5 kg/m2) (%),%,11.2,,11.1,,0.1
Puducherry,76,Women who are overweight or obese (BMI ≥25.0 kg/m 2)15 (%),%,51.3,,46.3,,5.0
Puducherry,77,Men who are overweight or obese (BMI ≥25.0 kg/m2) (%),%,45.9,,43.3,,2.6
Puducherry,78,Blood sugar level - high (141-160 mg/dl)16 (%),%,8.1,,7.2,,0.9
Puducherry,79,Blood sugar level - very high (>160 mg/dl)16 (%),%,15.5,,10.1,,5.4
Puducherry,80,Blood sugar level - high or very high (>140 mg/dl) or taking medicine to control blood,,26.7,,20.1,,6.6
Puducherry,81,Blood sugar level - high (141-160 mg/dl)16 (%),%,7.5,,7.0,,0.5
Puducherry,82,Blood sugar level - very high (>160 mg/dl)16 (%),%,18.0,,12.2,,5.8
Puducherry,83,Blood sugar level - high or very high (>140 mg/dl) or taking medicine to control blood,,28.8,,21.7,,7.1
Puducherry,84,Mildly elevated blood pressure (Systolic 140-159 mm of Hg and/or,,10.4,,12.1,,-1.7
Puducherry,85,Moderately or severely elevated blood pressure (Systolic ≥160 mm of Hg and/or,,3.4,,4.0,,-0.6
Puducherry,86,Elevated blood pressure (Systolic ≥140 mm of Hg and/or Diastolic ≥90 mm of Hg) or taking,,23.5,,23.0,,0.5
Puducherry,87,Mildly elevated blood pressure (Systolic 140-159 mm of Hg and/or,,15.5,,19.1,,-3.6
Puducherry,88,Moderately or severely elevated blood pressure (Systolic ≥160 mm of Hg and/or,,2.7,,6.4,,-3.7
Puducherry,89,Elevated blood pressure (Systolic ≥140 mm of Hg and/or Diastolic ≥90 mm of Hg) or taking,,29.4,,30.1,,-0.7
Puducherry,90,Currently married women who usually participate in three household decisions 17 (%),%,89.7,,97.9,,-8.2
Puducherry,91,Women who worked in the last 12 months and were paid in cash (%),%,35.9,,38.2,,-2.3
Puducherry,92,Women having a bank or savings account that they themselves use (%),%,92.1,,92.6,,-0.5
Puducherry,93,Women having a mobile phone that they themselves use (%),%,82.4,,82.8,,-0.4
Puducherry,94,Women age 15-24 years who use hygienic methods of protection during their menstrual,,97.5,,99.1,,-1.6
Puducherry,95,Ever-married women age 18-49 years who have ever experienced spousal violence 19 (%),%,25.7,,30.0,,-4.3
Puducherry,96,Ever-married women age 18-49 years who have experienced physical violence during any,,1.9,,1.6,,0.3
Puducherry,97,Young women age 18-29 years who experienced sexual violence by age 18 (%),%,0.0,,0.0,,0.0
Puducherry,98,Women age 15 years and above who use any kind of tobacco (%),%,4.1,,2.6,,1.5
Puducherry,99,Men age 15 years and above who use any kind of tobacco (%),%,11.4,,14.8,,-3.4
Puducherry,100,Women age 15 years and above who consume alcohol (%),%,0.2,,0.3,,-0.1
Puducherry,101,Men age 15 years and above who consume alcohol (%),%,22.8,,27.9,,-5.1
Punjab,1,Population below age 5 years (%),%,6.1,,6.5,,-0.4
Punjab,2,Population below age 15 years (%),%,21.4,,22.0,,-0.6
Punjab,3,Population age 60 years and above (%),%,14.4,,13.7,,0.7
Punjab,4,Population living in households with electricity (%),%,99.7,,99.7,,0.0
Punjab,5,Population living in households with an improved drinking-water source1 (%),%,99.4,,98.8,,0.6
Punjab,6,Households using iodized salt (%),%,92.7,,94.8,,-2.1
Punjab,7,Households with any usual member covered under a health insurance/financing scheme (%),%,49.2,,25.2,,24.0
Punjab,8,Households with any usual member having a bank account/post office account (%),%,96.8,,95.5,,1.3
Punjab,9,Female population age 6 years and above who ever attended school (%),%,79.9,,77.2,,2.7
Punjab,10,Households with any usual female members owning a house and/or land (alone or jointly with,,13.4,,9.3,,4.1
Punjab,11,Children age 2-4 years who attended pre-school (%),%,57.6,,40.3,,17.3
Punjab,12,Women with 10 or more years of schooling (%),%,60.6,,56.0,,4.6
Punjab,13,Men with 10 or more years of schooling (%),%,64.3,,58.7,,5.6
Punjab,14,Women who have ever used the internet (%),%,74.5,,54.8,,19.7
Punjab,15,Men who have ever used the internet (%),%,87.3,,78.2,,9.1
Punjab,16,Women age 20-24 years married before age 18 years (%),%,10.2,,8.7,,1.5
Punjab,17,Men age 25-29 years married before age 21 years (%),%,7.7,,11.4,,-3.7
Punjab,18,Total fertility rate (children per woman),children per woman,1.6,,1.6,,0.0
Punjab,19,Women age 15-19 years who were already mothers or pregnant at the time of the survey (%),%,2.8,,3.1,,-0.3
Punjab,20,Any method2 (%),%,69.5,,66.6,,2.9
Punjab,21,Any modern method2 (%),%,48.1,,50.5,,-2.4
Punjab,22,Any traditional method (%),%,21.4,,16.1,,5.3
Punjab,23,Female sterilization (%),%,21.7,,22.8,,-1.1
Punjab,24,Male sterilization (%),%,0.6,,0.5,,0.1
Punjab,25,Total unmet need3 (%),%,6.7,,9.9,,-3.2
Punjab,26,Unmet need for spacing3 (%),%,2.8,,3.7,,-0.9
Punjab,27,Unmet need for limiting3 (%),%,3.9,,6.2,,-2.3
Punjab,28,Mothers who had an antenatal check-up in the first trimester (%),%,79.1,,68.5,,10.6
Punjab,29,Mothers who had any antenatal care visits (%),%,93.2,,91.3,,1.9
Punjab,30,Mothers who had at least 4 antenatal care visits (%),%,72.0,,59.7,,12.3
Punjab,31,Mothers whose last birth was protected against neonatal tetanus 4 (%),%,94.9,,89.7,,5.2
Punjab,32,Mothers who consumed iron folic acid for 100 days or more when they were pregnant (%),%,70.9,,55.4,,15.5
Punjab,33,Mothers who consumed iron folic acid for 180 days or more when they were pregnant (%),%,49.6,,40.5,,9.1
Punjab,34,Registered pregnancies for which the mother received a Mother and Child Protection (MCP),MCP,96.2,,96.9,,-0.7
Punjab,35,Institutional births (%),%,96.1,,94.3,,1.8
Punjab,36,Institutional births in public facility (%),%,48.9,,53.9,,-5.0
Punjab,37,Births attended by skilled health personnel5 (%),%,97.0,,95.6,,1.4
Punjab,38,Births delivered by caesarean section (%),%,46.6,,38.5,,8.1
Punjab,39,Births in a private health facility that were delivered by caesarean section (%),%,63.3,,55.5,,7.8
Punjab,40,Births in a public health facility that were delivered by caesarean section (%),%,34.2,,29.9,,4.3
Punjab,41,Mothers who received postnatal care from a doctor/nurse/LHV/ANM/midwife/other health,,87.8,,86.2,,1.6
Punjab,42,Children born at home who were taken to a health facility for a check-up within 24 hours of,,3.6,,1.3,,2.3
Punjab,43,Children who received postnatal care from a doctor/nurse/LHV/ANM/midwife/ other health,,88.9,,84.7,,4.2
Punjab,44,Children age 12-23 months fully vaccinated based on information from either vaccination card,,77.7,,76.2,,1.5
Punjab,45,Children age 12-23 months fully vaccinated based on information from vaccination card,,79.9,,85.2,,-5.3
Punjab,46,Children age 12-23 months who have received any vaccine (%),%,97.9,,96.3,,1.6
Punjab,47,Children age 12-23 months who have received BCG (%),%,97.8,,95.3,,2.5
Punjab,48,Children age 12-23 months who have received 3 doses of polio vaccine 8 (%),%,80.4,,79.7,,0.7
Punjab,49,Children age 12-23 months who have received 3 doses of pentavalent vaccine (%),%,86.7,,88.5,,-1.8
Punjab,50,Children age 12-23 months who have received the first dose of measles-containing,,92.3,,88.1,,4.2
Punjab,51,Children age 24-35 months who have received a second dose of measles-containing,,60.7,,56.7,,4.0
Punjab,52,Children age 12-23 months who have received birth dose of hepatitis B vaccine (%),%,80.8,,85.8,,-5.0
Punjab,53,Children age 12-23 months who have received 3 doses of rotavirus vaccine (%),%,80.4,,65.9,,14.5
Punjab,54,Children age 9-35 months who received a vitamin A dose in the last 6 months (%),%,78.1,,69.9,,8.2
Punjab,55,Children age 12-23 months who received most of their vaccinations in a public health,,94.6,,90.6,,4.0
Punjab,56,Children age 12-23 months who received most of their vaccinations in a private health,,4.6,,8.0,,-3.4
Punjab,57,Prevalence of diarrhoea in the 2 weeks preceding the survey (%),%,5.5,,4.9,,0.6
Punjab,58,Prevalence of severe diarrhoea in the 2 weeks preceding the survey (%),%,0.2,,0.2,,0.0
Punjab,59,Prevalence of symptoms of acute respiratory infection (ARI) in the 2 weeks preceding the,,0.5,,2.5,,-2.0
Punjab,60,Children with fever or symptoms of ARI in the 2 weeks preceding the survey taken to a health,,86.9,,57.3,,29.6
Punjab,61,Children under age 3 years breastfed within one hour of birth 9 (%),%,38.2,,53.1,,-14.9
Punjab,62,Children under age 6 months exclusively breastfed10 (%),%,51.0,,55.5,,-4.5
Punjab,63,Children under age 6 months currently breastfeeding 10 (%),%,92.8,,89.7,,3.1
Punjab,64,Children under age 6 months exclusively breastfed or breastfeeding and consuming plain,,81.9,,78.4,,3.5
Punjab,65,Children age 6-8 months receiving solid or semi-solid food and breastmilk10 (%),%,58.2,,46.2,,12.0
Punjab,66,"Breastfeeding children age 6-23 months receiving an adequate diet10, 11 (%)",%,10.3,,10.2,,0.1
Punjab,67,"Non-breastfeeding children age 6-23 months receiving an adequate diet10, 11 (%)",%,13.8,,15.4,,-1.6
Punjab,68,"Total children age 6-23 months receiving an adequate diet10, 11 (%)",%,11.1,,11.5,,-0.4
Punjab,69,Children under 5 years who are stunted (height-for-age)12 (%),%,20.4,,24.5,,-4.1
Punjab,70,Children under 5 years who are wasted (weight-for-height)12 (%),%,18.0,,10.6,,7.4
Punjab,71,Children under 5 years who are severely wasted (weight-for-height)13 (%),%,4.4,,3.6,,0.8
Punjab,72,Children under 5 years who are underweight (weight-for-age)12 (%),%,23.7,,16.9,,6.8
Punjab,73,Children under 5 years who are overweight (weight-for-height)14 (%),%,1.8,,4.1,,-2.3
Punjab,74,Women whose Body Mass Index (BMI) is below normal (BMI <18.5 kg/m 2)15 (%),%,14.2,,12.7,,1.5
Punjab,75,Men whose Body Mass Index (BMI) is below normal (BMI <18.5 kg/m2) (%),%,13.3,,12.5,,0.8
Punjab,76,Women who are overweight or obese (BMI ≥25.0 kg/m 2)15 (%),%,44.7,,40.8,,3.9
Punjab,77,Men who are overweight or obese (BMI ≥25.0 kg/m2) (%),%,37.5,,32.3,,5.2
Punjab,78,Blood sugar level - high (141-160 mg/dl)16 (%),%,7.9,,5.8,,2.1
Punjab,79,Blood sugar level - very high (>160 mg/dl)16 (%),%,12.3,,8.0,,4.3
Punjab,80,Blood sugar level - high or very high (>140 mg/dl) or taking medicine to control blood,,21.3,,14.7,,6.6
Punjab,81,Blood sugar level - high (141-160 mg/dl)16 (%),%,9.1,,6.2,,2.9
Punjab,82,Blood sugar level - very high (>160 mg/dl)16 (%),%,11.9,,7.0,,4.9
Punjab,83,Blood sugar level - high or very high (>140 mg/dl) or taking medicine to control blood,,22.3,,14.1,,8.2
Punjab,84,Mildly elevated blood pressure (Systolic 140-159 mm of Hg and/or,,10.8,,18.5,,-7.7
Punjab,85,Moderately or severely elevated blood pressure (Systolic ≥160 mm of Hg and/or,,6.5,,8.6,,-2.1
Punjab,86,Elevated blood pressure (Systolic ≥140 mm of Hg and/or Diastolic ≥90 mm of Hg) or taking,,24.5,,31.2,,-6.7
Punjab,87,Mildly elevated blood pressure (Systolic 140-159 mm of Hg and/or,,13.6,,24.5,,-10.9
Punjab,88,Moderately or severely elevated blood pressure (Systolic ≥160 mm of Hg and/or,,4.6,,11.0,,-6.4
Punjab,89,Elevated blood pressure (Systolic ≥140 mm of Hg and/or Diastolic ≥90 mm of Hg) or taking,,26.3,,37.7,,-11.4
Punjab,90,Currently married women who usually participate in three household decisions 17 (%),%,93.2,,91.4,,1.8
Punjab,91,Women who worked in the last 12 months and were paid in cash (%),%,28.8,,22.3,,6.5
Punjab,92,Women having a bank or savings account that they themselves use (%),%,87.9,,81.6,,6.3
Punjab,93,Women having a mobile phone that they themselves use (%),%,72.6,,61.2,,11.4
Punjab,94,Women age 15-24 years who use hygienic methods of protection during their menstrual,,94.6,,93.3,,1.3
Punjab,95,Ever-married women age 18-49 years who have ever experienced spousal violence 19 (%),%,8.7,,11.6,,-2.9
Punjab,96,Ever-married women age 18-49 years who have experienced physical violence during any,,1.8,,1.6,,0.2
Punjab,97,Young women age 18-29 years who experienced sexual violence by age 18 (%),%,0.1,,0.2,,-0.1
Punjab,98,Women age 15 years and above who use any kind of tobacco (%),%,0.5,,0.4,,0.1
Punjab,99,Men age 15 years and above who use any kind of tobacco (%),%,13.9,,12.8,,1.1
Punjab,100,Women age 15 years and above who consume alcohol (%),%,0.3,,0.3,,0.0
Punjab,101,Men age 15 years and above who consume alcohol (%),%,22.9,,22.8,,0.1
Rajasthan,1,Population below age 5 years (%),%,8.9,,9.0,,-0.1
Rajasthan,2,Population below age 15 years (%),%,27.7,,28.3,,-0.6
Rajasthan,3,Population age 60 years and above (%),%,12.1,,10.5,,1.6
Rajasthan,4,Population living in households with electricity (%),%,98.4,,98.1,,0.3
Rajasthan,5,Population living in households with an improved drinking-water source1 (%),%,95.2,,96.5,,-1.3
Rajasthan,6,Households using iodized salt (%),%,95.2,,94.2,,1.0
Rajasthan,7,Households with any usual member covered under a health insurance/financing scheme (%),%,88.7,,87.8,,0.9
Rajasthan,8,Households with any usual member having a bank account/post office account (%),%,98.7,,97.6,,1.1
Rajasthan,9,Female population age 6 years and above who ever attended school (%),%,64.3,,63.5,,0.8
Rajasthan,10,Households with any usual female members owning a house and/or land (alone or jointly with,,13.9,,9.4,,4.5
Rajasthan,11,Children age 2-4 years who attended pre-school (%),%,38.2,,30.1,,8.1
Rajasthan,12,Women with 10 or more years of schooling (%),%,38.7,,33.4,,5.3
Rajasthan,13,Men with 10 or more years of schooling (%),%,55.7,,51.9,,3.8
Rajasthan,14,Women who have ever used the internet (%),%,66.3,,36.9,,29.4
Rajasthan,15,Men who have ever used the internet (%),%,80.5,,65.2,,15.3
Rajasthan,16,Women age 20-24 years married before age 18 years (%),%,24.6,,25.4,,-0.8
Rajasthan,17,Men age 25-29 years married before age 21 years (%),%,28.5,,28.2,,0.3
Rajasthan,18,Total fertility rate (children per woman),children per woman,2.1,,2.0,,0.1
Rajasthan,19,Women age 15-19 years who were already mothers or pregnant at the time of the survey (%),%,4.7,,3.7,,1.0
Rajasthan,20,Any method2 (%),%,74.4,,72.3,,2.1
Rajasthan,21,Any modern method2 (%),%,57.1,,62.1,,-5.0
Rajasthan,22,Any traditional method (%),%,17.3,,10.2,,7.1
Rajasthan,23,Female sterilization (%),%,37.2,,42.4,,-5.2
Rajasthan,24,Male sterilization (%),%,0.4,,0.2,,0.2
Rajasthan,25,Total unmet need3 (%),%,7.9,,7.6,,0.3
Rajasthan,26,Unmet need for spacing3 (%),%,4.4,,3.7,,0.7
Rajasthan,27,Unmet need for limiting3 (%),%,3.5,,3.9,,-0.4
Rajasthan,28,Mothers who had an antenatal check-up in the first trimester (%),%,78.2,,76.3,,1.9
Rajasthan,29,Mothers who had any antenatal care visits (%),%,97.3,,94.2,,3.1
Rajasthan,30,Mothers who had at least 4 antenatal care visits (%),%,61.0,,55.4,,5.6
Rajasthan,31,Mothers whose last birth was protected against neonatal tetanus 4 (%),%,94.1,,93.4,,0.7
Rajasthan,32,Mothers who consumed iron folic acid for 100 days or more when they were pregnant (%),%,41.0,,33.9,,7.1
Rajasthan,33,Mothers who consumed iron folic acid for 180 days or more when they were pregnant (%),%,23.5,,14.4,,9.1
Rajasthan,34,Registered pregnancies for which the mother received a Mother and Child Protection (MCP),MCP,97.5,,98.1,,-0.6
Rajasthan,35,Institutional births (%),%,94.1,,94.9,,-0.8
Rajasthan,36,Institutional births in public facility (%),%,70.5,,77.0,,-6.5
Rajasthan,37,Births attended by skilled health personnel5(%),%,94.9,,95.6,,-0.7
Rajasthan,38,Births delivered by caesarean section (%),%,15.6,,10.4,,5.2
Rajasthan,39,Births in a private health facility that were delivered by caesarean section (%),%,35.0,,26.9,,8.1
Rajasthan,40,Births in a public health facility that were delivered by caesarean section (%),%,10.5,,7.2,,3.3
Rajasthan,41,Mothers who received postnatal care from a doctor/nurse/LHV/ANM/midwife/other health,,86.7,,85.3,,1.4
Rajasthan,42,Children born at home who were taken to a health facility for a check-up within 24 hours of,,4.0,,1.3,,2.7
Rajasthan,43,Children who received postnatal care from a doctor/nurse/LHV/ANM/midwife/ other health,,89.6,,86.9,,2.7
Rajasthan,44,Children age 12-23 months fully vaccinated based on information from either vaccination card,,80.6,,80.5,,0.1
Rajasthan,45,Children age 12-23 months fully vaccinated based on information from vaccination card only7 (%),%,75.0,,85.3,,-10.3
Rajasthan,46,Children age 12-23 months who have received any vaccine (%),%,95.2,,97.4,,-2.2
Rajasthan,47,Children age 12-23 months who have received BCG (%),%,92.9,,95.6,,-2.7
Rajasthan,48,Children age 12-23 months who have received 3 doses of polio vaccine8 (%),%,84.3,,84.6,,-0.3
Rajasthan,49,Children age 12-23 months who have received 3 doses of pentavalent vaccine (%),%,87.2,,89.4,,-2.2
Rajasthan,50,Children age 12-23 months who have received the first dose of measles-containing,,90.3,,91.1,,-0.8
Rajasthan,51,Children age 24-35 months who have received a second dose of measles-containing,,57.6,,52.3,,5.3
Rajasthan,52,Children age 12-23 months who have received birth dose of hepatitis B vaccine (%),%,82.6,,75.0,,7.6
Rajasthan,53,Children age 12-23 months who have received 3 doses of rotavirus vaccine (%),%,83.4,,61.6,,21.8
Rajasthan,54,Children age 9-35 months who received a vitamin A dose in the last 6 months (%),%,65.6,,64.5,,1.1
Rajasthan,55,Children age 12-23 months who received most of their vaccinations in a public health,,97.5,,98.0,,-0.5
Rajasthan,56,Children age 12-23 months who received most of their vaccinations in a private health,,1.8,,1.6,,0.2
Rajasthan,57,Prevalence of diarrhoea in the 2 weeks preceding the survey (%),%,5.8,,6.1,,-0.3
Rajasthan,58,Prevalence of severe diarrhoea in the 2 weeks preceding the survey (%),%,0.5,,0.3,,0.2
Rajasthan,59,Prevalence of symptoms of acute respiratory infection (ARI) in the 2 weeks preceding the,,1.7,,2.9,,-1.2
Rajasthan,60,Children with fever or symptoms of ARI in the 2 weeks preceding the survey taken to a health,,74.7,,71.1,,3.6
Rajasthan,61,Children under age 3 years breastfed within one hour of birth 9 (%),%,45.8,,40.7,,5.1
Rajasthan,62,Children under age 6 months exclusively breastfed 10 (%),%,54.3,,70.4,,-16.1
Rajasthan,63,Children under age 6 months currently breastfeeding10 (%),%,98.1,,97.4,,0.7
Rajasthan,64,Children under age 6 months exclusively breastfed or breastfeeding and consuming plain,,89.5,,87.0,,2.5
Rajasthan,65,Children age 6-8 months receiving solid or semi-solid food and breastmilk10 (%),%,51.6,,38.0,,13.6
Rajasthan,66,"Breastfeeding children age 6-23 months receiving an adequate diet10, 11 (%)",%,8.9,,8.4,,0.5
Rajasthan,67,"Non-breastfeeding children age 6-23 months receiving an adequate diet 10, 11 (%)",%,8.0,,7.5,,0.5
Rajasthan,68,"Total children age 6-23 months receiving an adequate diet10, 11 (%)",%,8.7,,8.3,,0.4
Rajasthan,69,Children under 5 years who are stunted (height-for-age)12 (%),%,29.6,,31.8,,-2.2
Rajasthan,70,Children under 5 years who are wasted (weight-for-height)12 (%),%,19.8,,16.8,,3.0
Rajasthan,71,Children under 5 years who are severely wasted (weight-for-height)13 (%),%,6.4,,7.6,,-1.2
Rajasthan,72,Children under 5 years who are underweight (weight-for-age)12 (%),%,33.3,,27.6,,5.7
Rajasthan,73,Children under 5 years who are overweight (weight-for-height)14 (%),%,1.2,,3.3,,-2.1
Rajasthan,74,Women whose Body Mass Index (BMI) is below normal (BMI <18.5 kg/m ) (%),%,27.3,,19.6,,7.7
Rajasthan,75,Men whose Body Mass Index (BMI) is below normal (BMI <18.5 kg/m 2) (%),%,24.7,,14.0,,10.7
Rajasthan,76,Women who are overweight or obese (BMI ≥25.0 kg/m2)15 (%),%,20.3,,12.9,,7.4
Rajasthan,77,Men who are overweight or obese (BMI ≥25.0 kg/m2) (%),%,19.3,,15.0,,4.3
Rajasthan,78,Blood sugar level - high (141-160 mg/dl)16 (%),%,5.3,,3.9,,1.4
Rajasthan,79,Blood sugar level - very high (>160 mg/dl)16 (%),%,4.6,,2.8,,1.8
Rajasthan,80,Blood sugar level - high or very high (>140 mg/dl) or taking medicine to control blood sugar level16 (%),%,10.4,,7.2,,3.2
Rajasthan,81,Blood sugar level - high (141-160 mg/dl)16 (%),%,6.5,,5.0,,1.5
Rajasthan,82,Blood sugar level - very high (>160 mg/dl)16 (%),%,5.5,,3.3,,2.2
Rajasthan,83,Blood sugar level - high or very high (>140 mg/dl) or taking medicine to control blood sugar level16 (%),%,12.7,,8.9,,3.8
Rajasthan,84,Mildly elevated blood pressure (Systolic 140-159 mm of Hg and/or Diastolic 90-99 mm of Hg) (%),%,7.7,,9.8,,-2.1
Rajasthan,85,Moderately or severely elevated blood pressure (Systolic ≥160 mm of Hg and/or Diastolic ≥100 mm of Hg) (%),%,3.5,,3.3,,0.2
Rajasthan,86,Elevated blood pressure (Systolic ≥140 mm of Hg and/or Diastolic ≥90 mm of Hg) or taking medicine to control blood pressure (%),%,14.4,,15.3,,-0.9
Rajasthan,87,Mildly elevated blood pressure (Systolic 140-159 mm of Hg and/or Diastolic 90-99 mm of Hg) (%),%,10.4,,12.7,,-2.3
Rajasthan,88,Moderately or severely elevated blood pressure (Systolic ≥160 mm of Hg and/or Diastolic ≥100 mm of Hg) (%),%,2.2,,3.6,,-1.4
Rajasthan,89,Elevated blood pressure (Systolic ≥140 mm of Hg and/or Diastolic ≥90 mm of Hg) or taking medicine to control blood pressure (%),%,16.5,,17.9,,-1.4
Rajasthan,90,Currently married women who usually participate in three household decisions 17 (%),%,84.5,,87.7,,-3.2
Rajasthan,91,Women who worked in the last 12 months and were paid in cash (%),%,26.9,,17.4,,9.5
Rajasthan,92,Women having a bank or savings account that they themselves use (%),%,89.1,,79.6,,9.5
Rajasthan,93,Women having a mobile phone that they themselves use (%),%,61.1,,50.2,,10.9
Rajasthan,94,Women age 15-24 years who use hygienic methods of protection during their menstrual,,88.5,,84.3,,4.2
Rajasthan,95,Ever-married women age 18-49 years who have ever experienced spousal violence19 (%),%,20.8,,24.1,,-3.3
Rajasthan,96,Ever-married women age 18-49 years who have experienced physical violence during any pregnancy (%),%,1.9,,2.1,,-0.2
Rajasthan,97,Young women age 18-29 years who experienced sexual violence by age 18 (%),%,0.4,,1.0,,-0.6
Rajasthan,98,Women age 15 years and above who use any kind of tobacco (%),%,6.9,,6.9,,0.0
Rajasthan,99,Men age 15 years and above who use any kind of tobacco (%),%,37.6,,41.9,,-4.3
Rajasthan,100,Women age 15 years and above who consume alcohol (%),%,0.3,,0.3,,0.0
Rajasthan,101,Men age 15 years and above who consume alcohol (%),%,10.7,,11.0,,-0.3
Sikkim,1,Population below age 5 years (%),%,4.1,,5.0,,-0.9
Sikkim,2,Population below age 15 years (%),%,15.8,,19.5,,-3.7
Sikkim,3,Population age 60 years and above (%),%,13.2,,10.0,,3.2
Sikkim,4,Population living in households with electricity (%),%,99.8,,99.3,,0.5
Sikkim,5,Population living in households with an improved drinking-water source1 (%),%,92.1,,92.8,,-0.7
Sikkim,6,Households using iodized salt (%),%,99.9,,98.2,,1.7
Sikkim,7,Households with any usual member covered under a health insurance/financing scheme (%),%,36.2,,28.0,,8.2
Sikkim,8,Households with any usual member having a bank account/post office account (%),%,97.3,,91.8,,5.5
Sikkim,9,Female population age 6 years and above who ever attended school (%),%,81.4,,83.7,,-2.3
Sikkim,10,Households with any usual female members owning a house and/or land (alone or jointly with,,9.4,,9.8,,-0.4
Sikkim,11,Children age 2-4 years who attended pre-school (%),%,79.4,,74.2,,5.2
Sikkim,12,Women with 10 or more years of schooling (%),%,58.4,,49.0,,9.4
Sikkim,13,Men with 10 or more years of schooling (%),%,52.4,,55.0,,-2.6
Sikkim,14,Women who have ever used the internet (%),%,90.3,,76.7,,13.6
Sikkim,15,Men who have ever used the internet (%),%,89.4,,64.6,,24.8
Sikkim,16,Women age 20-24 years married before age 18 years (%),%,9.1,,10.8,,-1.7
Sikkim,17,Men age 25-29 years married before age 21 years (%),%,6.2,,5.1,,1.1
Sikkim,18,Total fertility rate (children per woman),children per woman,1.0,,1.1,,-0.1
Sikkim,19,Women age 15-19 years who were already mothers or pregnant at the time of the survey (%),%,4.2,,3.1,,1.1
Sikkim,20,Any method2 (%),%,76.0,,69.1,,6.9
Sikkim,21,Any modern method2 (%),%,42.2,,54.9,,-12.7
Sikkim,22,Any traditional method (%),%,33.8,,14.2,,19.6
Sikkim,23,Female sterilization (%),%,11.7,,14.5,,-2.8
Sikkim,24,Male sterilization (%),%,1.8,,1.7,,0.1
Sikkim,25,Total unmet need3 (%),%,4.5,,11.9,,-7.4
Sikkim,26,Unmet need for spacing3 (%),%,2.2,,4.9,,-2.7
Sikkim,27,Unmet need for limiting3 (%),%,2.3,,7.0,,-4.7
Sikkim,28,Mothers who had an antenatal check-up in the first trimester (%),%,73.2,,63.7,,9.5
Sikkim,29,Mothers who had any antenatal care visits (%),%,99.0,,80.1,,18.9
Sikkim,30,Mothers who had at least 4 antenatal care visits (%),%,73.6,,58.4,,15.2
Sikkim,31,Mothers whose last birth was protected against neonatal tetanus 4 (%),%,98.9,,92.0,,6.9
Sikkim,32,Mothers who consumed iron folic acid for 100 days or more when they were pregnant (%),%,89.3,,54.7,,34.6
Sikkim,33,Mothers who consumed iron folic acid for 180 days or more when they were pregnant (%),%,73.4,,31.5,,41.9
Sikkim,34,Registered pregnancies for which the mother received a Mother and Child Protection (MCP),MCP,99.9,,94.6,,5.3
Sikkim,35,Institutional births (%),%,97.7,,94.7,,3.0
Sikkim,36,Institutional births in public facility (%),%,71.7,,78.6,,-6.9
Sikkim,37,Births attended by skilled health personnel5 (%),%,97.9,,96.5,,1.4
Sikkim,38,Births delivered by caesarean section (%),%,51.1,,32.8,,18.3
Sikkim,39,Births in a private health facility that were delivered by caesarean section (%),%,67.8,,55.4,,12.4
Sikkim,40,Births in a public health facility that were delivered by caesarean section (%),%,46.7,,30.4,,16.3
Sikkim,41,Mothers who received postnatal care from a doctor/nurse/LHV/ANM/midwife/other health,,85.1,,69.3,,15.8
Sikkim,42,Children born at home who were taken to a health facility for a check-up within 24 hours of,,,Y,,Y,
Sikkim,43,Children who received postnatal care from a doctor/nurse/LHV/ANM/midwife/ other health,,87.1,,66.2,,20.9
Sikkim,44,Children age 12-23 months fully vaccinated based on information from either vaccination card,,92.9,,82.5,,10.4
Sikkim,45,Children age 12-23 months fully vaccinated based on information from vaccination card only7 (%),%,95.1,,87.6,,7.5
Sikkim,46,Children age 12-23 months who have received any vaccine (%),%,96.2,,96.9,,-0.7
Sikkim,47,Children age 12-23 months who have received BCG (%),%,96.2,,96.6,,-0.4
Sikkim,48,Children age 12-23 months who have received 3 doses of polio vaccine8 (%),%,92.9,,89.0,,3.9
Sikkim,49,Children age 12-23 months who have received 3 doses of pentavalent vaccine (%),%,94.5,,93.3,,1.2
Sikkim,50,Children age 12-23 months who have received the first dose of measles-containing,,94.5,,90.5,,4.0
Sikkim,51,Children age 24-35 months who have received a second dose of measles-containing,,85.6,,35.7,,49.9
Sikkim,52,Children age 12-23 months who have received birth dose of hepatitis B vaccine (%),%,94.4,,87.6,,6.8
Sikkim,53,Children age 12-23 months who have received 3 doses of rotavirus vaccine (%),%,94.1,,0.0,,94.1
Sikkim,54,Children age 9-35 months who received a vitamin A dose in the last 6 months (%),%,86.3,,87.5,,-1.2
Sikkim,55,Children age 12-23 months who received most of their vaccinations in a public health,,100.0,,100.0,,0.0
Sikkim,56,Children age 12-23 months who received most of their vaccinations in a private health,,0.0,,0.0,,0.0
Sikkim,57,Prevalence of diarrhoea in the 2 weeks preceding the survey (%),%,2.5,,5.5,,-3.0
Sikkim,58,Prevalence of severe diarrhoea in the 2 weeks preceding the survey (%),%,0.4,,2.1,,-1.7
Sikkim,59,Prevalence of symptoms of acute respiratory infection (ARI) in the 2 weeks preceding the,,0.2,,0.7,,-0.5
Sikkim,60,Children with fever or symptoms of ARI in the 2 weeks preceding the survey taken to a health,,54.0,,59.5,,-5.5
Sikkim,61,Children under age 3 years breastfed within one hour of birth 9 (%),%,68.0,,33.0,,35.0
Sikkim,62,Children under age 6 months exclusively breastfed 10 (%),%,49.6,,28.3,,21.3
Sikkim,63,Children under age 6 months currently breastfeeding 10 (%),%,94.5,,91.3,,3.2
Sikkim,64,Children under age 6 months exclusively breastfed or breastfeeding and consuming plain,,79.7,,63.3,,16.4
Sikkim,65,Children age 6-8 months receiving solid or semi-solid food and breastmilk10 (%),%,,Y,57.4,Y,
Sikkim,66,"Breastfeeding children age 6-23 months receiving an adequate diet10, 11 (%)",%,22.1,,21.9,,0.2
Sikkim,67,"Non-breastfeeding children age 6-23 months receiving an adequate diet 10, 11 (%)",%,,Y,35.0,Y,
Sikkim,68,"Total children age 6-23 months receiving an adequate diet10, 11 (%)",%,22.2,,23.8,,-1.6
Sikkim,69,Children under 5 years who are stunted (height-for-age)12 (%),%,20.1,,22.3,,-2.2
Sikkim,70,Children under 5 years who are wasted (weight-for-height)12 (%),%,9.4,,13.6,,-4.2
Sikkim,71,Children under 5 years who are severely wasted (weight-for-height)13 (%),%,3.5,,6.6,,-3.1
Sikkim,72,Children under 5 years who are underweight (weight-for-age)12 (%),%,11.2,,13.1,,-1.9
Sikkim,73,Children under 5 years who are overweight (weight-for-height)14 (%),%,6.6,,9.6,,-3.0
Sikkim,74,Women whose Body Mass Index (BMI) is below normal (BMI <18.5 kg/m 2)15 (%),%,5.1,,5.8,,-0.7
Sikkim,75,Men whose Body Mass Index (BMI) is below normal (BMI <18.5 kg/m 2) (%),%,7.3,,4.9,,2.4
Sikkim,76,Women who are overweight or obese (BMI ≥25.0 kg/m2)15 (%),%,47.5,,34.8,,12.7
Sikkim,77,Men who are overweight or obese (BMI ≥25.0 kg/m2) (%),%,42.6,,36.3,,6.3
Sikkim,78,Blood sugar level - high (141-160 mg/dl)16 (%),%,7.0,,6.2,,0.8
Sikkim,79,Blood sugar level - very high (>160 mg/dl)16 (%),%,6.7,,4.7,,2.0
Sikkim,80,Blood sugar level - high or very high (>140 mg/dl) or taking medicine to control blood,,15.1,,12.2,,2.9
Sikkim,81,Blood sugar level - high (141-160 mg/dl)16 (%),%,7.9,,7.5,,0.4
Sikkim,82,Blood sugar level - very high (>160 mg/dl)16 (%),%,6.1,,7.0,,-0.9
Sikkim,83,Blood sugar level - high or very high (>140 mg/dl) or taking medicine to control blood,,15.6,,15.7,,-0.1
Sikkim,84,Mildly elevated blood pressure (Systolic 140-159 mm of Hg and/or,,18.7,,18.5,,0.2
Sikkim,85,Moderately or severely elevated blood pressure (Systolic ≥160 mm of Hg and/or,,8.5,,11.8,,-3.3
Sikkim,86,Elevated blood pressure (Systolic ≥140 mm of Hg and/or Diastolic ≥90 mm of Hg) or taking,,32.0,,34.5,,-2.5
Sikkim,87,Mildly elevated blood pressure (Systolic 140-159 mm of Hg and/or,,22.5,,25.0,,-2.5
Sikkim,88,Moderately or severely elevated blood pressure (Systolic ≥160 mm of Hg and/or,,4.9,,13.9,,-9.0
Sikkim,89,Elevated blood pressure (Systolic ≥140 mm of Hg and/or Diastolic ≥90 mm of Hg) or taking,,36.6,,41.6,,-5.0
Sikkim,90,Currently married women who usually participate in three household decisions 17 (%),%,98.6,,89.7,,8.9
Sikkim,91,Women who worked in the last 12 months and were paid in cash (%),%,30.7,,32.7,,-2.0
Sikkim,92,Women having a bank or savings account that they themselves use (%),%,91.4,,76.4,,15.0
Sikkim,93,Women having a mobile phone that they themselves use (%),%,91.6,,88.6,,3.0
Sikkim,94,Women age 15-24 years who use hygienic methods of protection during their menstrual,,99.1,,86.3,,12.8
Sikkim,95,Ever-married women age 18-49 years who have ever experienced spousal violence19 (%),%,4.6,,12.4,,-7.8
Sikkim,96,Ever-married women age 18-49 years who have experienced physical violence during any,,0.5,,1.9,,-1.4
Sikkim,97,Young women age 18-29 years who experienced sexual violence by age 18 (%),%,0.0,,0.1,,-0.1
Sikkim,98,Women age 15 years and above who use any kind of tobacco (%),%,13.1,,11.6,,1.5
Sikkim,99,Men age 15 years and above who use any kind of tobacco (%),%,39.3,,41.5,,-2.2
Sikkim,100,Women age 15 years and above who consume alcohol (%),%,19.9,,16.2,,3.7
Sikkim,101,Men age 15 years and above who consume alcohol (%),%,42.2,,39.9,,2.3
Tamil Nadu,1,Population below age 5 years (%),%,6.2,,6.7,,-0.5
Tamil Nadu,2,Population below age 15 years (%),%,20.2,,21.0,,-0.8
Tamil Nadu,3,Population age 60 years and above (%),%,16.3,,14.9,,1.4
Tamil Nadu,4,Population living in households with electricity (%),%,99.3,,99.3,,0.0
Tamil Nadu,5,Population living in households with an improved drinking-water source1 (%),%,98.5,,98.6,,-0.1
Tamil Nadu,6,Households using iodized salt (%),%,92.8,,92.0,,0.8
Tamil Nadu,7,Households with any usual member covered under a health insurance/financing scheme (%),%,61.1,,66.5,,-5.4
Tamil Nadu,8,Households with any usual member having a bank account/post office account (%),%,97.3,,96.6,,0.7
Tamil Nadu,9,Female population age 6 years and above who ever attended school (%),%,80.4,,80.4,,0.0
Tamil Nadu,10,Households with any usual female members owning a house and/or land (alone or jointly with,,17.2,,17.2,,0.0
Tamil Nadu,11,Children age 2-4 years who attended pre-school (%),%,65.3,,46.1,,19.2
Tamil Nadu,12,Women with 10 or more years of schooling (%),%,64.2,,56.6,,7.6
Tamil Nadu,13,Men with 10 or more years of schooling (%),%,69.2,,59.1,,10.1
Tamil Nadu,14,Women who have ever used the internet (%),%,59.5,,46.9,,12.6
Tamil Nadu,15,Men who have ever used the internet (%),%,81.8,,70.2,,11.6
Tamil Nadu,16,Women age 20-24 years married before age 18 years (%),%,10.5,,12.8,,-2.3
Tamil Nadu,17,Men age 25-29 years married before age 21 years (%),%,3.7,,4.5,,-0.8
Tamil Nadu,18,Total fertility rate (children per woman),children per woman,1.7,,1.8,,-0.1
Tamil Nadu,19,Women age 15-19 years who were already mothers or pregnant at the time of the survey (%),%,4.1,,6.3,,-2.2
Tamil Nadu,20,Any method2 (%),%,68.5,,68.6,,-0.1
Tamil Nadu,21,Any modern method2 (%),%,65.1,,65.5,,-0.4
Tamil Nadu,22,Any traditional method (%),%,3.4,,3.1,,0.3
Tamil Nadu,23,Female sterilization (%),%,56.6,,57.8,,-1.2
Tamil Nadu,24,Male sterilization (%),%,0.1,,0.1,,0.0
Tamil Nadu,25,Total unmet need3 (%),%,6.4,,7.5,,-1.1
Tamil Nadu,26,Unmet need for spacing3 (%),%,3.4,,3.0,,0.4
Tamil Nadu,27,Unmet need for limiting3 (%),%,3.0,,4.5,,-1.5
Tamil Nadu,28,Mothers who had an antenatal check-up in the first trimester (%),%,71.2,,77.4,,-6.2
Tamil Nadu,29,Mothers who had any antenatal care visits (%),%,92.2,,95.8,,-3.6
Tamil Nadu,30,Mothers who had at least 4 antenatal care visits (%),%,87.6,,90.6,,-3.0
Tamil Nadu,31,Mothers whose last birth was protected against neonatal tetanus 4 (%),%,88.2,,89.7,,-1.5
Tamil Nadu,32,Mothers who consumed iron folic acid for 100 days or more when they were pregnant (%),%,82.1,,82.5,,-0.4
Tamil Nadu,33,Mothers who consumed iron folic acid for 180 days or more when they were pregnant (%),%,64.5,,63.1,,1.4
Tamil Nadu,34,Registered pregnancies for which the mother received a Mother and Child Protection (MCP),MCP,99.1,,98.8,,0.3
Tamil Nadu,35,Institutional births (%),%,99.7,,99.6,,0.1
Tamil Nadu,36,Institutional births in public facility (%),%,63.6,,66.9,,-3.3
Tamil Nadu,37,Births attended by skilled health personne5 (%),%,99.7,,99.8,,-0.1
Tamil Nadu,38,Births delivered by caesarean section (%),%,46.9,,44.9,,2.0
Tamil Nadu,39,Births in a private health facility that were delivered by caesarean section (%),%,60.3,,63.8,,-3.5
Tamil Nadu,40,Births in a public health facility that were delivered by caesarean section (%),%,39.6,,36.0,,3.6
Tamil Nadu,41,Mothers who received postnatal care from a doctor/nurse/LHV/ANM/midwife/other health,,90.5,,93.2,,-2.7
Tamil Nadu,42,Children born at home who were taken to a health facility for a check-up within 24 hours of,,,Y,,Y,
Tamil Nadu,43,Children who received postnatal care from a doctor/nurse/LHV/ANM/midwife/ other health,,92.7,,94.9,,-2.2
Tamil Nadu,44,Children age 12-23 months fully vaccinated based on information from either vaccination card,,90.0,,89.4,,0.6
Tamil Nadu,45,Children age 12-23 months fully vaccinated based on information from vaccination card,,89.7,,90.4,,-0.7
Tamil Nadu,46,Children age 12-23 months who have received any vaccine (%),%,96.2,,98.5,,-2.3
Tamil Nadu,47,Children age 12-23 months who have received BCG (%),%,95.0,,97.6,,-2.6
Tamil Nadu,48,Children age 12-23 months who have received 3 doses of polio vaccine8 (%),%,92.1,,91.5,,0.6
Tamil Nadu,49,Children age 12-23 months who have received 3 doses of pentavalent vaccine (%),%,92.8,,94.9,,-2.1
Tamil Nadu,50,Children age 12-23 months who have received the first dose of measles-containing,,94.5,,95.8,,-1.3
Tamil Nadu,51,Children age 24-35 months who have received a second dose of measles-containing,,75.6,,75.0,,0.6
Tamil Nadu,52,Children age 12-23 months who have received birth dose of hepatitis B vaccine (%),%,90.6,,84.9,,5.7
Tamil Nadu,53,Children age 12-23 months who have received 3 doses of rotavirus vaccine (%),%,87.4,,66.4,,21.0
Tamil Nadu,54,Children age 9-35 months who received a vitamin A dose in the last 6 months (%),%,71.4,,68.2,,3.2
Tamil Nadu,55,Children age 12-23 months who received most of their vaccinations in a public health,,91.5,,89.8,,1.7
Tamil Nadu,56,Children age 12-23 months who received most of their vaccinations in a private health,,8.2,,10.1,,-1.9
Tamil Nadu,57,Prevalence of diarrhoea in the 2 weeks preceding the survey (%),%,5.1,,3.7,,1.4
Tamil Nadu,58,Prevalence of severe diarrhoea in the 2 weeks preceding the survey (%),%,0.3,,0.1,,0.2
Tamil Nadu,59,Prevalence of symptoms of acute respiratory infection (ARI) in the 2 weeks preceding the,,0.6,,1.1,,-0.5
Tamil Nadu,60,Children with fever or symptoms of ARI in the 2 weeks preceding the survey taken to a health,,72.7,,67.4,,5.3
Tamil Nadu,61,Children under age 3 years breastfed within one hour of birth 9 (%),%,54.8,,60.2,,-5.4
Tamil Nadu,62,Children under age 6 months exclusively breastfed 10 (%),%,55.6,,55.1,,0.5
Tamil Nadu,63,Children under age 6 months currently breastfeeding10 (%),%,95.7,,96.9,,-1.2
Tamil Nadu,64,Children under age 6 months exclusively breastfed or breastfeeding and consuming plain,,80.7,,80.0,,0.7
Tamil Nadu,65,Children age 6-8 months receiving solid or semi-solid food and breastmilk10 (%),%,65.2,,66.5,,-1.3
Tamil Nadu,66,"Breastfeeding children age 6-23 months receiving an adequate diet10, 11 (%)",%,17.3,,12.6,,4.7
Tamil Nadu,67,"Non-breastfeeding children age 6-23 months receiving an adequate diet 10, 11 (%)",%,26.9,,22.8,,4.1
Tamil Nadu,68,"Total children age 6-23 months receiving an adequate diet10, 11 (%)",%,20.6,,15.8,,4.8
Tamil Nadu,69,Children under 5 years who are stunted (height-for-age)12 (%),%,20.7,,25.0,,-4.3
Tamil Nadu,70,Children under 5 years who are wasted (weight-for-height)12 (%),%,17.4,,14.6,,2.8
Tamil Nadu,71,Children under 5 years who are severely wasted (weight-for-height)13 (%),%,4.9,,5.5,,-0.6
Tamil Nadu,72,Children under 5 years who are underweight (weight-for-age)12 (%),%,23.2,,22.0,,1.2
Tamil Nadu,73,Children under 5 years who are overweight (weight-for-height)14 (%),%,2.2,,4.3,,-2.1
Tamil Nadu,74,Women whose Body Mass Index (BMI) is below normal (BMI <18.5 kg/m 2)15 (%),%,12.1,,12.6,,-0.5
Tamil Nadu,75,Men whose Body Mass Index (BMI) is below normal (BMI <18.5 kg/m 2) (%),%,13.4,,12.1,,1.3
Tamil Nadu,76,Women who are overweight or obese (BMI ≥25.0 kg/m2)15 (%),%,44.2,,40.5,,3.7
Tamil Nadu,77,Men who are overweight or obese (BMI ≥25.0 kg/m2) (%),%,38.8,,37.1,,1.7
Tamil Nadu,78,Blood sugar level - high (141-160 mg/dl)20 (%),%,8.5,,7.5,,1.0
Tamil Nadu,79,Blood sugar level - very high (>160 mg/dl)20 (%),%,14.0,,11.1,,2.9
Tamil Nadu,80,Blood sugar level - high or very high (>140 mg/dl) or taking medicine to control blood sugar level20 (%),%,25.2,,20.7,,4.5
Tamil Nadu,81,Blood sugar level - high (141-160 mg/dl)20 (%),%,9.1,,8.1,,1.0
Tamil Nadu,82,Blood sugar level - very high (>160 mg/dl)20 (%),%,15.3,,11.9,,3.4
Tamil Nadu,83,Blood sugar level - high or very high (>140 mg/dl) or taking medicine to control blood sugar level20 (%),%,26.7,,22.1,,4.6
Tamil Nadu,84,Mildly elevated blood pressure (Systolic 140-159 mm of Hg and/or Diastolic 90-99 mm of Hg) (%),%,12.2,,14.3,,-2.1
Tamil Nadu,85,Moderately or severely elevated blood pressure (Systolic ≥160 mm of Hg and/or Diastolic ≥100 mm of Hg) (%),%,4.7,,6.2,,-1.5
Tamil Nadu,86,Elevated blood pressure (Systolic ≥140 mm of Hg and/or Diastolic ≥90 mm of Hg) or taking medicine to control blood pressure (%),%,24.2,,24.8,,-0.6
Tamil Nadu,87,Mildly elevated blood pressure (Systolic 140-159 mm of Hg and/or Diastolic 90-99 mm of Hg) (%),%,16.5,,19.5,,-3.0
Tamil Nadu,88,Moderately or severely elevated blood pressure (Systolic ≥160 mm of Hg and/or Diastolic ≥100 mm of Hg) (%),%,3.4,,7.4,,-4.0
Tamil Nadu,89,Elevated blood pressure (Systolic ≥140 mm of Hg and/or Diastolic ≥90 mm of Hg) or taking medicine to control blood pressure (%),%,28.2,,30.2,,-2.0
Tamil Nadu,90,Currently married women who usually participate in three household decisions 22 (%),%,91.4,,92.8,,-1.4
Tamil Nadu,91,Women who worked in the last 12 months and were paid in cash (%),%,48.0,,40.8,,7.2
Tamil Nadu,92,Women having a bank or savings account that they themselves use (%),%,90.0,,92.2,,-2.2
Tamil Nadu,93,Women having a mobile phone that they themselves use (%),%,76.8,,74.6,,2.2
Tamil Nadu,94,Women age 15-24 years who use hygienic methods of protection during their menstrual,,97.7,,98.4,,-0.7
Tamil Nadu,95,Ever-married women age 18-49 years who have ever experienced spousal violence24 (%),%,28.5,,38.1,,-9.6
Tamil Nadu,96,Ever-married women age 18-49 years who have experienced physical violence during any pregnancy (%),%,3.0,,3.3,,-0.3
Tamil Nadu,97,Young women age 18-29 years who experienced sexual violence by age 18 (%),%,0.1,,0.0,,0.1
Tamil Nadu,98,Women age 15 years and above who use any kind of tobacco (%),%,4.8,,4.9,,-0.1
Tamil Nadu,99,Men age 15 years and above who use any kind of tobacco (%),%,17.7,,20.0,,-2.3
Tamil Nadu,100,Women age 15 years and above who consume alcohol (%),%,0.3,,0.3,,0.0
Tamil Nadu,101,Men age 15 years and above who consume alcohol (%),%,23.5,,25.3,,-1.8
Telangana,1,Population below age 5 years (%),%,7.1,,7.5,,-0.4
Telangana,2,Population below age 15 years (%),%,21.3,,22.5,,-1.2
Telangana,3,Population age 60 years and above (%),%,14.1,,12.7,,1.4
Telangana,4,Population living in households with electricity (%),%,98.6,,99.6,,-1.0
Telangana,5,Population living in households with an improved drinking-water source1 (%),%,98.2,,98.7,,-0.5
Telangana,6,Households using iodized salt (%),%,98.7,,95.8,,2.9
Telangana,7,Households with any usual member covered under a health insurance/financing scheme (%),%,82.2,,69.2,,13.0
Telangana,8,Households with any usual member having a bank account/post office account (%),%,98.5,,96.9,,1.6
Telangana,9,Female population age 6 years and above who ever attended school (%),%,60.2,,60.9,,-0.7
Telangana,10,Households with any usual female members owning a house and/or land (alone or jointly with,,31.1,,22.3,,8.8
Telangana,11,Children age 2-4 years who attended pre-school (%),%,66.4,,69.0,,-2.6
Telangana,12,Women with 10 or more years of schooling (%),%,51.1,,45.5,,5.6
Telangana,13,Men with 10 or more years of schooling (%),%,65.0,,61.2,,3.8
Telangana,14,Women who have ever used the internet (%),%,64.8,,26.5,,38.3
Telangana,15,Men who have ever used the internet (%),%,87.3,,50.0,,37.3
Telangana,16,Women age 20-24 years married before age 18 years (%),%,17.9,,23.5,,-5.6
Telangana,17,Men age 25-29 years married before age 21 years (%),%,5.7,,16.3,,-10.6
Telangana,18,Total fertility rate (children per woman),children per woman,1.9,,1.8,,0.1
Telangana,19,Women age 15-19 years who were already mothers or pregnant at the time of the survey (%),%,6.0,,5.8,,0.2
Telangana,20,Any method2 (%),%,68.8,,68.1,,0.7
Telangana,21,Any modern method2 (%),%,67.6,,66.7,,0.9
Telangana,22,Any traditional method (%),%,1.2,,1.4,,-0.2
Telangana,23,Female sterilization (%),%,62.5,,61.9,,0.6
Telangana,24,Male sterilization (%),%,3.6,,2.0,,1.6
Telangana,25,Total unmet need3 (%),%,7.0,,6.4,,0.6
Telangana,26,Unmet need for spacing3 (%),%,3.8,,2.8,,1.0
Telangana,27,Unmet need for limiting3 (%),%,3.2,,3.6,,-0.4
Telangana,28,Mothers who had an antenatal check-up in the first trimester (%),%,89.6,,88.5,,1.1
Telangana,29,Mothers who had any antenatal care visits (%),%,99.2,,99.1,,0.1
Telangana,30,Mothers who had at least 4 antenatal care visits (%),%,80.3,,70.4,,9.9
Telangana,31,Mothers whose last birth was protected against neonatal tetanus 4 (%),%,94.3,,89.6,,4.7
Telangana,32,Mothers who consumed iron folic acid for 100 days or more when they were pregnant (%),%,81.0,,57.9,,23.1
Telangana,33,Mothers who consumed iron folic acid for 180 days or more when they were pregnant (%),%,55.7,,34.4,,21.3
Telangana,34,Registered pregnancies for which the mother received a Mother and Child Protection (MCP),MCP,98.6,,96.7,,1.9
Telangana,35,Institutional births (%),%,98.8,,97.0,,1.8
Telangana,36,Institutional births in public facility (%),%,57.5,,49.7,,7.8
Telangana,37,Births attended by skilled health personnel5 (%),%,97.7,,93.6,,4.1
Telangana,38,Births delivered by caesarean section (%),%,62.2,,60.7,,1.5
Telangana,39,Births in a private health facility that were delivered by caesarean section (%),%,83.9,,81.5,,2.4
Telangana,40,Births in a public health facility that were delivered by caesarean section (%),%,48.1,,44.5,,3.6
Telangana,41,Mothers who received postnatal care from a doctor/nurse/LHV/ANM/midwife/other health,,92.3,,87.6,,4.7
Telangana,42,Children born at home who were taken to a health facility for a check-up within 24 hours of,,29.8,,15.6,,14.2
Telangana,43,Children who received postnatal care from a doctor/nurse/LHV/ANM/midwife/ other health,,93.0,,90.0,,3.0
Telangana,44,Children age 12-23 months fully vaccinated based on information from either vaccination card or mother's recall6 (%),%,80.9,,79.1,,1.8
Telangana,45,Children age 12-23 months fully vaccinated based on information from vaccination card,,87.9,,87.4,,0.5
Telangana,46,Children age 12-23 months who have received any vaccine (%),%,96.0,,94.6,,1.4
Telangana,47,Children age 12-23 months who have received BCG (%),%,95.1,,93.5,,1.6
Telangana,48,Children age 12-23 months who have received 3 doses of polio vaccine8 (%),%,83.3,,81.6,,1.7
Telangana,49,Children age 12-23 months who have received 3 doses of pentavalent vaccine (%),%,88.7,,89.3,,-0.6
Telangana,50,Children age 12-23 months who have received the first dose of measles-containing,,92.9,,90.6,,2.3
Telangana,51,Children age 24-35 months who have received a second dose of measles-containing,,78.6,,63.1,,15.5
Telangana,52,Children age 12-23 months who have received birth dose of hepatitis B vaccine (%),%,88.9,,73.9,,15.0
Telangana,53,Children age 12-23 months who have received 3 doses of rotavirus vaccine (%),%,63.8,,5.3,,58.5
Telangana,54,Children age 9-35 months who received a vitamin A dose in the last 6 months (%),%,90.5,,72.4,,18.1
Telangana,55,Children age 12-23 months who received most of their vaccinations in a public health,,95.7,,94.1,,1.6
Telangana,56,Children age 12-23 months who received most of their vaccinations in a private health,,2.6,,4.5,,-1.9
Telangana,57,Prevalence of diarrhoea in the 2 weeks preceding the survey (%),%,4.5,,7.4,,-2.9
Telangana,58,Prevalence of severe diarrhoea in the 2 weeks preceding the survey (%),%,0.3,,0.6,,-0.3
Telangana,59,Prevalence of symptoms of acute respiratory infection (ARI) in the 2 weeks preceding the,,0.4,,2.2,,-1.8
Telangana,60,Children with fever or symptoms of ARI in the 2 weeks preceding the survey taken to a health,,65.5,,74.8,,-9.3
Telangana,61,Children under age 3 years breastfed within one hour of birth 9 (%),%,57.1,,37.1,,20.0
Telangana,62,Children under age 6 months exclusively breastfed 10 (%),%,64.8,,68.2,,-3.4
Telangana,63,Children under age 6 months currently breastfeeding10 (%),%,94.6,,95.8,,-1.2
Telangana,64,Children under age 6 months exclusively breastfed or breastfeeding and consuming plain,,80.2,,81.4,,-1.2
Telangana,65,Children age 6-8 months receiving solid or semi-solid food and breastmilk10 (%),%,66.7,,51.3,,15.4
Telangana,66,"Breastfeeding children age 6-23 months receiving an adequate diet10, 11 (%)",%,15.8,,8.2,,7.6
Telangana,67,"Non-breastfeeding children age 6-23 months receiving an adequate diet 10, 11 (%)",%,12.4,,14.8,,-2.4
Telangana,68,"Total children age 6-23 months receiving an adequate diet10, 11 (%)",%,15.3,,9.0,,6.3
Telangana,69,Children under 5 years who are stunted (height-for-age)12 (%),%,27.0,,33.1,,-6.1
Telangana,70,Children under 5 years who are wasted (weight-for-height)12 (%),%,16.9,,21.7,,-4.8
Telangana,71,Children under 5 years who are severely wasted (weight-for-height)13 (%),%,3.9,,8.5,,-4.6
Telangana,72,Children under 5 years who are underweight (weight-for-age)12 (%),%,27.8,,31.8,,-4.0
Telangana,73,Children under 5 years who are overweight (weight-for-height)14 (%),%,1.2,,3.4,,-2.2
Telangana,74,Women whose Body Mass Index (BMI) is below normal (BMI <18.5 kg/m 2)15 (%),%,17.7,,18.8,,-1.1
Telangana,75,Men whose Body Mass Index (BMI) is below normal (BMI <18.5 kg/m 2) (%),%,14.9,,16.3,,-1.4
Telangana,76,Women who are overweight or obese (BMI ≥25.0 kg/m2)15 (%),%,36.3,,30.1,,6.2
Telangana,77,Men who are overweight or obese (BMI ≥25.0 kg/m2) (%),%,35.5,,32.4,,3.1
Telangana,78,Blood sugar level - high (141-160 mg/dl)16 (%),%,7.9,,5.8,,2.1
Telangana,79,Blood sugar level - very high (>160 mg/dl)16 (%),%,10.0,,7.0,,3.0
Telangana,80,Blood sugar level - high or very high (>140 mg/dl) or taking medicine to control blood sugar level16 (%),%,19.6,,14.7,,4.9
Telangana,81,Blood sugar level - high (141-160 mg/dl)16 (%),%,9.0,,6.9,,2.1
Telangana,82,Blood sugar level - very high (>160 mg/dl)16 (%),%,13.3,,9.3,,4.0
Telangana,83,Blood sugar level - high or very high (>140 mg/dl) or taking medicine to control blood sugar level16 (%),%,24.5,,18.1,,6.4
Telangana,84,Mildly elevated blood pressure (Systolic 140-159 mm of Hg and/or Diastolic 90-99 mm of Hg) (%),%,9.6,,13.6,,-4.0
Telangana,85,Moderately or severely elevated blood pressure (Systolic ≥160 mm of Hg and/or Diastolic ≥100 mm of Hg) (%),%,5.4,,6.3,,-0.9
Telangana,86,Elevated blood pressure (Systolic ≥140 mm of Hg and/or Diastolic ≥90 mm of Hg) or taking medicine to control blood pressure (%),%,24.2,,26.1,,-1.9
Telangana,87,Mildly elevated blood pressure (Systolic 140-159 mm of Hg and/or Diastolic 90-99 mm of Hg) (%),%,12.9,,18.5,,-5.6
Telangana,88,Moderately or severely elevated blood pressure (Systolic ≥160 mm of Hg and/or Diastolic ≥100 mm of Hg) (%),%,3.5,,8.1,,-4.6
Telangana,89,Elevated blood pressure (Systolic ≥140 mm of Hg and/or Diastolic ≥90 mm of Hg) or taking medicine to control blood pressure (%),%,28.2,,31.4,,-3.2
Telangana,90,Currently married women who usually participate in three household decisions17 (%),%,89.9,,87.2,,2.7
Telangana,91,Women who worked in the last 12 months and were paid in cash (%),%,53.2,,45.1,,8.1
Telangana,92,Women having a bank or savings account that they themselves use (%),%,92.3,,84.4,,7.9
Telangana,93,Women having a mobile phone that they themselves use (%),%,65.8,,60.0,,5.8
Telangana,94,Women age 15-24 years who use hygienic methods of protection during their menstrual,,95.3,,93.4,,1.9
Telangana,95,Ever-married women age 18-49 years who have ever experienced spousal violence19 (%),%,30.8,,37.2,,-6.4
Telangana,96,Ever-married women age 18-49 years who have experienced physical violence during any pregnancy (%),%,2.7,,4.0,,-1.3
Telangana,97,Young women age 18-29 years who experienced sexual violence by age 18 (%),%,0.6,,0.8,,-0.2
Telangana,98,Women age 15 years and above who use any kind of tobacco (%),%,5.9,,5.6,,0.3
Telangana,99,Men age 15 years and above who use any kind of tobacco (%),%,21.1,,22.3,,-1.2
Telangana,100,Women age 15 years and above who consume alcohol (%),%,7.1,,6.7,,0.4
Telangana,101,Men age 15 years and above who consume alcohol (%),%,43.9,,43.4,,0.5
Tripura,1,Population below age 5 years (%),%,6.8,,7.3,,-0.5
Tripura,2,Population below age 15 years (%),%,21.6,,23.7,,-2.1
Tripura,3,Population age 60 years and above (%),%,14.1,,11.2,,2.9
Tripura,4,Population living in households with electricity (%),%,98.5,,98.2,,0.3
Tripura,5,Population living in households with an improved drinking-water source1 (%),%,92.3,,88.0,,4.3
Tripura,6,Households using iodized salt (%),%,98.6,,99.5,,-0.9
Tripura,7,Households with any usual member covered under a health insurance/financing scheme (%),%,56.5,,36.4,,20.1
Tripura,8,Households with any usual member having a bank account/post office account (%),%,99.0,,96.6,,2.4
Tripura,9,Female population age 6 years and above who ever attended school (%),%,83.6,,81.8,,1.8
Tripura,10,Households with any usual female members owning a house and/or land (alone or jointly with,,17.7,,9.8,,7.9
Tripura,11,Children age 2-4 years who attended pre-school (%),%,66.2,,55.4,,10.8
Tripura,12,Women with 10 or more years of schooling (%),%,32.9,,23.2,,9.7
Tripura,13,Men with 10 or more years of schooling (%),%,37.9,,29.4,,8.5
Tripura,14,Women who have ever used the internet (%),%,48.8,,22.9,,25.9
Tripura,15,Men who have ever used the internet (%),%,71.9,,41.7,,30.2
Tripura,16,Women age 20-24 years married before age 18 years (%),%,34.0,,40.1,,-6.1
Tripura,17,Men age 25-29 years married before age 21 years (%),%,16.5,,20.4,,-3.9
Tripura,18,Total fertility rate (children per woman),children per woman,1.7,,1.7,,0.0
Tripura,19,Women age 15-19 years who were already mothers or pregnant at the time of the survey (%),%,18.0,,21.9,,-3.9
Tripura,20,Any method2 (%),%,71.0,,71.2,,-0.2
Tripura,21,Any modern method2 (%),%,40.0,,49.1,,-9.1
Tripura,22,Any traditional method (%),%,31.0,,22.1,,8.9
Tripura,23,Female sterilization (%),%,11.6,,10.5,,1.1
Tripura,24,Male sterilization (%),%,0.1,,0.0,,0.1
Tripura,25,Total unmet need3 (%),%,8.5,,8.2,,0.3
Tripura,26,Unmet need for spacing3 (%),%,3.5,,2.5,,1.0
Tripura,27,Unmet need for limiting3 (%),%,5.0,,5.7,,-0.7
Tripura,28,Mothers who had an antenatal check-up in the first trimester (%),%,67.6,,63.2,,4.4
Tripura,29,Mothers who had any antenatal care visits (%),%,90.1,,82.7,,7.4
Tripura,30,Mothers who had at least 4 antenatal care visits (%),%,49.6,,55.2,,-5.6
Tripura,31,Mothers whose last birth was protected against neonatal tetanus 4 (%),%,95.0,,94.9,,0.1
Tripura,32,Mothers who consumed iron folic acid for 100 days or more when they were pregnant (%),%,43.4,,26.6,,16.8
Tripura,33,Mothers who consumed iron folic acid for 180 days or more when they were pregnant (%),%,24.3,,8.9,,15.4
Tripura,34,Registered pregnancies for which the mother received a Mother and Child Protection (MCP),MCP,96.1,,93.0,,3.1
Tripura,35,Institutional births (%),%,89.1,,89.2,,-0.1
Tripura,36,Institutional births in public facility (%),%,74.6,,78.7,,-4.1
Tripura,37,Births attended by skilled health personnel5 (%),%,91.2,,89.2,,2.0
Tripura,38,Births delivered by caesarean section (%),%,30.1,,25.1,,5.0
Tripura,39,Births in a private health facility that were delivered by caesarean section (%),%,78.3,,69.3,,9.0
Tripura,40,Births in a public health facility that were delivered by caesarean section (%),%,25.1,,22.7,,2.4
Tripura,41,Mothers who received postnatal care from a doctor/nurse/LHV/ANM/midwife/other health,,68.1,,71.9,,-3.8
Tripura,42,Children born at home who were taken to a health facility for a check-up within 24 hours of,,4.6,,3.6,,1.0
Tripura,43,Children who received postnatal care from a doctor/nurse/LHV/ANM/midwife/ other health,,72.5,,72.8,,-0.3
Tripura,44,Children age 12-23 months fully vaccinated based on information from either vaccination card,,74.4,,69.5,,4.9
Tripura,45,Children age 12-23 months fully vaccinated based on information from vaccination card,,87.8,,77.1,,10.7
Tripura,46,Children age 12-23 months who have received any vaccine (%),%,89.3,,98.1,,-8.8
Tripura,47,Children age 12-23 months who have received BCG (%),%,87.0,,94.7,,-7.7
Tripura,48,Children age 12-23 months who have received 3 doses of polio vaccine8 (%),%,78.2,,73.4,,4.8
Tripura,49,Children age 12-23 months who have received 3 doses of pentavalent vaccine (%),%,80.0,,85.9,,-5.9
Tripura,50,Children age 12-23 months who have received the first dose of measles-containing,,82.7,,86.3,,-3.6
Tripura,51,Children age 24-35 months who have received a second dose of measles-containing,,62.0,,49.5,,12.5
Tripura,52,Children age 12-23 months who have received birth dose of hepatitis B vaccine (%),%,75.0,,61.2,,13.8
Tripura,53,Children age 12-23 months who have received 3 doses of rotavirus vaccine (%),%,79.9,,59.6,,20.3
Tripura,54,Children age 9-35 months who received a vitamin A dose in the last 6 months (%),%,78.0,,70.4,,7.6
Tripura,55,Children age 12-23 months who received most of their vaccinations in a public health,,98.6,,97.3,,1.3
Tripura,56,Children age 12-23 months who received most of their vaccinations in a private health,,1.2,,1.4,,-0.2
Tripura,57,Prevalence of diarrhoea in the 2 weeks preceding the survey (%),%,4.0,,6.2,,-2.2
Tripura,58,Prevalence of severe diarrhoea in the 2 weeks preceding the survey (%),%,0.4,,0.4,,0.0
Tripura,59,Prevalence of symptoms of acute respiratory infection (ARI) in the 2 weeks preceding the,,1.3,,1.3,,0.0
Tripura,60,Children with fever or symptoms of ARI in the 2 weeks preceding the survey taken to a health,,62.9,,64.2,,-1.3
Tripura,61,Children under age 3 years breastfed within one hour of birth 9 (%),%,59.9,,36.4,,23.5
Tripura,62,Children under age 6 months exclusively breastfed 10 (%),%,53.4,,62.1,,-8.7
Tripura,63,Children under age 6 months currently breastfeeding 10 (%),%,93.3,,96.9,,-3.6
Tripura,64,Children under age 6 months exclusively breastfed or breastfeeding and consuming plain,,82.3,,84.6,,-2.3
Tripura,65,Children age 6-8 months receiving solid or semi-solid food and breastmilk10 (%),%,50.8,,53.1,,-2.3
Tripura,66,"Breastfeeding children age 6-23 months receiving an adequate diet10, 11 (%)",%,15.7,,12.8,,2.9
Tripura,67,"Non-breastfeeding children age 6-23 months receiving an adequate diet 10, 11 (%)",%,20.0,Y,16.3,Y,3.7
Tripura,68,"Total children age 6-23 months receiving an adequate diet10, 11 (%)",%,15.9,,13.0,,2.9
Tripura,69,Children under 5 years who are stunted (height-for-age)12 (%),%,21.9,,32.3,,-10.4
Tripura,70,Children under 5 years who are wasted (weight-for-height)12 (%),%,18.4,,18.2,,0.2
Tripura,71,Children under 5 years who are severely wasted (weight-for-height)13 (%),%,5.0,,7.3,,-2.3
Tripura,72,Children under 5 years who are underweight (weight-for-age)12 (%),%,25.7,,25.6,,0.1
Tripura,73,Children under 5 years who are overweight (weight-for-height)14 (%),%,2.8,,8.2,,-5.4
Tripura,74,Women whose Body Mass Index (BMI) is below normal (BMI <18.5 kg/m2)15 (%),%,17.9,,16.2,,1.7
Tripura,75,Men whose Body Mass Index (BMI) is below normal (BMI <18.5 kg/m 2) (%),%,18.5,,12.4,,6.1
Tripura,76,Women who are overweight or obese (BMI ≥25.0 kg/m2)15 (%),%,26.2,,21.6,,4.6
Tripura,77,Men who are overweight or obese (BMI ≥25.0 kg/m2) (%),%,23.0,,23.5,,-0.5
Tripura,78,Blood sugar level - high (141-160 mg/dl)16 (%),%,8.6,,8.8,,-0.2
Tripura,79,Blood sugar level - very high (>160 mg/dl)16 (%),%,10.2,,8.0,,2.2
Tripura,80,Blood sugar level - high or very high (>140 mg/dl) or taking medicine to control blood sugar level16 (%),%,19.6,,17.7,,1.9
Tripura,81,Blood sugar level - high (141-160 mg/dl)16 (%),%,10.7,,9.3,,1.4
Tripura,82,Blood sugar level - very high (>160 mg/dl)16 (%),%,13.4,,8.9,,4.5
Tripura,83,Blood sugar level - high or very high (>140 mg/dl) or taking medicine to control blood,,25.1,,19.3,,5.8
Tripura,84,Mildly elevated blood pressure (Systolic 140-159 mm of Hg and/or,,9.1,,11.0,,-1.9
Tripura,85,Moderately or severely elevated blood pressure (Systolic ≥160 mm of Hg and/or,,4.4,,5.0,,-0.6
Tripura,86,Elevated blood pressure (Systolic ≥140 mm of Hg and/or Diastolic ≥90 mm of Hg) or taking,,20.0,,20.8,,-0.8
Tripura,87,Mildly elevated blood pressure (Systolic 140-159 mm of Hg and/or,,13.0,,13.4,,-0.4
Tripura,88,Moderately or severely elevated blood pressure (Systolic ≥160 mm of Hg and/or,,3.3,,5.2,,-1.9
Tripura,89,Elevated blood pressure (Systolic ≥140 mm of Hg and/or Diastolic ≥90 mm of Hg) or taking,,24.5,,22.7,,1.8
Tripura,90,Currently married women who usually participate in three household decisions 17 (%),%,96.3,,90.9,,5.4
Tripura,91,Women who worked in the last 12 months and were paid in cash (%),%,24.5,,23.1,,1.4
Tripura,92,Women having a bank or savings account that they themselves use (%),%,91.6,,76.9,,14.7
Tripura,93,Women having a mobile phone that they themselves use (%),%,65.5,,53.1,,12.4
Tripura,94,Women age 15-24 years who use hygienic methods of protection during their menstrual,,83.0,,69.1,,13.9
Tripura,95,Ever-married women age 18-49 years who have ever experienced spousal violence19 (%),%,19.1,,20.7,,-1.6
Tripura,96,Ever-married women age 18-49 years who have experienced physical violence during any,,2.4,,2.1,,0.3
Tripura,97,Young women age 18-29 years who experienced sexual violence by age 18 (%),%,0.0,,1.1,,-1.1
Tripura,98,Women age 15 years and above who use any kind of tobacco (%),%,47.7,,50.5,,-2.8
Tripura,99,Men age 15 years and above who use any kind of tobacco (%),%,52.1,,57.2,,-5.1
Tripura,100,Women age 15 years and above who consume alcohol (%),%,6.0,,6.3,,-0.3
Tripura,101,Men age 15 years and above who consume alcohol (%),%,29.5,,33.2,,-3.7
Uttar Pradesh,1,Population below age 5 years (%),%,9.4,,9.5,,-0.1
Uttar Pradesh,2,Population below age 15 years (%),%,29.9,,31.0,,-1.1
Uttar Pradesh,3,Population age 60 years and above (%),%,10.3,,10.0,,0.3
Uttar Pradesh,4,Population living in households with electricity (%),%,95.8,,91.0,,4.8
Uttar Pradesh,5,Population living in households with an improved drinking-water source1 (%),%,99.3,,99.2,,0.1
Uttar Pradesh,6,Households using iodized salt (%),%,86.5,,92.2,,-5.7
Uttar Pradesh,7,Households with any usual member covered under a health insurance/financing scheme (%),%,37.2,,15.9,,21.3
Uttar Pradesh,8,Households with any usual member having a bank account/post office account (%),%,98.4,,96.6,,1.8
Uttar Pradesh,9,Female population age 6 years and above who ever attended school (%),%,70.1,,67.4,,2.7
Uttar Pradesh,10,Households with any usual female members owning a house and/or land (alone or jointly with,,20.1,,12.2,,7.9
Uttar Pradesh,11,Children age 2-4 years who attended pre-school (%),%,30.4,,15.1,,15.3
Uttar Pradesh,12,Women with 10 or more years of schooling (%),%,42.5,,39.3,,3.2
Uttar Pradesh,13,Men with 10 or more years of schooling (%),%,49.1,,48.6,,0.5
Uttar Pradesh,14,Women who have ever used the internet (%),%,70.0,,30.6,,39.4
Uttar Pradesh,15,Men who have ever used the internet (%),%,81.0,,59.1,,21.9
Uttar Pradesh,16,Women age 20-24 years married before age 18 years (%),%,13.7,,15.8,,-2.1
Uttar Pradesh,17,Men age 25-29 years married before age 21 years (%),%,19.5,,23.0,,-3.5
Uttar Pradesh,18,Total fertility rate (children per woman),children per woman,2.2,,2.4,,-0.2
Uttar Pradesh,19,Women age 15-19 years who were already mothers or pregnant at the time of the survey (%),%,3.5,,2.9,,0.6
Uttar Pradesh,20,Any method2 (%),%,62.4,,62.4,,0.0
Uttar Pradesh,21,Any modern method2 (%),%,33.2,,44.5,,-11.3
Uttar Pradesh,22,Any traditional method (%),%,29.1,,17.9,,11.2
Uttar Pradesh,23,Female sterilization (%),%,17.0,,16.9,,0.1
Uttar Pradesh,24,Male sterilization (%),%,0.1,,0.1,,0.0
Uttar Pradesh,25,Total unmet need3 (%),%,10.8,,12.8,,-2.0
Uttar Pradesh,26,Unmet need for spacing3 (%),%,4.8,,4.7,,0.1
Uttar Pradesh,27,Unmet need for limiting3 (%),%,6.0,,8.1,,-2.1
Uttar Pradesh,28,Mothers who had an antenatal check-up in the first trimester (%),%,70.6,,62.5,,8.1
Uttar Pradesh,29,Mothers who had any antenatal care visits (%),%,96.9,,94.4,,2.5
Uttar Pradesh,30,Mothers who had at least 4 antenatal care visits (%),%,51.8,,42.4,,9.4
Uttar Pradesh,31,Mothers whose last birth was protected against neonatal tetanus 4 (%),%,93.0,,92.1,,0.9
Uttar Pradesh,32,Mothers who consumed iron folic acid for 100 days or more when they were pregnant (%),%,29.6,,22.3,,7.3
Uttar Pradesh,33,Mothers who consumed iron folic acid for 180 days or more when they were pregnant (%),%,17.7,,9.7,,8.0
Uttar Pradesh,34,Registered pregnancies for which the mother received a Mother and Child Protection (MCP),MCP,93.1,,95.7,,-2.6
Uttar Pradesh,35,Institutional births (%),%,85.9,,83.4,,2.5
Uttar Pradesh,36,Institutional births in public facility (%),%,51.8,,57.7,,-5.9
Uttar Pradesh,37,Births attended by skilled health personnel5 (%),%,87.6,,84.8,,2.8
Uttar Pradesh,38,Births delivered by caesarean section (%),%,19.5,,13.7,,5.8
Uttar Pradesh,39,Births in a private health facility that were delivered by caesarean section (%),%,47.3,,39.4,,7.9
Uttar Pradesh,40,Births in a public health facility that were delivered by caesarean section (%),%,6.5,,6.2,,0.3
Uttar Pradesh,41,Mothers who received postnatal care from a doctor/nurse/LHV/ANM/midwife/other health,,76.7,,72.0,,4.7
Uttar Pradesh,42,Children born at home who were taken to a health facility for a check-up within 24 hours of,,3.3,,2.4,,0.9
Uttar Pradesh,43,Children who received postnatal care from a doctor/nurse/LHV/ANM/midwife/ other health,,78.7,,70.2,,8.5
Uttar Pradesh,44,Children age 12-23 months fully vaccinated based on information from either vaccination card or mother's recall6 (%),%,81.4,,69.9,,11.5
Uttar Pradesh,45,Children age 12-23 months fully vaccinated based on information from vaccination card,,88.6,,78.4,,10.2
Uttar Pradesh,46,Children age 12-23 months who have received any vaccine (%),%,95.9,,95.1,,0.8
Uttar Pradesh,47,Children age 12-23 months who have received BCG (%),%,94.3,,93.2,,1.1
Uttar Pradesh,48,Children age 12-23 months who have received 3 doses of polio vaccine8 (%),%,84.5,,74.3,,10.2
Uttar Pradesh,49,Children age 12-23 months who have received 3 doses of pentavalent vaccine (%),%,88.1,,81.3,,6.8
Uttar Pradesh,50,Children age 12-23 months who have received the first dose of measles-containing,,90.4,,83.4,,7.0
Uttar Pradesh,51,Children age 24-35 months who have received a second dose of measles-containing,,72.6,,58.8,,13.8
Uttar Pradesh,52,Children age 12-23 months who have received birth dose of hepatitis B vaccine (%),%,57.3,,50.4,,6.9
Uttar Pradesh,53,Children age 12-23 months who have received 3 doses of rotavirus vaccine (%),%,85.9,,49.1,,36.8
Uttar Pradesh,54,Children age 9-35 months who received a vitamin A dose in the last 6 months (%),%,65.4,,73.9,,-8.5
Uttar Pradesh,55,Children age 12-23 months who received most of their vaccinations in a public health,,94.8,,94.4,,0.4
Uttar Pradesh,56,Children age 12-23 months who received most of their vaccinations in a private health,,2.2,,2.2,,0.0
Uttar Pradesh,57,Prevalence of diarrhoea in the 2 weeks preceding the survey (%),%,13.0,,5.6,,7.4
Uttar Pradesh,58,Prevalence of severe diarrhoea in the 2 weeks preceding the survey (%),%,1.1,,0.5,,0.6
Uttar Pradesh,59,Prevalence of symptoms of acute respiratory infection (ARI) in the 2 weeks preceding the,,2.6,,3.5,,-0.9
Uttar Pradesh,60,Children with fever or symptoms of ARI in the 2 weeks preceding the survey taken to a health,,64.6,,63.0,,1.6
Uttar Pradesh,61,Children under age 3 years breastfed within one hour of birth 9 (%),%,43.1,,23.9,,19.2
Uttar Pradesh,62,Children under age 6 months exclusively breastfed 10 (%),%,34.6,,59.7,,-25.1
Uttar Pradesh,63,Children under age 6 months currently breastfeeding10 (%),%,92.5,,93.9,,-1.4
Uttar Pradesh,64,Children under age 6 months exclusively breastfed or breastfeeding and consuming plain,,82.9,,82.0,,0.9
Uttar Pradesh,65,Children age 6-8 months receiving solid or semi-solid food and breastmilk10 (%),%,59.6,,31.0,,28.6
Uttar Pradesh,66,"Breastfeeding children age 6-23 months receiving an adequate diet10, 11 (%)",%,18.1,,5.8,,12.3
Uttar Pradesh,67,"Non-breastfeeding children age 6-23 months receiving an adequate diet10, 11 (%)",%,13.2,,6.7,,6.5
Uttar Pradesh,68,"Total children age 6-23 months receiving an adequate diet10, 11 (%)",%,17.1,,5.9,,11.2
Uttar Pradesh,69,Children under 5 years who are stunted (height-for-age)12 (%),%,31.5,,39.7,,-8.2
Uttar Pradesh,70,Children under 5 years who are wasted (weight-for-height)12 (%),%,19.2,,17.3,,1.9
Uttar Pradesh,71,Children under 5 years who are severely wasted (weight-for-height)13 (%),%,4.8,,7.3,,-2.5
Uttar Pradesh,72,Children under 5 years who are underweight (weight-for-age)12 (%),%,34.5,,32.1,,2.4
Uttar Pradesh,73,Children under 5 years who are overweight (weight-for-height)14 (%),%,0.5,,3.1,,-2.6
Uttar Pradesh,74,Women whose Body Mass Index (BMI) is below normal (BMI <18.5 kg/m 2)15 (%),%,22.2,,19.0,,3.2
Uttar Pradesh,75,Men whose Body Mass Index (BMI) is below normal (BMI <18.5 kg/m 2) (%),%,23.5,,18.0,,5.5
Uttar Pradesh,76,Women who are overweight or obese (BMI ≥25.0 kg/m2)19 (%),%,26.7,,21.4,,5.3
Uttar Pradesh,77,Men who are overweight or obese (BMI ≥25.0 kg/m2) (%),%,21.8,,18.5,,3.3
Uttar Pradesh,78,Blood sugar level - high (141-160 mg/dl)16 (%),%,7.5,,4.7,,2.8
Uttar Pradesh,79,Blood sugar level - very high (>160 mg/dl)16 (%),%,7.6,,4.5,,3.1
Uttar Pradesh,80,Blood sugar level - high or very high (>140 mg/dl) or taking medicine to control blood,,15.5,,10.0,,5.5
Uttar Pradesh,81,Blood sugar level - high (141-160 mg/dl)16 (%),%,9.4,,5.8,,3.6
Uttar Pradesh,82,Blood sugar level - very high (>160 mg/dl)16 (%),%,9.5,,5.0,,4.5
Uttar Pradesh,83,Blood sugar level - high or very high (>140 mg/dl) or taking medicine to control blood,,19.5,,11.6,,7.9
Uttar Pradesh,84,Mildly elevated blood pressure (Systolic 140-159 mm of Hg and/or Diastolic 90-99 mm of Hg) (%),%,5.7,,11.5,,-5.8
Uttar Pradesh,85,Moderately or severely elevated blood pressure (Systolic ≥160 mm of Hg and/or,,3.6,,4.9,,-1.3
Uttar Pradesh,86,Elevated blood pressure (Systolic ≥140 mm of Hg and/or Diastolic ≥90 mm of Hg) or taking,,12.1,,18.3,,-6.2
Uttar Pradesh,87,Mildly elevated blood pressure (Systolic 140-159 mm of Hg and/or,,8.1,,15.2,,-7.1
Uttar Pradesh,88,Moderately or severely elevated blood pressure (Systolic ≥160 mm of Hg and/or,,2.4,,5.2,,-2.8
Uttar Pradesh,89,Elevated blood pressure (Systolic ≥140 mm of Hg and/or Diastolic ≥90 mm of Hg) or taking,,14.1,,21.7,,-7.6
Uttar Pradesh,90,Currently married women who usually participate in three household decisions 17 (%),%,85.9,,87.6,,-1.7
Uttar Pradesh,91,Women who worked in the last 12 months and were paid in cash (%),%,21.1,,15.5,,5.6
Uttar Pradesh,92,Women having a bank or savings account that they themselves use (%),%,83.5,,75.4,,8.1
Uttar Pradesh,93,Women having a mobile phone that they themselves use (%),%,56.4,,46.5,,9.9
Uttar Pradesh,94,Women age 15-24 years who use hygienic methods of protection during their menstrual,,69.2,,72.9,,-3.7
Uttar Pradesh,95,Ever-married women age 18-49 years who have ever experienced spousal violence 19 (%),%,28.5,,34.9,,-6.4
Uttar Pradesh,96,Ever-married women age 18-49 years who have experienced physical violence during any,,3.7,,3.7,,0.0
Uttar Pradesh,97,Young women age 18-29 years who experienced sexual violence by age 18 (%),%,0.5,,0.7,,-0.2
Uttar Pradesh,98,Women age 15 years and above who use any kind of tobacco (%),%,9.6,,8.5,,1.1
Uttar Pradesh,99,Men age 15 years and above who use any kind of tobacco (%),%,45.2,,44.0,,1.2
Uttar Pradesh,100,Women age 15 years and above who consume alcohol (%),%,0.3,,0.3,,0.0
Uttar Pradesh,101,Men age 15 years and above who consume alcohol (%),%,18.7,,14.5,,4.2
Uttarakhand,1,Population below age 5 years (%),%,7.6,,7.8,,-0.2
Uttarakhand,2,Population below age 15 years (%),%,24.9,,26.3,,-1.4
Uttarakhand,3,Population age 60 years and above (%),%,12.8,,12.0,,0.8
Uttarakhand,4,Population living in households with electricity (%),%,99.3,,99.6,,-0.3
Uttarakhand,5,Population living in households with an improved drinking-water source1 (%),%,97.3,,95.9,,1.4
Uttarakhand,6,Households using iodized salt (%),%,92.4,,93.2,,-0.8
Uttarakhand,7,Households with any usual member covered under a health insurance/financing scheme (%),%,79.5,,62.5,,17.0
Uttarakhand,8,Households with any usual member having a bank account/post office account (%),%,98.9,,96.9,,2.0
Uttarakhand,9,Female population age 6 years and above who ever attended school (%),%,77.7,,75.2,,2.5
Uttarakhand,10,Households with any usual female members owning a house and/or land (alone or jointly with,,23.7,,16.5,,7.2
Uttarakhand,11,Children age 2-4 years who attended pre-school (%),%,58.1,,40.7,,17.4
Uttarakhand,12,Women with 10 or more years of schooling (%),%,56.1,,50.4,,5.7
Uttarakhand,13,Men with 10 or more years of schooling (%),%,57.7,,59.8,,-2.1
Uttarakhand,14,Women who have ever used the internet (%),%,76.9,,45.1,,31.8
Uttarakhand,15,Men who have ever used the internet (%),%,86.7,,74.6,,12.1
Uttarakhand,16,Women age 20-24 years married before age 18 years (%),%,8.2,,9.8,,-1.6
Uttarakhand,17,Men age 25-29 years married before age 21 years (%),%,10.1,,16.6,,-6.5
Uttarakhand,18,Total fertility rate (children per woman),children per woman,1.9,,1.9,,0.0
Uttarakhand,19,Women age 15-19 years who were already mothers or pregnant at the time of the survey (%),%,1.6,,2.4,,-0.8
Uttarakhand,20,Any method2 (%),%,71.1,,70.8,,0.3
Uttarakhand,21,Any modern method2 (%),%,50.4,,57.8,,-7.4
Uttarakhand,22,Any traditional method (%),%,20.7,,13.0,,7.7
Uttarakhand,23,Female sterilization (%),%,23.6,,26.0,,-2.4
Uttarakhand,24,Male sterilization (%),%,0.8,,0.7,,0.1
Uttarakhand,25,Total unmet need3 (%),%,8.9,,8.8,,0.1
Uttarakhand,26,Unmet need for spacing3 (%),%,3.6,,3.1,,0.5
Uttarakhand,27,Unmet need for limiting3 (%),%,5.3,,5.7,,-0.4
Uttarakhand,28,Mothers who had an antenatal check-up in the first trimester (%),%,80.6,,68.8,,11.8
Uttarakhand,29,Mothers who had any antenatal care visits (%),%,98.3,,91.8,,6.5
Uttarakhand,30,Mothers who had at least 4 antenatal care visits (%),%,68.3,,61.8,,6.5
Uttarakhand,31,Mothers whose last birth was protected against neonatal tetanus 4 (%),%,96.7,,93.6,,3.1
Uttarakhand,32,Mothers who consumed iron folic acid for 100 days or more when they were pregnant (%),%,43.3,,46.5,,-3.2
Uttarakhand,33,Mothers who consumed iron folic acid for 180 days or more when they were pregnant (%),%,25.4,,25.0,,0.4
Uttarakhand,34,Registered pregnancies for which the mother received a Mother and Child Protection (MCP),MCP,98.6,,97.1,,1.5
Uttarakhand,35,Institutional births (%),%,88.9,,83.2,,5.7
Uttarakhand,36,Institutional births in public facility (%),%,49.9,,53.3,,-3.4
Uttarakhand,37,Births attended by skilled health personnel5 (%),%,90.3,,83.7,,6.6
Uttarakhand,38,Births delivered by caesarean section (%),%,25.9,,20.4,,5.5
Uttarakhand,39,Births in a private health facility that were delivered by caesarean section (%),%,47.7,,43.3,,4.4
Uttarakhand,40,Births in a public health facility that were delivered by caesarean section (%),%,14.7,,14.0,,0.7
Uttarakhand,41,Mothers who received postnatal care from a doctor/nurse/LHV/ANM/midwife/other health,,86.5,,78.0,,8.5
Uttarakhand,42,Children born at home who were taken to a health facility for a check-up within 24 hours of,,1.3,,3.1,,-1.8
Uttarakhand,43,Children who received postnatal care from a doctor/nurse/LHV/ANM/midwife/ other health,,86.7,,78.9,,7.8
Uttarakhand,44,Children age 12-23 months fully vaccinated based on information from either vaccination card or mother's recall6 (%),%,86.0,,81.1,,4.9
Uttarakhand,45,Children age 12-23 months fully vaccinated based on information from vaccination card,,90.8,,88.6,,2.2
Uttarakhand,46,Children age 12-23 months who have received any vaccine (%),%,98.3,,96.4,,1.9
Uttarakhand,47,Children age 12-23 months who have received BCG (%),%,97.9,,95.2,,2.7
Uttarakhand,48,Children age 12-23 months who have received 3 doses of polio vaccine8 (%),%,87.1,,84.0,,3.1
Uttarakhand,49,Children age 12-23 months who have received 3 doses of pentavalent vaccine (%),%,93.7,,89.7,,4.0
Uttarakhand,50,Children age 12-23 months who have received the first dose of measles-containing,,95.4,,90.9,,4.5
Uttarakhand,51,Children age 24-35 months who have received a second dose of measles-containing,,83.2,,71.3,,11.9
Uttarakhand,52,Children age 12-23 months who have received birth dose of hepatitis B vaccine (%),%,79.7,,68.5,,11.2
Uttarakhand,53,Children age 12-23 months who have received 3 doses of rotavirus vaccine (%),%,92.8,,32.3,,60.5
Uttarakhand,54,Children age 9-35 months who received a vitamin A dose in the last 6 months (%),%,59.9,,53.7,,6.2
Uttarakhand,55,Children age 12-23 months who received most of their vaccinations in a public health,,95.2,,95.3,,-0.1
Uttarakhand,56,Children age 12-23 months who received most of their vaccinations in a private health,,2.6,,3.0,,-0.4
Uttarakhand,57,Prevalence of diarrhoea in the 2 weeks preceding the survey (%),%,10.0,,4.4,,5.6
Uttarakhand,58,Prevalence of severe diarrhoea in the 2 weeks preceding the survey (%),%,1.1,,0.2,,0.9
Uttarakhand,59,Prevalence of symptoms of acute respiratory infection (ARI) in the 2 weeks preceding the,,2.9,,2.3,,0.6
Uttarakhand,60,Children with fever or symptoms of ARI in the 2 weeks preceding the survey taken to a health,,74.8,,71.0,,3.8
Uttarakhand,61,Children under age 3 years breastfed within one hour of birth 9 (%),%,37.1,,41.3,,-4.2
Uttarakhand,62,Children under age 6 months exclusively breastfed10 (%),%,40.8,,52.5,,-11.7
Uttarakhand,63,Children under age 6 months currently breastfeeding10 (%),%,87.4,,90.2,,-2.8
Uttarakhand,64,Children under age 6 months exclusively breastfed or breastfeeding and consuming plain,,84.6,,83.3,,1.3
Uttarakhand,65,Children age 6-8 months receiving solid or semi-solid food and breastmilk10 (%),%,66.6,,50.6,,16.0
Uttarakhand,66,"Breastfeeding children age 6-23 months receiving an adequate diet10, 11 (%)",%,19.3,,12.7,,6.6
Uttarakhand,67,"Non-breastfeeding children age 6-23 months receiving an adequate diet10, 11 (%)",%,19.0,,10.3,,8.7
Uttarakhand,68,"Total children age 6-23 months receiving an adequate diet10, 11 (%)",%,19.2,,12.2,,7.0
Uttarakhand,69,Children under 5 years who are stunted (height-for-age)12 (%),%,20.0,,27.0,,-7.0
Uttarakhand,70,Children under 5 years who are wasted (weight-for-height)12 (%),%,11.0,,13.2,,-2.2
Uttarakhand,71,Children under 5 years who are severely wasted (weight-for-height)13 (%),%,2.0,,4.7,,-2.7
Uttarakhand,72,Children under 5 years who are underweight (weight-for-age)12 (%),%,19.6,,21.0,,-1.4
Uttarakhand,73,Children under 5 years who are overweight (weight-for-height)14 (%),%,0.7,,4.1,,-3.4
Uttarakhand,74,Women whose Body Mass Index (BMI) is below normal (BMI <18.5 kg/m 2)15 (%),%,15.5,,13.9,,1.6
Uttarakhand,75,Men whose Body Mass Index (BMI) is below normal (BMI <18.5 kg/m2) (%),%,17.8,,16.2,,1.6
Uttarakhand,76,Women who are overweight or obese (BMI ≥25.0 kg/m2)19 (%),%,34.3,,29.8,,4.5
Uttarakhand,77,Men who are overweight or obese (BMI ≥25.0 kg/m2) (%),%,26.5,,27.1,,-0.6
Uttarakhand,78,Blood sugar level - high (141-160 mg/dl)16 (%),%,8.9,,4.2,,4.7
Uttarakhand,79,Blood sugar level - very high (>160 mg/dl)16 (%),%,8.3,,5.6,,2.7
Uttarakhand,80,Blood sugar level - high or very high (>140 mg/dl) or taking medicine to control blood sugar level16 (%),%,18.1,,10.8,,7.3
Uttarakhand,81,Blood sugar level - high (141-160 mg/dl)16 (%),%,9.4,,5.6,,3.8
Uttarakhand,82,Blood sugar level - very high (>160 mg/dl)16 (%),%,11.2,,7.6,,3.6
Uttarakhand,83,Blood sugar level - high or very high (>140 mg/dl) or taking medicine to control blood sugar level16 (%),%,21.4,,14.2,,7.2
Uttarakhand,84,Mildly elevated blood pressure (Systolic 140-159 mm of Hg and/or,,6.1,,13.7,,-7.6
Uttarakhand,85,Moderately or severely elevated blood pressure (Systolic ≥160 mm of Hg and/or,,4.2,,6.3,,-2.1
Uttarakhand,86,Elevated blood pressure (Systolic ≥140 mm of Hg and/or Diastolic ≥90 mm of Hg) or taking medicine to control blood pressure (%),%,14.5,,22.9,,-8.4
Uttarakhand,87,Mildly elevated blood pressure (Systolic 140-159 mm of Hg and/or,,8.9,,20.1,,-11.2
Uttarakhand,88,Moderately or severely elevated blood pressure (Systolic ≥160 mm of Hg and/or,,3.4,,9.5,,-6.1
Uttarakhand,89,Elevated blood pressure (Systolic ≥140 mm of Hg and/or Diastolic ≥90 mm of Hg) or taking medicine to control blood pressure (%),%,18.3,,31.8,,-13.5
Uttarakhand,90,Currently married women who usually participate in three household decisions 17 (%),%,93.8,,91.0,,2.8
Uttarakhand,91,Women who worked in the last 12 months and were paid in cash (%),%,27.7,,21.6,,6.1
Uttarakhand,92,Women having a bank or savings account that they themselves use (%),%,91.0,,80.2,,10.8
Uttarakhand,93,Women having a mobile phone that they themselves use (%),%,72.5,,60.9,,11.6
Uttarakhand,94,Women age 15-24 years who use hygienic methods of protection during their menstrual,,89.8,,91.5,,-1.7
Uttarakhand,95,Ever-married women age 18-49 years who have ever experienced spousal violence19 (%),%,13.7,,15.3,,-1.6
Uttarakhand,96,Ever-married women age 18-49 years who have experienced physical violence during any,,3.5,,2.1,,1.4
Uttarakhand,97,Young women age 18-29 years who experienced sexual violence by age 18 (%),%,1.1,,0.3,,0.8
Uttarakhand,98,Women age 15 years and above who use any kind of tobacco (%),%,4.3,,4.6,,-0.3
Uttarakhand,99,Men age 15 years and above who use any kind of tobacco (%),%,33.8,,33.7,,0.1
Uttarakhand,100,Women age 15 years and above who consume alcohol (%),%,0.3,,0.3,,0.0
Uttarakhand,101,Men age 15 years and above who consume alcohol (%),%,27.2,,25.5,,1.7
West Bengal,1,Population below age 5 years (%),%,6.8,,7.6,,-0.8
West Bengal,2,Population below age 15 years (%),%,21.6,,23.5,,-1.9
West Bengal,3,Population age 60 years and above (%),%,14.1,,10.9,,3.2
West Bengal,4,Population living in households with electricity (%),%,99.1,,97.5,,1.6
West Bengal,5,Population living in households with an improved drinking-water source1 (%),%,98.4,,97.5,,0.9
West Bengal,6,Households using iodized salt (%),%,93.0,,94.5,,-1.5
West Bengal,7,Households with any usual member covered under a health insurance/financing scheme (%),%,88.2,,33.7,,54.5
West Bengal,8,Households with any usual member having a bank account/post office account (%),%,98.7,,95.0,,3.7
West Bengal,9,Female population age 6 years and above who ever attended school (%),%,78.2,,76.8,,1.4
West Bengal,10,Households with any usual female members owning a house and/or land (alone or jointly with,,13.0,,6.6,,6.4
West Bengal,11,Children age 2-4 years who attended pre-school (%),%,50.1,,55.6,,-5.5
West Bengal,12,Women with 10 or more years of schooling (%),%,40.0,,32.9,,7.1
West Bengal,13,Men with 10 or more years of schooling (%),%,42.1,,34.7,,7.4
West Bengal,14,Women who have ever used the internet (%),%,59.3,,25.5,,33.8
West Bengal,15,Men who have ever used the internet (%),%,66.8,,41.9,,24.9
West Bengal,16,Women age 20-24 years married before age 18 years (%),%,36.4,,41.6,,-5.2
West Bengal,17,Men age 25-29 years married before age 21 years (%),%,12.4,,20.0,,-7.6
West Bengal,18,Total fertility rate (children per woman),children per woman,1.6,,1.6,,0.0
West Bengal,19,Women age 15-19 years who were already mothers or pregnant at the time of the survey (%),%,16.6,,16.4,,0.2
West Bengal,20,Any method2 (%),%,79.8,,74.4,,5.4
West Bengal,21,Any modern method2 (%),%,54.9,,60.7,,-5.8
West Bengal,22,Any traditional method (%),%,24.9,,13.7,,11.2
West Bengal,23,Female sterilization (%),%,27.5,,29.4,,-1.9
West Bengal,24,Male sterilization (%),%,0.2,,0.1,,0.1
West Bengal,25,Total unmet need3 (%),%,5.0,,7.0,,-2.0
West Bengal,26,Unmet need for spacing3 (%),%,3.2,,2.9,,0.3
West Bengal,27,Unmet need for limiting3 (%),%,1.8,,4.1,,-2.3
West Bengal,28,Mothers who had an antenatal check-up in the first trimester (%),%,80.9,,72.6,,8.3
West Bengal,29,Mothers who had any antenatal care visits (%),%,97.7,,91.1,,6.6
West Bengal,30,Mothers who had at least 4 antenatal care visits (%),%,64.5,,76.7,,-12.2
West Bengal,31,Mothers whose last birth was protected against neonatal tetanus 4 (%),%,96.2,,94.6,,1.6
West Bengal,32,Mothers who consumed iron folic acid for 100 days or more when they were pregnant (%),%,77.8,,62.5,,15.3
West Bengal,33,Mothers who consumed iron folic acid for 180 days or more when they were pregnant (%),%,50.3,,30.8,,19.5
West Bengal,34,Registered pregnancies for which the mother received a Mother and Child Protection (MCP),MCP,98.8,,98.4,,0.4
West Bengal,35,Institutional births (%),%,94.9,,91.7,,3.2
West Bengal,36,Institutional births in public facility (%),%,65.8,,72.4,,-6.6
West Bengal,37,Births attended by skilled health personnel5 (%),%,96.1,,94.1,,2.0
West Bengal,38,Births delivered by caesarean section (%),%,44.5,,32.6,,11.9
West Bengal,39,Births in a private health facility that were delivered by caesarean section (%),%,87.7,,82.7,,5.0
West Bengal,40,Births in a public health facility that were delivered by caesarean section (%),%,28.8,,22.9,,5.9
West Bengal,41,Mothers who received postnatal care from a doctor/nurse/LHV/ANM/midwife/other health,,81.2,,68.0,,13.2
West Bengal,42,Children born at home who were taken to a health facility for a check-up within 24 hours of,,21.3,,8.8,,12.5
West Bengal,43,Children who received postnatal care from a doctor/nurse/LHV/ANM/midwife/ other health,,87.5,,76.8,,10.7
West Bengal,44,Children age 12-23 months fully vaccinated based on information from either vaccination card or mother's recall6 (%),%,88.1,,88.2,,-0.1
West Bengal,45,Children age 12-23 months fully vaccinated based on information from vaccination card,,93.9,,90.8,,3.1
West Bengal,46,Children age 12-23 months who have received any vaccine (%),%,98.0,,99.2,,-1.2
West Bengal,47,Children age 12-23 months who have received BCG (%),%,97.3,,98.6,,-1.3
West Bengal,48,Children age 12-23 months who have received 3 doses of polio vaccine8 (%),%,88.7,,90.8,,-2.1
West Bengal,49,Children age 12-23 months who have received 3 doses of pentavalent vaccine (%),%,93.7,,95.3,,-1.6
West Bengal,50,Children age 12-23 months who have received the first dose of measles-containing,,95.3,,94.4,,0.9
West Bengal,51,Children age 24-35 months who have received a second dose of measles-containing,,86.2,,72.6,,13.6
West Bengal,52,Children age 12-23 months who have received birth dose of hepatitis B vaccine (%),%,89.0,,70.2,,18.8
West Bengal,53,Children age 12-23 months who have received 3 doses of rotavirus vaccine (%),%,92.3,,1.8,,90.5
West Bengal,54,Children age 9-35 months who received a vitamin A dose in the last 6 months (%),%,88.0,,68.4,,19.6
West Bengal,55,Children age 12-23 months who received most of their vaccinations in a public health,,98.7,,96.3,,2.4
West Bengal,56,Children age 12-23 months who received most of their vaccinations in a private health,,1.0,,2.5,,-1.5
West Bengal,57,Prevalence of diarrhoea in the 2 weeks preceding the survey (%),%,2.9,,6.5,,-3.6
West Bengal,58,Prevalence of severe diarrhoea in the 2 weeks preceding the survey (%),%,0.4,,0.9,,-0.5
West Bengal,59,Prevalence of symptoms of acute respiratory infection (ARI) in the 2 weeks preceding the,,2.4,,2.8,,-0.4
West Bengal,60,Children with fever or symptoms of ARI in the 2 weeks preceding the survey taken to a health,,68.4,,71.3,,-2.9
West Bengal,61,Children under age 3 years breastfed within one hour of birth 9 (%),%,50.0,,59.4,,-9.4
West Bengal,62,Children under age 6 months exclusively breastfed 10 (%),%,58.4,,53.3,,5.1
West Bengal,63,Children under age 6 months currently breastfeeding 10 (%),%,94.8,,92.6,,2.2
West Bengal,64,Children under age 6 months exclusively breastfed or breastfeeding and consuming plain,,84.2,,80.1,,4.1
West Bengal,65,Children age 6-8 months receiving solid or semi-solid food and breastmilk10 (%),%,62.7,,67.8,,-5.1
West Bengal,66,"Breastfeeding children age 6-23 months receiving an adequate diet10, 11 (%)",%,28.0,,23.3,,4.7
West Bengal,67,"Non-breastfeeding children age 6-23 months receiving an adequate diet10, 11 (%)",%,34.2,,17.0,,17.2
West Bengal,68,"Total children age 6-23 months receiving an adequate diet10, 11 (%)",%,28.3,,22.8,,5.5
West Bengal,69,Children under 5 years who are stunted (height-for-age)12 (%),%,22.4,,33.8,,-11.4
West Bengal,70,Children under 5 years who are wasted (weight-for-height)12 (%),%,20.3,,20.3,,0.0
West Bengal,71,Children under 5 years who are severely wasted (weight-for-height)13 (%),%,4.8,,7.1,,-2.3
West Bengal,72,Children under 5 years who are underweight (weight-for-age)12 (%),%,28.5,,32.2,,-3.7
West Bengal,73,Children under 5 years who are overweight (weight-for-height)14 (%),%,2.1,,4.3,,-2.2
West Bengal,74,Women whose Body Mass Index (BMI) is below normal (BMI <18.5 kg/m 2)15 (%),%,15.1,,14.8,,0.3
West Bengal,75,Men whose Body Mass Index (BMI) is below normal (BMI <18.5 kg/m 2) (%),%,18.3,,15.1,,3.2
West Bengal,76,Women who are overweight or obese (BMI ≥25.0 kg/m2)15 (%),%,34.6,,22.7,,11.9
West Bengal,77,Men who are overweight or obese (BMI ≥25.0 kg/m2) (%),%,24.5,,16.2,,8.3
West Bengal,78,Blood sugar level - high (141-160 mg/dl)16 (%),%,9.4,,8.9,,0.5
West Bengal,79,Blood sugar level - very high (>160 mg/dl)16 (%),%,12.1,,7.7,,4.4
West Bengal,80,Blood sugar level - high or very high (>140 mg/dl) or taking medicine to control blood,,22.7,,17.5,,5.2
West Bengal,81,Blood sugar level - high (141-160 mg/dl)16 (%),%,11.3,,10.8,,0.5
West Bengal,82,Blood sugar level - very high (>160 mg/dl)16 (%),%,14.3,,9.5,,4.8
West Bengal,83,Blood sugar level - high or very high (>140 mg/dl) or taking medicine to control blood,,26.8,,21.3,,5.5
West Bengal,84,Mildly elevated blood pressure (Systolic 140-159 mm of Hg and/or,,11.4,,11.5,,-0.1
West Bengal,85,Moderately or severely elevated blood pressure (Systolic ≥160 mm of Hg and/or,,5.2,,5.3,,-0.1
West Bengal,86,Elevated blood pressure (Systolic ≥140 mm of Hg and/or Diastolic ≥90 mm of Hg) or taking,,24.3,,20.5,,3.8
West Bengal,87,Mildly elevated blood pressure (Systolic 140-159 mm of Hg and/or,,13.2,,13.0,,0.2
West Bengal,88,Moderately or severely elevated blood pressure (Systolic ≥160 mm of Hg and/or,,3.5,,4.2,,-0.7
West Bengal,89,Elevated blood pressure (Systolic ≥140 mm of Hg and/or Diastolic ≥90 mm of Hg) or taking,,24.9,,20.1,,4.8
West Bengal,90,Currently married women who usually participate in three household decisions 17 (%),%,89.0,,88.9,,0.1
West Bengal,91,Women who worked in the last 12 months and were paid in cash (%),%,27.5,,20.2,,7.3
West Bengal,92,Women having a bank or savings account that they themselves use (%),%,95.3,,76.5,,18.8
West Bengal,93,Women having a mobile phone that they themselves use (%),%,65.1,,50.1,,15.0
West Bengal,94,Women age 15-24 years who use hygienic methods of protection during their menstrual,,88.8,,83.4,,5.4
West Bengal,95,Ever-married women age 18-49 years who have ever experienced spousal violence19 (%),%,19.0,,26.9,,-7.9
West Bengal,96,Ever-married women age 18-49 years who have experienced physical violence during any,,2.3,,3.5,,-1.2
West Bengal,97,Young women age 18-29 years who experienced sexual violence by age 18 (%),%,1.3,,2.2,,-0.9
West Bengal,98,Women age 15 years and above who use any kind of tobacco (%),%,11.2,,10.8,,0.4
West Bengal,99,Men age 15 years and above who use any kind of tobacco (%),%,46.2,,48.1,,-1.9
West Bengal,100,Women age 15 years and above who consume alcohol (%),%,0.8,,1.1,,-0.3
West Bengal,101,Men age 15 years and above who consume alcohol (%),%,16.0,,18.0,,-2.0
